server,registry,identifier,sdk_family,sdk_version,unknown_verdict,sdk_edge,sdk_resolved_version,version_source,resolution,package_version
ai.adeu/adeu,npm,@adeu/mcp-server,official-ts,^1.0.0,error-as-result,direct,1.30.1,cmd,depsdev,1.7.1
ai.aetherwealth/mcp,npm,@aetherwealth/mcp,none-handrolled,,pass,,,cmd,depsdev-no-sdk,0.2.0
ai.autonomad/computeback,npm,@autonomad1/computeback-mcp,official-ts,^1.12.0,error-as-result,direct,1.30.1,cmd,depsdev,1.1.3
ai.autonomad/travel,npm,autonomad-travel,official-ts,^1.12.0,error-as-result,direct,1.30.1,cmd,depsdev,1.4.0
ai.bolthub/mcp,npm,@bolthub/mcp,none-handrolled,,error-as-result,,,cmd,dev-only-sdk:official-ts,0.5.2
ai.bowmark/bowmark,pypi,bowmark-mcp,official-py,"<2,>=1.16",error-as-result,direct,1.30.0,cmd,depsdev,1.0.1
ai.callmcp/server,npm,@callmcp/server,official-ts,^1.29.0,error-as-result,direct,1.30.1,cmd,depsdev,0.1.2
ai.clarx/mcp,npm,@clarxai/mcp,official-ts,^1.12.0,error-as-result,direct,1.30.1,cmd,depsdev,0.2.1
ai.demomagic/interactive-video-guide,npm,@demomagic/mcp,official-ts,^1.29.0,error-as-result,direct,1.30.1,cmd,depsdev,0.1.0
ai.getoptimal/optibot,npm,@optimalai/optibot-mcp,official-ts,^1.7.0,error-as-result,direct,1.30.1,cmd,depsdev,1.4.1
ai.getvet/vet,npm,@getvetai/mcp,official-ts,^1.27.1,error-as-result,direct,1.30.1,cmd,depsdev,0.4.2
ai.imboard/dossier,npm,@ai-dossier/mcp-server,official-ts,^1.21.0,error-as-result,direct,1.30.1,cmd,depsdev,1.0.4
ai.kavel/kavel-mcp,npm,kavel-mcp,official-ts,^1.12.0,error-as-result,direct,1.30.1,cmd,depsdev,0.1.1
ai.kawacode/mcp,npm,@kawacode/mcp,official-ts,^1.0.0,pass,direct,1.30.1,cmd,depsdev,6.9.1
ai.keenable/web-search,npm,@keenable/mcp,official-ts,^1.12.0,error-as-result,direct,1.30.1,cmd,depsdev,0.1.0
ai.mcpcap/mcpcap,pypi,mcpcap,fastmcp-py,"<2.15.0,>=2.12.2",error-as-result,direct,2.14.7,cmd,depsdev,0.9.6
ai.meetlark/mcp-server,npm,@meetlark/mcp-server,official-ts,^1.26.0,error-as-result,direct,1.30.1,cmd,depsdev,1.0.3
ai.nocturnus/logic-server,npm,nocturnusai-mcp,official-ts,^1.0.4,warn,direct,1.30.1,cmd,depsdev,0.3.11
ai.nudg3/brand-intelligence,pypi,nudg3-mcp,fastmcp-py,>=2.0,error-as-result,direct,4.0.9,cmd,depsdev,1.1.0
ai.proxyllm/proxyllm-mcp,npm,proxyllm-mcp,official-ts,^1.12.0,error-as-result,direct,1.30.1,cmd,depsdev,1.0.2
ai.radmail/radmail-mcp,npm,radmail-mcp,official-ts,^1.12.0,error-as-result,direct,1.30.1,cmd,depsdev,0.3.2
withheld-414e849483c4,npm,withheld-414e849483c4,official-ts,^1.11.0,fail,direct,1.30.1,cmd,depsdev,
ai.ravenmcp/raven-mcp,npm,raven-mcp,official-ts,^1.12.1,error-as-result,direct,1.30.1,cmd,depsdev,1.3.3
ai.shipeasy/mcp,npm,@shipeasy/mcp,official-ts,^1.29.0,error-as-result,direct,1.30.1,cmd,depsdev,2.4.0
ai.snowsure/snow,npm,snowsure-mcp-server,official-ts,^1.0.0,warn,direct,1.30.1,cmd,depsdev,3.7.0
ai.spideriq/gate,npm,@spideriq/mcp-gate,official-ts,^1.0.0,pass,direct,1.30.1,cmd,depsdev,1.3.0
ai.spideriq/mail,npm,@spideriq/mcp-mail,official-ts,^1.0.0,pass,direct,1.30.1,cmd,depsdev,1.4.0
ai.spideriq/media,npm,@spideriq/mcp-media,official-ts,^1.0.0,pass,direct,1.30.1,cmd,depsdev,1.1.0
ai.spideriq/publish,npm,@spideriq/mcp-publish,official-ts,^1.0.0,pass,direct,1.30.1,cmd,depsdev,1.25.0
ai.ssid/ssid-mcp,npm,ssid-mcp,official-ts,^1.0.0,error-as-result,direct,1.30.1,cmd,depsdev,0.1.1
ai.synchronex/mcp-proxy,npm,@synchronex/mcp-proxy,official-ts,^1.29.0,error-as-result,direct,1.30.1,cmd,depsdev,1.0.1
ai.tensorfeed/mcp-server,npm,@tensorfeed/mcp-server,official-ts,^1.28.0,error-as-result,direct,1.30.1,cmd,depsdev,2.0.1
ai.tensorfeed/x402-base-mcp,npm,@tensorfeed/x402-base-mcp,official-ts,^1.0.0,error-as-result,direct,1.30.1,cmd,depsdev,0.2.1
withheld-fc61dd6677e9,npm,withheld-fc61dd6677e9,official-ts,^0.6.0,fail,direct,0.6.1,cmd,depsdev,
app.3dstreet/3dstreet,npm,3dstreet-mcp,none-handrolled,,warn,,,cmd,depsdev-no-sdk,0.2.2
app.cleanor/cleanor,npm,@cleanor/mcp,none-handrolled,,error-as-result,,,cmd,depsdev-no-sdk,0.6.1
app.percher/percher,npm,@percher/mcp,official-ts,^1.0.0,warn,direct,1.30.1,cmd,depsdev,0.6.15
app.takehub/mcp,npm,@takehub/mcp,official-ts,^1.12.1,error-as-result,direct,1.30.1,cmd,depsdev,1.1.2
app.trustrails/server,npm,@trustrails/mcp-server,official-ts,^1.25.1,error-as-result,direct,1.30.1,cmd,depsdev,1.0.7
ar.com.muovi/mcp-server,npm,@muovi/mcp-server,official-ts,^1.29.0,error-as-result,direct,1.30.1,cmd,depsdev,0.1.4
at.memebo/memeboat-mcp,npm,memeboat-mcp,official-ts,^1.12.1,error-as-result,direct,1.30.1,cmd,depsdev,0.3.0
bid.scope/aec,npm,@scope-bid/scope-aec-mcp,official-ts,^1.0.0,error-as-result,indirect,1.30.1,cmd,depsdev,1.0.6
bid.scope/claims,npm,@scope-bid/scope-claims-mcp,official-ts,^1.0.0,error-as-result,indirect,1.30.1,cmd,depsdev,1.0.6
bid.scope/legal,npm,@scope-bid/scope-mcp,official-ts,^1.0.0,error-as-result,indirect,1.30.1,cmd,depsdev,1.0.6
build.uplink/uplink,npm,@uplink-code/mcp,official-ts,^1.0.0,error-as-result,direct,1.30.1,cmd,depsdev,0.1.4
capital.hove/read-only-local-mysql-mcp-server,npm,@hovecapital/read-only-mysql-mcp-server,official-ts,^1.8.0,pass,direct,1.30.1,cmd,depsdev,0.1.1
capital.hove/read-only-local-postgres-mcp-server,npm,@hovecapital/read-only-postgres-mcp-server,official-ts,^1.8.0,pass,direct,1.30.1,cmd,depsdev,0.1.0
cloud.agentdomain/agentdomain-mcp,pypi,agentdomain-mcp,official-py,>=1.0.0,error-as-result,direct,2.2.0,cmd,depsdev,1.0.1
co.lovie/company-formation,npm,lovie,official-ts,^1.12.1,error-as-result,direct,1.30.1,cmd,depsdev,1.0.10
co.promptguard/security,pypi,promptguard-mcp-server,fastmcp-py,>=2.0.0,error-as-result,direct,4.0.9,cmd,depsdev,1.0.0
co.tempguru/event-staffing,npm,tempguru-mcp,none-handrolled,,error-as-result,,,cmd,depsdev-no-sdk,1.5.1
coffee.402/mcp,npm,402coffee-mcp,official-ts,^1.12.0,error-as-result,direct,1.30.1,cmd,depsdev,0.1.1
com.636865636b73756d/mcp-v1,npm,@636865636b73756d/mcp-v1,official-ts,^1.27.0,error-as-result,direct,1.30.1,cmd,depsdev,1.0.1
com.advisorfinder/mcp,pypi,advisorfinder-mcp,fastmcp-py,"<3.0,>=2.0",error-as-result,direct,2.14.7,cmd,depsdev,1.1.5
com.aioproductos/mcp-studio,npm,@aioproductoscom/mcp-studio,official-ts,^1.0.0,error-as-result,direct,1.30.1,cmd,depsdev,0.1.0
com.b20check/b20check,npm,b20check-mcp,official-ts,^1.29.0,error-as-result,direct,1.30.1,cmd,depsdev,0.1.1
com.beacio/mcp,npm,@beacio/mcp,official-ts,^1.29.0,error-as-result,direct,1.30.1,cmd,depsdev,1.0.1
com.bellwethermetrics/bellwether-mcp,npm,bellwether-mcp,official-ts,^1.12.1,error-as-result,direct,1.30.1,cmd,depsdev,0.1.0
com.blackduck/mcp-server,npm,@black-duck/mcp-server,official-ts,1.29.0,error-as-result,direct,1.29.0,cmd,depsdev,1.1.8
com.braincloudservers/braincloud-mcp-helper,npm,@braincloud/mcp-helper,official-ts,^1.12.0,error-as-result,direct,1.30.1,cmd,depsdev,6.0.0
com.bykaranteli/mcp,npm,bykaranteli-mcp,official-ts,^1.12.0,error-as-result,direct,1.30.1,cmd,depsdev,0.1.1
com.chartforgeai/chartforge,npm,chartforge-mcp,official-ts,^1.12.1,error-as-result,direct,1.30.1,cmd,depsdev,0.1.4
com.codmir/mcp,npm,@codmir/mcp,official-ts,^1.0.0,error-as-result,direct,1.30.1,cmd,depsdev,0.2.3
com.datanexusmcp/mcp-server,npm,@datanexusmcp/mcp-server,none-handrolled,,error-as-result,,,cmd,depsdev-no-sdk,2.4.12
com.debugbundle/mcp,npm,@debugbundle/mcp,none-handrolled,,pass,,,cmd,depsdev-no-sdk,1.7.0
withheld-67c85a2c7fb0,npm,withheld-67c85a2c7fb0,official-ts,^1.0.4,error-as-result,direct,1.30.1,cmd,depsdev,
com.dmzagent/skill-builder-mcp,npm,@dmzagent/skill-builder-mcp,official-ts,^1.12.0,error-as-result,direct,1.30.1,cmd,depsdev,1.0.1
com.docfork/docfork-mcp,npm,docfork,official-ts,1.25.2,error-as-result,direct,1.25.2,cmd,depsdev,1.3.0
com.dpf-it/mcp-server,npm,@dpf-it/mcp-server,official-ts,^1.12.0,error-as-result,direct,1.30.1,cmd,depsdev,0.1.4
com.driflyte/driflyte-mcp-server,npm,@driflyte/mcp-server,official-ts,^1.17.1,pass,direct,1.30.1,cmd,depsdev,0.1.15
com.easyonward/mcp-server,npm,@easyonward/mcp-server,official-ts,^1.29.0,error-as-result,direct,1.30.1,cmd,depsdev,0.2.0
com.exactpdf/mcp,npm,@exactpdf/mcp,official-ts,^1.29.0,error-as-result,direct,1.30.1,cmd,depsdev,0.2.3
com.exploit-intel/eip-mcp,pypi,eip-mcp,official-py,>=1.23.0,error-as-result,direct,2.2.0,cmd,depsdev,0.3.9
com.extentos/mcp-server,npm,@extentos/mcp-server,official-ts,^1.0.0,error-as-result,direct,1.30.1,cmd,depsdev,0.11.0
com.fiatdock/fiatdock-mcp,npm,fiatdock-mcp,official-ts,^1.0.0,error-as-result,direct,1.30.1,cmd,depsdev,1.2.0
com.fidacy/mcp,npm,@fidacy/mcp,official-ts,^1.29.0,error-as-result,direct,1.30.1,cmd,depsdev,0.2.1
com.fidensa/mcp-server,npm,@fidensa/mcp-server,official-ts,^1.27.0,error-as-result,direct,1.30.1,cmd,depsdev,0.4.1
com.files/python-mcp,pypi,files-com-mcp,fastmcp-py,==3.2.4,error-as-result,direct,3.2.4,cmd,depsdev,1.0.74
com.get-obra/obra-cfo,npm,obra-cfo,official-ts,1.29.0,error-as-result,direct,1.29.0,cmd,depsdev,0.1.1
com.get-obra/obra-cto,npm,obra-cto,official-ts,1.29.0,error-as-result,direct,1.29.0,cmd,depsdev,0.3.0
com.gitscrum/mcp,npm,@gitscrum-studio/mcp-server,official-ts,^1.0.0,error-as-result,direct,1.30.1,cmd,depsdev,1.0.2
com.gradusmusic/notation,npm,@gradusmusic/notation-mcp,official-ts,^1.0.0,error-as-result,direct,1.30.1,cmd,depsdev,0.2.2
com.graneth/mcp-server,npm,@graneth/mcp-server,official-ts,^1.29.0,error-as-result,direct,1.30.1,cmd,depsdev,0.6.0
com.granoflow/mcp-server,npm,@granoflow/mcp-server,official-ts,^1.29.0,error-as-result,direct,1.30.1,cmd,depsdev,0.1.15
withheld-be0b8915c908,npm,withheld-be0b8915c908,unknown,,error-as-result,,,cmd,no-graph,
com.hub-equity/hub-equity-mcp,pypi,hub-equity-mcp,official-py,>=1.2.0,error-as-result,direct,2.2.0,cmd,depsdev,1.0.1
com.ibitlabs.www/ibitlabs-mcp,npm,ibitlabs-mcp,official-ts,^1.0.0,error-as-result,direct,1.30.1,cmd,depsdev,0.2.2
com.kage-core/kage,npm,@kage-core/kage-graph-mcp,official-ts,^1.10.2,warn,direct,1.30.1,cmd,depsdev,2.3.0
com.keyboardcrumbs/mcp,pypi,keyboardcrumbs-mcp,official-py,>=1.2.0,error-as-result,direct,2.2.0,cmd,depsdev,1.0.1
com.kiprio/kiprio-mcp,pypi,kiprio-mcp,official-py,>=1.0.0,error-as-result,direct,2.2.0,cmd,depsdev,0.2.8
withheld-72381343cca2,pypi,withheld-72381343cca2,none-handrolled,,fail,,,cmd,depsdev-no-sdk,
com.le-teen/college-roi-mcp,npm,college-roi-mcp,official-ts,^1.12.0,error-as-result,direct,1.30.1,cmd,depsdev,1.0.1
com.limzo/telegram-group-stats,npm,limzo-mcp,none-handrolled,,pass,,,cmd,depsdev-no-sdk,1.2.0
com.lyrenth/lyrenth-mcp,npm,lyrenth-mcp,official-ts,^1.0.0,error-as-result,direct,1.30.1,cmd,depsdev,0.1.4
com.mcparmory/agentql,pypi,mcparmory-agentql,fastmcp-py,>=3.2.4,error-as-result,direct,4.0.9,cmd,depsdev,1.0.8
com.mcparmory/ahrefs,pypi,mcparmory-ahrefs,fastmcp-py,>=3.2.4,error-as-result,direct,4.0.9,cmd,depsdev,1.0.3
com.mcparmory/airtable,pypi,mcparmory-airtable,fastmcp-py,>=3.2.4,error-as-result,direct,4.0.9,cmd,depsdev,1.0.3
com.mcparmory/alchemy-nft,pypi,mcparmory-alchemy-nft,fastmcp-py,>=3.2.4,error-as-result,direct,4.0.9,cmd,depsdev,1.0.3
com.mcparmory/algolia-search,pypi,mcparmory-algolia-search,fastmcp-py,>=3.2.4,error-as-result,direct,4.0.9,cmd,depsdev,1.0.11
com.mcparmory/alpha-vantage,pypi,mcparmory-alpha-vantage,fastmcp-py,>=3.2.4,error-as-result,direct,4.0.9,cmd,depsdev,1.0.3
com.mcparmory/apify,pypi,mcparmory-apify,fastmcp-py,>=3.2.4,error-as-result,direct,4.0.9,cmd,depsdev,1.0.5
com.mcparmory/apollo,pypi,mcparmory-apollo,fastmcp-py,>=3.2.4,error-as-result,direct,4.0.9,cmd,depsdev,1.0.4
com.mcparmory/asana,pypi,mcparmory-asana,fastmcp-py,>=3.2.4,error-as-result,direct,4.0.9,cmd,depsdev,1.0.5
com.mcparmory/atlassian-confluence,pypi,mcparmory-atlassian-confluence,fastmcp-py,>=3.2.4,error-as-result,direct,4.0.9,cmd,depsdev,1.0.8
com.mcparmory/atlassian-jira,pypi,mcparmory-atlassian-jira,fastmcp-py,>=3.2.4,error-as-result,direct,4.0.9,cmd,depsdev,1.0.3
com.mcparmory/bamboohr,pypi,mcparmory-bamboohr,fastmcp-py,>=3.2.4,error-as-result,direct,4.0.9,cmd,depsdev,1.0.6
com.mcparmory/bitbucket,pypi,mcparmory-bitbucket,fastmcp-py,>=3.2.4,error-as-result,direct,4.0.9,cmd,depsdev,1.0.5
com.mcparmory/box,pypi,mcparmory-box,fastmcp-py,>=3.2.4,error-as-result,direct,4.0.9,cmd,depsdev,1.0.5
com.mcparmory/browserbase,pypi,mcparmory-browserbase,fastmcp-py,>=3.2.4,error-as-result,direct,4.0.9,cmd,depsdev,1.0.4
com.mcparmory/builtwith,pypi,mcparmory-builtwith,fastmcp-py,>=3.2.4,error-as-result,direct,4.0.9,cmd,depsdev,1.0.3
com.mcparmory/canva,pypi,mcparmory-canva,fastmcp-py,>=3.2.4,error-as-result,direct,4.0.9,cmd,depsdev,1.0.5
com.mcparmory/canvas,pypi,mcparmory-canvas,fastmcp-py,>=3.2.4,error-as-result,direct,4.0.9,cmd,depsdev,1.0.3
com.mcparmory/circleci,pypi,mcparmory-circleci,fastmcp-py,>=3.2.4,error-as-result,direct,4.0.9,cmd,depsdev,1.0.4
com.mcparmory/clickup,pypi,mcparmory-clickup,fastmcp-py,>=3.2.4,error-as-result,direct,4.0.9,cmd,depsdev,1.0.4
com.mcparmory/codacy,pypi,mcparmory-codacy,fastmcp-py,>=3.2.4,error-as-result,direct,4.0.9,cmd,depsdev,1.0.3
com.mcparmory/contentful-management,pypi,mcparmory-contentful-management,fastmcp-py,>=3.2.4,error-as-result,direct,4.0.9,cmd,depsdev,1.0.3
com.mcparmory/convertapi,pypi,mcparmory-convertapi,fastmcp-py,>=3.2.4,error-as-result,direct,4.0.9,cmd,depsdev,1.0.4
com.mcparmory/customerio-journeys-track,pypi,mcparmory-customerio-journeys-track,fastmcp-py,>=3.2.4,error-as-result,direct,4.0.9,cmd,depsdev,1.0.5
com.mcparmory/datadog,pypi,mcparmory-datadog,fastmcp-py,>=3.2.4,error-as-result,direct,4.0.9,cmd,depsdev,1.0.3
com.mcparmory/e2b,pypi,mcparmory-e2b,fastmcp-py,>=3.2.4,error-as-result,direct,4.0.9,cmd,depsdev,1.0.5
com.mcparmory/elevenlabs,pypi,mcparmory-elevenlabs,fastmcp-py,>=3.2.4,error-as-result,direct,4.0.9,cmd,depsdev,1.0.3
com.mcparmory/figma,pypi,mcparmory-figma,fastmcp-py,>=3.2.4,error-as-result,direct,4.0.9,cmd,depsdev,1.0.6
com.mcparmory/files-com,pypi,mcparmory-files-com,fastmcp-py,>=3.2.4,error-as-result,direct,4.0.9,cmd,depsdev,1.0.3
com.mcparmory/firecrawl,pypi,mcparmory-firecrawl,fastmcp-py,>=3.2.4,error-as-result,direct,4.0.9,cmd,depsdev,1.0.3
com.mcparmory/github,pypi,mcparmory-github,fastmcp-py,>=3.2.4,error-as-result,direct,4.0.9,cmd,depsdev,1.0.6
com.mcparmory/gitlab,pypi,mcparmory-gitlab,fastmcp-py,>=3.2.4,error-as-result,direct,4.0.9,cmd,depsdev,1.0.3
com.mcparmory/globalping,pypi,mcparmory-globalping,fastmcp-py,>=3.2.4,error-as-result,direct,4.0.9,cmd,depsdev,1.0.3
com.mcparmory/google-analytics,pypi,mcparmory-google-analytics,fastmcp-py,>=3.2.4,error-as-result,direct,4.0.9,cmd,depsdev,1.0.3
com.mcparmory/google-drive,pypi,mcparmory-google-drive,fastmcp-py,>=3.2.4,error-as-result,direct,4.0.9,cmd,depsdev,1.0.2
com.mcparmory/google-gmail,pypi,mcparmory-google-gmail,fastmcp-py,>=3.2.4,error-as-result,direct,4.0.9,cmd,depsdev,1.0.4
com.mcparmory/google-maps,pypi,mcparmory-google-maps,fastmcp-py,>=3.2.4,error-as-result,direct,4.0.9,cmd,depsdev,1.0.3
com.mcparmory/google-search,pypi,mcparmory-google-search,fastmcp-py,>=3.2.4,error-as-result,direct,4.0.9,cmd,depsdev,1.0.2
com.mcparmory/google-search-console,pypi,mcparmory-google-search-console,fastmcp-py,>=3.2.4,error-as-result,direct,4.0.9,cmd,depsdev,1.0.3
com.mcparmory/google-sheets,pypi,mcparmory-google-sheets,fastmcp-py,>=3.2.4,error-as-result,direct,4.0.9,cmd,depsdev,1.0.3
com.mcparmory/grafana,pypi,mcparmory-grafana,fastmcp-py,>=3.2.4,error-as-result,direct,4.0.9,cmd,depsdev,1.0.3
com.mcparmory/ip2location-geolocation,pypi,mcparmory-ip2location-geolocation,fastmcp-py,>=3.2.4,error-as-result,direct,4.0.9,cmd,depsdev,1.0.3
com.mcparmory/klaviyo,pypi,mcparmory-klaviyo,fastmcp-py,>=3.2.4,error-as-result,direct,4.0.9,cmd,depsdev,1.0.3
com.mcparmory/launchdarkly,pypi,mcparmory-launchdarkly,fastmcp-py,>=3.2.4,error-as-result,direct,4.0.9,cmd,depsdev,1.0.4
com.mcparmory/linkly,pypi,mcparmory-linkly,fastmcp-py,>=3.2.4,error-as-result,direct,4.0.9,cmd,depsdev,1.0.3
com.mcparmory/linkup,pypi,mcparmory-linkup,fastmcp-py,>=3.2.4,error-as-result,direct,4.0.9,cmd,depsdev,1.0.2
com.mcparmory/mailersend,pypi,mcparmory-mailersend,fastmcp-py,>=3.2.4,error-as-result,direct,4.0.9,cmd,depsdev,1.0.2
com.mcparmory/mailtrap,pypi,mcparmory-mailtrap,fastmcp-py,>=3.2.4,error-as-result,direct,4.0.9,cmd,depsdev,1.0.2
com.mcparmory/miro,pypi,mcparmory-miro,fastmcp-py,>=3.2.4,error-as-result,direct,4.0.9,cmd,depsdev,1.0.2
com.mcparmory/mixpanel,pypi,mcparmory-mixpanel,fastmcp-py,>=3.2.4,error-as-result,direct,4.0.9,cmd,depsdev,1.0.2
com.mcparmory/netlicensing,pypi,mcparmory-netlicensing,fastmcp-py,>=3.2.4,error-as-result,direct,4.0.9,cmd,depsdev,1.0.2
com.mcparmory/opencage-geocoding,pypi,mcparmory-opencage-geocoding,fastmcp-py,>=3.2.4,error-as-result,direct,4.0.9,cmd,depsdev,1.0.2
com.mcparmory/outline,pypi,mcparmory-outline,fastmcp-py,>=3.2.4,error-as-result,direct,4.0.9,cmd,depsdev,1.0.2
com.mcparmory/pagerduty,pypi,mcparmory-pagerduty,fastmcp-py,>=3.2.4,error-as-result,direct,4.0.9,cmd,depsdev,1.0.2
com.mcparmory/parallel,pypi,mcparmory-parallel,fastmcp-py,>=3.2.4,error-as-result,direct,4.0.9,cmd,depsdev,1.0.2
com.mcparmory/pdfco,pypi,mcparmory-pdfco,fastmcp-py,>=3.2.4,error-as-result,direct,4.0.9,cmd,depsdev,1.0.2
com.mcparmory/perigon,pypi,mcparmory-perigon,fastmcp-py,>=3.2.4,error-as-result,direct,4.0.9,cmd,depsdev,1.0.3
com.mcparmory/perplexity,pypi,mcparmory-perplexity,fastmcp-py,>=3.2.4,error-as-result,direct,4.0.9,cmd,depsdev,1.0.2
com.mcparmory/pinecone,pypi,mcparmory-pinecone,fastmcp-py,>=3.2.4,error-as-result,direct,4.0.9,cmd,depsdev,1.0.2
com.mcparmory/polygon,pypi,mcparmory-polygon,fastmcp-py,>=3.2.4,error-as-result,direct,4.0.9,cmd,depsdev,1.0.2
com.mcparmory/posthog,pypi,mcparmory-posthog,fastmcp-py,>=3.2.4,error-as-result,direct,4.0.9,cmd,depsdev,1.0.5
com.mcparmory/postman,pypi,mcparmory-postman,fastmcp-py,>=3.2.4,error-as-result,direct,4.0.9,cmd,depsdev,1.0.2
com.mcparmory/postmark,pypi,mcparmory-postmark,fastmcp-py,>=3.2.4,error-as-result,direct,4.0.9,cmd,depsdev,1.0.2
com.mcparmory/ragie,pypi,mcparmory-ragie,fastmcp-py,>=3.2.4,error-as-result,direct,4.0.9,cmd,depsdev,1.0.2
com.mcparmory/ramp,pypi,mcparmory-ramp,fastmcp-py,>=3.2.4,error-as-result,direct,4.0.9,cmd,depsdev,1.0.2
com.mcparmory/replicate,pypi,mcparmory-replicate,fastmcp-py,>=3.2.4,error-as-result,direct,4.0.9,cmd,depsdev,1.0.2
com.mcparmory/resend,pypi,mcparmory-resend,fastmcp-py,>=3.2.4,error-as-result,direct,4.0.9,cmd,depsdev,1.0.2
com.mcparmory/rootly,pypi,mcparmory-rootly,fastmcp-py,>=3.2.4,error-as-result,direct,4.0.9,cmd,depsdev,1.0.5
com.mcparmory/runpod,pypi,mcparmory-runpod,fastmcp-py,>=3.2.4,error-as-result,direct,4.0.9,cmd,depsdev,1.0.1
com.mcparmory/scrapingant,pypi,mcparmory-scrapingant,fastmcp-py,>=3.2.4,error-as-result,direct,4.0.9,cmd,depsdev,1.0.1
com.mcparmory/semrush-appcenter,pypi,mcparmory-semrush-appcenter,fastmcp-py,>=3.2.4,error-as-result,direct,4.0.9,cmd,depsdev,1.0.2
com.mcparmory/sentry,pypi,mcparmory-sentry,fastmcp-py,>=3.2.4,error-as-result,direct,4.0.9,cmd,depsdev,1.0.2
com.mcparmory/shopify-admin,pypi,mcparmory-shopify-admin,fastmcp-py,>=3.2.4,error-as-result,direct,4.0.9,cmd,depsdev,1.0.3
com.mcparmory/shortcut,pypi,mcparmory-shortcut,fastmcp-py,>=3.2.4,error-as-result,direct,4.0.9,cmd,depsdev,1.0.2
com.mcparmory/slack,pypi,mcparmory-slack,fastmcp-py,>=3.2.4,error-as-result,direct,4.0.9,cmd,depsdev,1.0.1
com.memotrader/mcp,npm,memotrader-mcp,official-ts,^1.0.0,error-as-result,direct,1.30.1,cmd,depsdev,0.1.0
com.merchinary/docs,npm,@merchinary/docs-mcp,official-ts,^1.29.0,error-as-result,direct,1.30.1,cmd,depsdev,0.1.1
com.metricspot/seo-mcp,npm,@metricspot/mcp-server,official-ts,^1.0.4,error-as-result,direct,1.30.1,cmd,depsdev,0.1.1
com.mireye/earth,pypi,mireye-mcp,official-py,"<2.0,>=1.27.2",error-as-result,direct,1.30.0,cmd,depsdev,0.2.0
com.modelpricewatch/mcp,npm,@modelpricewatch/mcp,none-handrolled,,error-as-result,,,cmd,depsdev-no-sdk,1.0.0
withheld-50bfc1093141,pypi,withheld-50bfc1093141,official-py,>=1.0,fail,direct,2.2.0,cmd,depsdev,
com.murphys-laws/murphys-laws,npm,murphys-laws-mcp,official-ts,^1.12.1,error-as-result,direct,1.30.1,cmd,depsdev,1.2.1
com.mylinedchart/chart-context,npm,@mylinedchart/mcp-chart-context,official-ts,^1.29.0,error-as-result,direct,1.30.1,cmd,depsdev,0.1.1
com.mythsensus/mythsensus-mcp,npm,mythsensus-mcp,official-ts,^1.0.0,error-as-result,direct,1.30.1,cmd,depsdev,0.2.1
com.nautaai/holster-mcp,pypi,holster-mcp,official-py,"<1.28,>=1.27",error-as-result,direct,1.27.2,cmd,depsdev,0.1.1
com.olane/copass-local,pypi,olane-copass-local,fastmcp-py,>=2.0.0,error-as-result,direct,4.0.9,cmd,depsdev,0.3.2
com.ou-reports/just-signal,npm,just-signal-mcp,official-ts,^1.0.0,error-as-result,direct,1.30.1,cmd,depsdev,1.2.0
com.overlayqa/mcp,npm,@overlayqa/mcp,official-ts,^1.29.0,error-as-result,direct,1.30.1,cmd,depsdev,0.1.7
com.pdfgate/mcp-server,npm,@pdfgate/mcp-server,official-ts,^1.29.0,error-as-result,direct,1.30.1,cmd,depsdev,1.0.1
com.peeptrend/youtube-gaming-trend-finder,npm,peeptrend-mcp,official-ts,^1.29.0,error-as-result,direct,1.30.1,cmd,depsdev,0.1.2
com.phasefolio/phasefolio,npm,@phasefolio/mcp,none-handrolled,,pass,,,cmd,depsdev-no-sdk,0.1.4
com.prereason/mcp,npm,@prereason/mcp,official-ts,1.27.1,error-as-result,direct,1.27.1,cmd,depsdev,0.1.13
com.printyourduck/quote,npm,@printyourduck/mcp,official-ts,1.29.0,error-as-result,direct,1.29.0,cmd,depsdev,0.1.1
com.promptibus/mcp,npm,@promptibus/mcp,official-ts,^1.12.0,error-as-result,direct,1.30.1,cmd,depsdev,0.9.0
com.pulsemcp/google-flights,npm,google-flights-mcp-server,official-ts,^1.29.0,warn,direct,1.30.1,cmd,depsdev,0.2.6
com.pulsemcp/image-diff,npm,@pulsemcp/image-diff-mcp-server,official-ts,^1.29.0,warn,direct,1.30.1,cmd,depsdev,0.1.3
com.pulsemcp/monarch-money,npm,monarch-money-mcp-server,official-ts,^1.29.0,warn,direct,1.30.1,cmd,depsdev,0.0.13
com.pulsemcp/playwright-stealth,npm,playwright-stealth-mcp-server,official-ts,^1.29.0,warn,direct,1.30.1,cmd,depsdev,0.2.3
com.pulsemcp/pointsyeah,npm,pointsyeah-mcp-server,official-ts,^1.29.0,warn,direct,1.30.1,cmd,depsdev,0.2.9
com.pulsemcp/pulse-fetch,npm,@pulsemcp/pulse-fetch,official-ts,^1.29.0,warn,direct,1.30.1,cmd,depsdev,0.3.3
com.pulsemcp/svg-tracer,npm,@pulsemcp/svg-tracer-mcp-server,official-ts,^1.29.0,warn,direct,1.30.1,cmd,depsdev,0.1.3
com.quanttogo/quanttogo-mcp,npm,quanttogo-mcp,official-ts,^1.27.1,error-as-result,direct,1.30.1,cmd,depsdev,0.2.2
com.random-profiles/mcp,npm,random-profiles-mcp,official-ts,^1.29.0,error-as-result,direct,1.30.1,cmd,depsdev,1.4.3
com.savvly/savvly,npm,@savvly/mcp-server,official-ts,^1.12.0,error-as-result,direct,1.30.1,cmd,depsdev,1.0.80
com.scopeblind/verify-mcp,npm,@scopeblind/verify-mcp,official-ts,^1.27.1,error-as-result,direct,1.30.1,cmd,depsdev,0.1.3
com.scriptivox.www/transcription,npm,@scriptivox/mcp-server,official-ts,^1.12.1,error-as-result,direct,1.30.1,cmd,depsdev,1.1.3
com.seanwinslow/intent-engineering,npm,@swins/intent-engineering-mcp,official-ts,1.29.0,error-as-result,direct,1.29.0,cmd,depsdev,0.2.0
com.seanwinslow/vault-knowledge,npm,@swins/vault-knowledge-mcp,official-ts,1.29.0,error-as-result,direct,1.29.0,cmd,depsdev,0.1.0
com.servicialo/mcp-server,npm,@servicialo/mcp-server,official-ts,^1.12.1,error-as-result,direct,1.30.1,cmd,depsdev,0.9.0
com.shipstatic/mcp,npm,@shipstatic/mcp,official-ts,^1.29.0,error-as-result,direct,1.30.1,cmd,depsdev,0.6.0
com.slickfast/mcp,npm,@slickfast/mcp,official-ts,^1.18.0,error-as-result,direct,1.30.1,cmd,depsdev,0.7.12
com.smartbear/smartbear-mcp,npm,@smartbear/mcp,official-ts,^1.27.1,error-as-result,direct,1.30.1,cmd,depsdev,0.29.0
com.star-meet/mcp-starmeet,npm,@edestory/mcp-starmeet,official-ts,^1.0.0,pass,direct,1.30.1,cmd,depsdev,1.2.1
com.toutcreer/finoptima,npm,finoptima,official-ts,^1.0.0,error-as-result,direct,1.30.1,cmd,depsdev,1.3.1
com.tradallo/reputation,npm,@tradallo/reputation,official-ts,^1.0.0,error-as-result,direct,1.30.1,cmd,depsdev,0.3.3
withheld-59a16496caa4,npm,withheld-59a16496caa4,official-ts,^1.29.0,error-as-result,direct,1.30.1,cmd,depsdev,
com.uicockpit/mcp,npm,uicockpit-mcp,official-ts,^1.29.0,error-as-result,direct,1.30.1,cmd,depsdev,0.5.1
com.ustaxrecords/tax-sales,npm,ustaxrecords-mcp,official-ts,^1.0.0,error-as-result,direct,1.30.1,cmd,depsdev,0.1.0
com.verifiedsupplementdata/supplement-advisor-mcp,npm,supplement-advisor-mcp,official-ts,^1.12.1,error-as-result,direct,1.30.1,cmd,depsdev,1.1.0
com.vp0/vp0-mcp,npm,vp0-mcp,official-ts,^1.12.0,error-as-result,direct,1.30.1,cmd,depsdev,0.1.1
com.worldcitisim/mcp-esim,npm,@worldcitisim/mcp-esim,official-ts,^1.0.0,error-as-result,direct,1.30.1,cmd,depsdev,0.2.2
com.wrapper-agency.parsedoc/parser,npm,parsedoc-mcp,official-ts,^1.0.0,error-as-result,direct,1.30.1,cmd,depsdev,0.1.2
com.x402-list/x402-list-mcp,npm,x402-list-mcp,official-ts,1.29.0,error-as-result,direct,1.29.0,cmd,depsdev,0.2.2
dev.agentbrush/mcp-server,npm,@agentbrush/mcp-server,official-ts,^1.27.0,error-as-result,direct,1.30.1,cmd,depsdev,1.1.1
dev.aicommander/mcp,npm,@aicommander/mcp,official-ts,1.29.0,error-as-result,direct,1.29.0,cmd,depsdev,1.0.17
dev.avakit/avalanche,npm,@avakit/mcp,official-ts,1.29.0,error-as-result,direct,1.29.0,cmd,depsdev,0.1.25
dev.ctxfile/ctxfile,npm,ctxfile,official-ts,^1.29.0,error-as-result,direct,1.30.1,cmd,depsdev,0.3.1
dev.cz-agents/cnb,npm,@czagents/cnb,official-ts,^1.10.0,error-as-result,direct,1.30.1,cmd,depsdev,0.1.5
dev.cz-agents/payqr,npm,@czagents/payqr,official-ts,^1.10.0,error-as-result,direct,1.30.1,cmd,depsdev,0.1.4
dev.depscope/mcp,npm,depscope-mcp,official-ts,^1.29.0,error-as-result,direct,1.30.1,cmd,depsdev,0.9.0
dev.e18e/e18e,npm,@e18e/mcp,none-handrolled,,error-as-result,,,cmd,depsdev-no-sdk,0.0.9
dev.flarelink/mcp,npm,@flarelink/mcp,official-ts,^1.29.0,error-as-result,direct,1.30.1,cmd,depsdev,0.1.2
dev.forgesworn/402-mcp,npm,402-mcp,official-ts,^1.26.0,error-as-result,direct,1.30.1,cmd,depsdev,3.15.2
dev.forgesworn/rendezvous-mcp,npm,rendezvous-mcp,official-ts,^1.26.0,error-as-result,direct,1.30.1,cmd,depsdev,1.1.3
dev.humanforai/humanforai,npm,humanforai,official-ts,^1.29.0,error-as-result,direct,1.30.1,cmd,depsdev,0.1.4
dev.madtaco/mcp,npm,@madtaco/mcp,official-ts,^1.12.0,error-as-result,direct,1.30.1,cmd,depsdev,1.1.0
dev.mcpfinder/server,npm,@mcpfinder/server,official-ts,^1.13.0,error-as-result,direct,1.30.1,cmd,depsdev,1.1.0
dev.multimail/mcp-server,npm,@multimail/mcp-server,official-ts,^1.29.0,error-as-result,direct,1.30.1,cmd,depsdev,0.13.0
dev.nakodo/nakodo,npm,nakodo,official-ts,^1.17.0,error-as-result,direct,1.30.1,cmd,depsdev,0.2.3
dev.openfeature/mcp,npm,@openfeature/mcp,official-ts,^1.29.0,error-as-result,direct,1.30.1,cmd,depsdev,0.0.22
dev.prismism/mcp,npm,@prismism/mcp-server,official-ts,^1.27.1,error-as-result,direct,1.30.1,cmd,depsdev,0.2.2
dev.quantrisk/mcp-server,npm,@quantrisk/mcp-server,official-ts,^1.12.0,error-as-result,direct,1.30.1,cmd,depsdev,1.0.2
dev.satrank/mcp,npm,satrank-mcp,official-ts,^1.29.0,error-as-result,direct,1.30.1,cmd,depsdev,1.0.1
dev.sexai/sexai-mcp,npm,sexai-mcp,official-ts,^1.0.0,error-as-result,direct,1.30.1,cmd,depsdev,0.11.7
dev.smartergpt/lex,npm,@smartergpt/lex-mcp,none-handrolled,,warn,,,cmd,depsdev-no-sdk,2.10.0
dev.svelte/mcp,npm,@sveltejs/mcp,none-handrolled,,error-as-result,,,cmd,depsdev-no-sdk,0.1.25
dev.true402/mcp-server,npm,@true402.dev/mcp-server,official-ts,^1.12.1,error-as-result,direct,1.30.1,cmd,depsdev,1.0.3
dev.yafl/mcp,npm,@yafldev/mcp,official-ts,1.29.0,error-as-result,direct,1.29.0,cmd,depsdev,0.1.0
digital.shineup/appcn,npm,@app-cn/mcp,official-ts,^1.29.0,error-as-result,direct,1.30.1,cmd,depsdev,0.1.2
es.ofixio/professionals,npm,ofixio-mcp,official-ts,^1.0.0,warn,direct,1.30.1,cmd,depsdev,1.0.2
eu.metaengine/mcp-server,npm,@metaengine/mcp-server,official-ts,^1.0.0,error-as-result,direct,1.30.1,cmd,depsdev,1.4.1
eu.regulatoryai/sovereign-ai-act-mcp,npm,sovereign-ai-act-mcp,official-ts,^1.0.0,error-as-result,direct,1.30.1,cmd,depsdev,1.2.0
eu.tracepass/tracepass,npm,tracepass-mcp-server,official-ts,1.29.0,error-as-result,direct,1.29.0,cmd,depsdev,1.5.0
exchange.merx/mcp,npm,merx-mcp,none-handrolled,,pass,,,cmd,depsdev-no-sdk,1.0.5
finance.orbt/intelligence,npm,@orbt-finance/mcp-server,official-ts,^1.20.2,pass,direct,1.30.1,cmd,depsdev,3.2.3
gg.batru/batru-mcp,pypi,batru-mcp,official-py,>=1.2.0,error-as-result,direct,2.2.0,cmd,depsdev,0.2.1
gl.parse/mcp,npm,@parse-gl/mcp,none-handrolled,,warn,,,cmd,depsdev-no-sdk,1.0.0
in.flowgraf/flowgraf,npm,flowgraf-mcp,official-ts,1.26.0,error-as-result,direct,1.26.0,cmd,depsdev,0.1.2
io.agentage/find-mcp,npm,@agentage/find-mcp,official-ts,^1.29.0,error-as-result,direct,1.30.1,cmd,depsdev,0.1.2
io.allourthings/mcp-server,npm,@allourthings/mcp-server,official-ts,^1.27.1,warn,direct,1.30.1,cmd,depsdev,0.2.0
io.ausdata/abs-mcp,pypi,abs-mcp,fastmcp-py,"<4,>=2.0",error-as-result,direct,3.4.7,cmd,depsdev,0.13.3
io.ausdata/aemo-mcp,pypi,aemo-mcp,fastmcp-py,"<4,>=2.0",error-as-result,direct,3.4.7,cmd,depsdev,0.4.15
io.ausdata/aihw-mcp,pypi,aihw-mcp,fastmcp-py,"<4,>=2.0",error-as-result,direct,3.4.7,cmd,depsdev,0.4.18
io.ausdata/apra-mcp,pypi,apra-mcp,fastmcp-py,"<4,>=2.0",error-as-result,direct,3.4.7,cmd,depsdev,0.8.21
io.ausdata/asic-mcp,pypi,asic-mcp,fastmcp-py,"<4,>=2.0",error-as-result,direct,3.4.7,cmd,depsdev,0.6.18
io.ausdata/ato-mcp,pypi,ato-mcp,fastmcp-py,"<4,>=2.0",error-as-result,direct,3.4.7,cmd,depsdev,0.8.26
io.ausdata/au-weather-mcp,pypi,au-weather-mcp,fastmcp-py,"<4,>=2.0",error-as-result,direct,3.4.7,cmd,depsdev,0.4.9
io.ausdata/rba-mcp,pypi,rba-mcp,fastmcp-py,"<4,>=2.0",error-as-result,direct,3.4.7,cmd,depsdev,0.8.8
io.ausdata/wgea-mcp,pypi,wgea-mcp,fastmcp-py,"<4,>=2.0",error-as-result,direct,3.4.7,cmd,depsdev,0.6.13
io.codecomber/comber,npm,comber-mcp,official-ts,^1.29.0,error-as-result,direct,1.30.1,cmd,depsdev,0.1.3
io.fixyourdocs/mcp-server,npm,@fixyourdocs/mcp-server,official-ts,^1.29.0,error-as-result,direct,1.30.1,cmd,depsdev,0.2.0
io.github.06ketan/slideshot,npm,slideshot-mcp,official-ts,^1.12.1,error-as-result,direct,1.30.1,cmd,depsdev,4.4.0
io.github.0rkz/byte-protocol,npm,byte-mcp-server,official-ts,^1.29.0,error-as-result,direct,1.30.1,cmd,depsdev,0.11.10
io.github.0x-devc/novai-mcp-server,npm,novai-mcp-server,official-ts,^1.29.0,error-as-result,direct,1.30.1,cmd,depsdev,0.1.1
io.github.0xbrainkid/agentfolio,npm,agentfolio-mcp-server,official-ts,^1.0.0,error-as-result,direct,1.30.1,cmd,depsdev,1.1.1
io.github.0xbrainkid/agentfolio-mcp-server,npm,agentfolio-mcp-server,official-ts,^1.0.0,error-as-result,direct,1.30.1,cmd,depsdev,1.2.1
io.github.0xka13b/microsoft-outlook-mcp,npm,microsoft-outlook-mcp,official-ts,^1.29.0,error-as-result,direct,1.30.1,cmd,depsdev,1.0.1
io.github.0xka13b/ms-calendar-mcp,npm,ms-calendar-mcp,official-ts,^1.29.0,error-as-result,direct,1.30.1,cmd,depsdev,1.0.1
io.github.0xka13b/ms-contacts-mcp,npm,ms-contacts-mcp,official-ts,^1.29.0,error-as-result,direct,1.30.1,cmd,depsdev,1.0.1
io.github.0xka13b/ms-onedrive-mcp,npm,ms-onedrive-mcp,official-ts,^1.29.0,error-as-result,direct,1.30.1,cmd,depsdev,1.0.1
io.github.0xka13b/ms-sharepoint-mcp,npm,ms-sharepoint-mcp,official-ts,^1.29.0,error-as-result,direct,1.30.1,cmd,depsdev,1.0.1
withheld-710a03c8e0fa,pypi,withheld-710a03c8e0fa,official-py,>=1.0.0,fail,direct,2.2.0,cmd,depsdev,
io.github.0xthaner/reputa,npm,reputa-mcp,official-ts,^1.0.4,error-as-result,direct,1.30.1,cmd,depsdev,1.4.0
io.github.10iii/air,npm,@10iii/air-mcp-server,official-ts,^1.27.1,error-as-result,direct,1.30.1,cmd,depsdev,0.2.8
io.github.1102tools/bls-oews-mcp,pypi,bls-oews-mcp,official-py,>=1.0.0,error-as-result,direct,2.2.0,cmd,depsdev,0.2.7
io.github.1102tools/ecfr-mcp,pypi,ecfr-mcp,official-py,>=1.0.0,error-as-result,direct,2.2.0,cmd,depsdev,0.2.6
io.github.1102tools/federal-register-mcp,pypi,federal-register-mcp,official-py,>=1.0.0,error-as-result,direct,2.2.0,cmd,depsdev,0.2.7
io.github.1102tools/gsa-calc-mcp,pypi,gsa-calc-mcp,official-py,>=1.0.0,error-as-result,direct,2.2.0,cmd,depsdev,0.2.7
io.github.1111111111111111111114oLvT2/inquisitor,pypi,inquisitor-mcp,official-py,>=1.0.0,error-as-result,direct,2.2.0,cmd,depsdev,0.2.1
io.github.171county/modwrench,npm,@modwrench/cli,official-ts,^1.0.4,error-as-result,direct,1.30.1,cmd,depsdev,0.0.1
io.github.3121n/kartverket-mcp,npm,@nor-data/kartverket-mcp,official-ts,^1.0.4,error-as-result,direct,1.30.1,cmd,depsdev,0.4.2
io.github.3121n/nabolag-mcp,npm,@nor-data/nabolag-mcp,official-ts,^1.0.4,error-as-result,direct,1.30.1,cmd,depsdev,0.2.2
io.github.3121n/nve-mcp,npm,@nor-data/nve-mcp,official-ts,^1.0.4,error-as-result,direct,1.30.1,cmd,depsdev,0.1.2
io.github.3121n/statfin-mcp,npm,@nor-data/statfin-mcp,official-ts,^1.0.4,error-as-result,direct,1.30.1,cmd,depsdev,0.1.0
io.github.3121n/udir-mcp,npm,@nor-data/udir-mcp,official-ts,^1.0.0,error-as-result,direct,1.30.1,cmd,depsdev,0.1.2
io.github.420247jake/session-forge,npm,session-forge,official-ts,^1.26.0,error-as-result,direct,1.30.1,cmd,depsdev,2.0.3
io.github.4DA-Systems/4da-mcp-server,npm,@4da/mcp-server,official-ts,^1.29.0,error-as-result,direct,1.30.1,cmd,depsdev,4.6.6
io.github.4R9UN/mcp-kql-server,pypi,mcp-kql-server,fastmcp-py,"<4.0.0,>=2.14.7",error-as-result,direct,3.4.7,cmd,depsdev,2.1.4
io.github.4rgon4ut/sutra,pypi,context-engineering-mcp,official-py,>=1.0.0,error-as-result,direct,2.2.0,cmd,depsdev,0.1.1
io.github.5dive-ai/5dive-mcp,npm,@5dive/mcp,official-ts,^1.4.0,error-as-result,direct,1.30.1,cmd,depsdev,0.1.1
io.github.8infinitelabs/scoreflow,npm,@scoreflow/mcp,official-ts,^1.29.0,error-as-result,direct,1.30.1,cmd,depsdev,0.2.1
io.github.930m310n/geomelon-mcp,npm,geomelon-mcp,official-ts,^1.11.0,error-as-result,direct,1.30.1,cmd,depsdev,1.1.1
io.github.9crusher/mcp-server-kalshi,pypi,mcp-server-kalshi,official-py,>=1.6.0,error-as-result,direct,2.2.0,cmd,depsdev,0.2.1
io.github.A0Nexus-bit/a0nexus-bitcoin-mcp,npm,a0nexus-bitcoin-mcp,official-ts,1.29.0,error-as-result,direct,1.29.0,cmd,depsdev,0.1.4
io.github.A7OM-AI/atom-mcp-server,npm,atom-mcp-server,official-ts,^1.27.0,error-as-result,direct,1.30.1,cmd,depsdev,1.1.2
io.github.AIMento/lean-reader,npm,lean-reader,official-ts,^1.29.0,error-as-result,direct,1.30.1,cmd,depsdev,0.1.0
io.github.AIWerk/mcp-server-clawhub,npm,@aiwerk/mcp-server-clawhub,official-ts,^1.19.1,error-as-result,direct,1.30.1,cmd,depsdev,0.1.4
io.github.AIweather-Anurag/ottasia,npm,@ottasia/mcp-server,official-ts,^1.29.0,error-as-result,direct,1.30.1,cmd,depsdev,0.1.3
io.github.AJSMonty/adobe-mcp,npm,@ajsmonty/adobe-mcp,official-ts,^1.12.0,error-as-result,direct,1.30.1,cmd,depsdev,1.1.1
io.github.ANHQ280/myinvois-mcp,npm,myinvois-mcp,official-ts,^1.12.1,error-as-result,direct,1.30.1,cmd,depsdev,0.1.1
io.github.ARCXS-Protocol/mcp-server,npm,@arcxs-protocol/mcp-server,official-ts,^1.0.0,error-as-result,direct,1.30.1,cmd,depsdev,1.0.3
io.github.Aakashbhardwaj27/ai-scanner,npm,ai-scanner-mcp,official-ts,^1.12.1,error-as-result,direct,1.30.1,cmd,depsdev,1.0.3
io.github.AaronVick/echorift-mcp,npm,@echorift/mcp,official-ts,^0.5.0,error-as-result,direct,0.5.0,cmd,depsdev,0.1.0
io.github.AatirNadim/getme-mcp-server,pypi,getme-mcp-server,official-py,>=1.0.0,error-as-result,direct,2.2.0,cmd,depsdev,1.1.2
io.github.Abhishekkumar2021/github,npm,@abhishekmcp/github,official-ts,^1.29.0,error-as-result,direct,1.30.1,cmd,depsdev,0.2.0
io.github.Abhishekkumar2021/notes,npm,@abhishekmcp/notes,official-ts,^1.29.0,error-as-result,direct,1.30.1,cmd,depsdev,0.4.1
io.github.Abhishekkumar2021/sql,npm,@abhishekmcp/sql,official-ts,^1.29.0,error-as-result,direct,1.30.1,cmd,depsdev,0.1.0
io.github.Abracadabrastartup/deusproof-mcp,pypi,deusproof-mcp,official-py,>=1.2.0,error-as-result,direct,2.2.0,cmd,depsdev,0.1.1
io.github.Achilles1089/pentagonal-mcp,npm,pentagonal-mcp,official-ts,^1.12.1,error-as-result,direct,1.30.1,cmd,depsdev,1.0.1
io.github.AdithyaVardan1/panini-connector-mcp,npm,panini-connector-mcp,official-ts,^1.0.0,error-as-result,direct,1.30.1,cmd,depsdev,0.1.2
io.github.AdsTurbo/adsturbo-creative-mcp,npm,adsturbo-creative-mcp,official-ts,^1.29.0,error-as-result,direct,1.30.1,cmd,depsdev,0.1.5
io.github.Advertflair/threadmap-mcp,npm,threadmap-mcp,official-ts,^1.0.0,error-as-result,direct,1.30.1,cmd,depsdev,1.0.0
io.github.Agent360dk/browser-mcp,npm,@agent360/browser-mcp,official-ts,^1.28.0,error-as-result,direct,1.30.1,cmd,depsdev,1.16.1
io.github.AgentSafe-AI/tooltrust-scanner,npm,tooltrust-mcp,none-handrolled,,pass,,,cmd,depsdev-no-sdk,1.0.9
io.github.AgentTools-Cloud/agent-tools-mcp,pypi,agent-tools-mcp,official-py,>=1.2.0,error-as-result,direct,2.2.0,cmd,depsdev,0.2.0
io.github.AgiMaulana/google-play-mcp,pypi,google-play-mcp,official-py,>=1.3.0,error-as-result,direct,2.2.0,cmd,depsdev,0.5.0
io.github.Agonx402/agon-gateway,npm,@agonx402/gateway-mcp,none-handrolled,,warn,,,cmd,depsdev-no-sdk,0.4.2
io.github.Agonx402/agon-protocol,npm,@agonx402/protocol-mcp,none-handrolled,,warn,,,cmd,depsdev-no-sdk,0.4.2
io.github.Aguantar/kafka-dataops-mcp,pypi,kafka-dataops-mcp,official-py,>=1.0.0,error-as-result,direct,2.2.0,cmd,depsdev,0.1.0
io.github.Aguantar/vibescan-mcp-server,pypi,vibescan-mcp-server,official-py,>=1.0.0,error-as-result,direct,2.2.0,cmd,depsdev,0.1.0
io.github.Aidress-ai/aidress,pypi,aidress-mcp,official-py,>=1.0.0,error-as-result,direct,2.2.0,cmd,depsdev,0.2.5
io.github.Aimino-Tech/fast-html-mcp,npm,@aimino/fast-html-mcp-server,official-ts,^1.11.0,error-as-result,direct,1.30.1,cmd,depsdev,0.1.2
io.github.Aimino-Tech/opentalk2html-notmd,npm,@aimino/opentalk2html-notmd,official-ts,^1.11.0,error-as-result,direct,1.30.1,cmd,depsdev,0.1.2
io.github.Akhilgovind02/india-regulatory-mcp,npm,india-reg-mcp,official-ts,1.29.0,error-as-result,direct,1.29.0,cmd,depsdev,1.0.1
io.github.Akhilgovind02/india-stock-mcp,npm,india-stock-mcp,official-ts,^1.29.0,error-as-result,direct,1.30.1,cmd,depsdev,1.0.1
io.github.Akkshay10/MCPClientMock,npm,mockserver-mcp,official-ts,^1.0.0,error-as-result,direct,1.30.1,cmd,depsdev,1.0.2
io.github.Al-Adnane/kasbah-mcp,npm,@yobekasbah/mcp-server,none-handrolled,,warn,,,cmd,depsdev-no-sdk,3.0.1
io.github.AlexFloyd13/clevername-mcp,npm,@clevername/clevername-mcp,official-ts,^1.0.0,error-as-result,direct,1.30.1,cmd,depsdev,1.1.2
io.github.AliKarami/mikromcp,npm,mikromcp,official-ts,^1.12.0,error-as-result,direct,1.30.1,cmd,depsdev,1.7.0
io.github.AlvaroRamirezCastillo/greeting-mcp-server,npm,@jinba-ittai/greeting-mcp-server,official-ts,^1.19.1,pass,direct,1.30.1,cmd,depsdev,1.0.8
io.github.AmoghReddy45/kiwiclaw-mcp-server,npm,@kiwiclaw/mcp-server,official-ts,^1.12.1,error-as-result,direct,1.30.1,cmd,depsdev,0.1.1
io.github.AndyAnh174/vibe-hnindex,npm,vibe-hnindex,official-ts,^1.29.0,error-as-result,direct,1.30.1,cmd,depsdev,0.1.2
io.github.Anioko/archiet-audit,pypi,archiet-audit-mcp,none-handrolled,,pass,,,cmd,depsdev-no-sdk,0.1.2
io.github.Ansvar-Systems/automotive-cybersecurity,npm,@ansvar/automotive-cybersecurity-mcp,official-ts,^1.0.4,error-as-result,direct,1.30.1,cmd,depsdev,1.0.1
io.github.Ansvar-Systems/eu-regulations-mcp,npm,@ansvar/eu-regulations-mcp,official-ts,^1.25.3,error-as-result,direct,1.30.1,cmd,depsdev,0.7.1
io.github.Ansvar-Systems/us-regulations-mcp,npm,@ansvar/us-regulations-mcp,official-ts,^1.25.3,error-as-result,direct,1.30.1,cmd,depsdev,1.2.2
io.github.AnthonyPuggs/ausecon-mcp-server,pypi,ausecon-mcp-server,fastmcp-py,>=3.2.4,error-as-result,direct,4.0.9,cmd,depsdev,1.13.0
io.github.Antmanbuilds/ari-mcp,npm,ari-mcp,official-ts,^1.0.4,error-as-result,direct,1.30.1,cmd,depsdev,0.1.3
io.github.AntonioTF5/soul-mcp-server,npm,soul-mcp-server,official-ts,^1.0.0,error-as-result,direct,1.30.1,cmd,depsdev,1.0.0
withheld-4da7ca24c9a4,npm,withheld-4da7ca24c9a4,official-ts,^1.18.1,pass,direct,1.30.1,cmd,depsdev,
io.github.Antonytm/mcp-sitecore-server,npm,@antonytm/mcp-sitecore-server,official-ts,^1.16.0,pass,direct,1.30.1,cmd,depsdev,1.3.2
io.github.Applied-Artificial-Intelligence-Eurecat/epanet-mcp-server,pypi,epanet-mcp-server,official-py,>=1.0.0,error-as-result,direct,2.2.0,cmd,depsdev,0.1.2
io.github.Archerkattri/mathlas,pypi,mathlas-mcp,none-handrolled,,warn,,,cmd,depsdev-no-sdk,1.5.0
withheld-3a6c30834e02,npm,withheld-3a6c30834e02,official-ts,^1.29.0,fail,direct,1.30.1,cmd,depsdev,
io.github.Areso/safe-ssh-mcp,pypi,safe-ssh-mcp,fastmcp-py,"<4,>=3.2.0",error-as-result,direct,3.4.7,cmd,depsdev,0.1.14
io.github.Arielbs/rosetta-mcp-server,npm,rosetta-mcp-server,none-handrolled,,error-as-result,,,cmd,depsdev-no-sdk,1.3.1
withheld-3d0f533f5baa,pypi,withheld-3d0f533f5baa,official-py,>=0.9.0,fail,direct,2.2.0,cmd,depsdev,
withheld-7e3df0eaf985,pypi,withheld-7e3df0eaf985,official-py,>=1.0.0,fail,direct,2.2.0,cmd,depsdev,
io.github.Armada735/fake-star-audit,pypi,fake-star-audit,official-py,>=1.0,error-as-result,direct,2.2.0,cmd,depsdev,0.1.1
io.github.AronLEEdev/profitlee-mcp,npm,profitlee-mcp,official-ts,^1.12.0,error-as-result,direct,1.30.1,cmd,depsdev,0.2.0
io.github.Artem1981777/cronus-mcp,npm,cronus-mcp,official-ts,^1.0.0,error-as-result,direct,1.30.1,cmd,depsdev,0.2.0
withheld-a3f4e7beac9a,pypi,withheld-a3f4e7beac9a,official-py,"<2,>=1.18.0",fail,direct,1.30.0,cmd,depsdev,
io.github.AryanBV/pdf-toolkit-mcp,npm,@aryanbv/pdf-toolkit-mcp,official-ts,^1.29.0,error-as-result,direct,1.30.1,cmd,depsdev,0.3.1
io.github.AshutoshRaj97/agentready-mcp,npm,@agentreadyweb/mcp,none-handrolled,,pass,,,cmd,depsdev-no-sdk,1.2.0
io.github.Asthanaji05/pokeapi-mcp-server,npm,pokeapi-mcp-server,none-handrolled,,warn,,,cmd,depsdev-no-sdk,1.12.0
io.github.Atharva-Jayappa/blast-scope,pypi,blast-scope,official-py,"<2,>=1.0.0",error-as-result,direct,1.30.0,cmd,depsdev,0.5.2
io.github.Atomic-Mail/mcp,npm,@atomicmail/mcp-modelcontextprotocol,official-ts,^1.29.0,error-as-result,direct,1.30.1,cmd,depsdev,0.3.24
io.github.Augustas11/antfeed-mcp,npm,@antfeed/mcp,official-ts,~1.29.0,error-as-result,direct,1.29.0,cmd,depsdev,0.2.3
io.github.AungMyoKyaw/betterprompt-mcp,npm,betterprompt-mcp,official-ts,1.18.0,pass,direct,1.18.0,cmd,depsdev,0.2.1
io.github.AustinMunday/tokenmaxxen-mcp,npm,tokenmaxxen-mcp,official-ts,^1.0.4,error-as-result,direct,1.30.1,cmd,depsdev,0.3.0
io.github.AutomateLab-tech/ai-seo,npm,@automatelab/ai-seo-mcp,official-ts,1.29.0,error-as-result,direct,1.29.0,cmd,depsdev,0.1.1
io.github.AutomateLab-tech/citation-intelligence,npm,@automatelab/citation-intelligence,official-ts,1.29.0,error-as-result,direct,1.29.0,cmd,depsdev,0.12.0
io.github.AutomateLab-tech/content-distribution,npm,@automatelab/content-distribution-mcp,official-ts,^1.12.0,error-as-result,direct,1.30.1,cmd,depsdev,2.2.1
io.github.AutomateLab-tech/seo-performance-mcp,npm,@automatelab/seo-performance-mcp,official-ts,1.29.0,error-as-result,direct,1.29.0,cmd,depsdev,1.0.0
io.github.Automations-Project/airtable-user-mcp,npm,airtable-user-mcp,official-ts,^1.0.0,error-as-result,direct,1.30.1,cmd,depsdev,2.1.1
io.github.Autostackup/hr,npm,@autostackup/hr,official-ts,^1.0.0,error-as-result,direct,1.30.1,cmd,depsdev,0.1.1
io.github.Autostackup/marketing,npm,@autostackup/marketing,official-ts,^1.0.0,error-as-result,direct,1.30.1,cmd,depsdev,0.1.7
io.github.Autostackup/sales,npm,@autostackup/sales,official-ts,^1.0.0,error-as-result,direct,1.30.1,cmd,depsdev,0.1.6
io.github.Avierovich/openpitch,pypi,openpitch-mcp,official-py,>=1.2,error-as-result,indirect,2.2.0,cmd,depsdev,0.1.3
io.github.AwesomeHye/upnote-lens-mcp,pypi,upnote-lens-mcp,official-py,>=1.2.0,error-as-result,direct,2.2.0,cmd,depsdev,0.1.2
io.github.Ayo-Fam/mcp-search-console,pypi,mcp-search-console-multi,fastmcp-py,>=2.0.0,error-as-result,direct,4.0.9,cmd,depsdev,0.1.3
io.github.B0ydT/r-packagedev-mcp,npm,r-packagedev-mcp,official-ts,^1.27.1,error-as-result,direct,1.30.1,cmd,depsdev,1.0.1
io.github.BAM-DevCrew/MAXential-Thinking-MCP,npm,@bam-devcrew/maxential-thinking-mcp,official-ts,^1.19.1,error-as-result,direct,1.30.1,cmd,depsdev,2.0.1
io.github.BV-Venky/excalidraw-architect-mcp,pypi,excalidraw-architect-mcp,fastmcp-py,>=2.0,error-as-result,direct,4.0.9,cmd,depsdev,0.2.2
io.github.BabyScope/nodeflare,npm,nodeflare-mcp,official-ts,^1.12.0,error-as-result,direct,1.30.1,cmd,depsdev,0.1.1
io.github.BabyScope/nodeflare-mcp,npm,nodeflare-mcp,official-ts,^1.12.0,error-as-result,direct,1.30.1,cmd,depsdev,0.1.2
io.github.Backspace-me/sportscore-mcp,npm,sportscore-mcp,official-ts,^1.0.0,error-as-result,direct,1.30.1,cmd,depsdev,0.1.1
io.github.Bahamas1717/aibvf-mcp,npm,aibvf-mcp,official-ts,^1.26.0,error-as-result,direct,1.30.1,cmd,depsdev,0.12.0
io.github.Bajuzjefe/aikido-mcp,npm,aikido-mcp,official-ts,^1.12.1,error-as-result,direct,1.30.1,cmd,depsdev,0.1.1
io.github.Baneado98/import-guardian,npm,import-guardian-mcp,official-ts,^1.12.0,error-as-result,direct,1.30.1,cmd,depsdev,0.3.0
io.github.BasilSkyWalk/parecode,npm,parecode,official-ts,^1.29.0,warn,direct,1.30.1,cmd,depsdev,0.7.0
io.github.BerkKilicoglu/google-health-fitbit-mcp,npm,google-health-fitbit-mcp,official-ts,^1.29.0,error-as-result,direct,1.30.1,cmd,depsdev,1.0.2
io.github.BetterDB-inc/monitor,npm,@betterdb/mcp,official-ts,^1.0.0,error-as-result,direct,1.30.1,cmd,depsdev,0.1.3
io.github.Bichev/agentradar,npm,@agentradar/mcp,official-ts,^1.29.0,error-as-result,direct,1.30.1,cmd,depsdev,0.1.3
io.github.BigJai/codemunch-pro,pypi,codemunch-pro,official-py,>=1.6.0,error-as-result,direct,2.2.0,cmd,depsdev,1.2.0
io.github.BigJai/tokennuke,pypi,tokennuke,official-py,>=1.6.0,error-as-result,direct,2.2.0,cmd,depsdev,1.3.0
io.github.Bigsupe55/geo-inspector-mcp,npm,geo-inspector-mcp,official-ts,^1.29.0,error-as-result,direct,1.30.1,cmd,depsdev,0.1.2
io.github.Bishop81/accessibility-scanner-mcp,npm,accessibility-scanner-mcp,official-ts,^1.0.0,warn,direct,1.30.1,cmd,depsdev,0.1.2
io.github.Bishop81/domainintel-mcp,npm,@domainintel/mcp,none-handrolled,,error-as-result,,,cmd,depsdev-no-sdk,1.0.2
io.github.Bishop81/imagedimensions-mcp,npm,imagedimensions-mcp,official-ts,^1.0.0,error-as-result,direct,1.30.1,cmd,depsdev,0.1.1
io.github.Bishop81/wpgoldmine-mcp,npm,wpgoldmine-mcp,official-ts,^1.0.0,error-as-result,direct,1.30.1,cmd,depsdev,0.1.1
io.github.BitePro/chrome-debugger-mcp,npm,chrome-debugger-mcp,official-ts,^1.12.1,error-as-result,direct,1.30.1,cmd,depsdev,1.0.4
io.github.BitmapAsset/dear-agent,npm,dear-agent,official-ts,^1.12.0,error-as-result,direct,1.30.1,cmd,depsdev,0.2.3
io.github.BlackFoil/claude-token-saver-mcp,npm,claude-token-saver-mcp,official-ts,^1.0.0,error-as-result,direct,1.30.1,cmd,depsdev,0.3.2
io.github.BlockRunAI/blockrun-mcp,npm,@blockrun/mcp,official-ts,^1.0.0,error-as-result,direct,1.30.1,cmd,depsdev,0.31.6
io.github.BlueWaterCorp/riskmodels,npm,@riskmodels/mcp,official-ts,^1.0.0,error-as-result,direct,1.30.1,cmd,depsdev,1.0.6
io.github.BlueprintLabIO/tidebase,npm,@tidebase/mcp,official-ts,^1.12.0,error-as-result,direct,1.30.1,cmd,depsdev,0.1.1
io.github.Bortlesboat/bitcoin-mcp,pypi,bitcoin-mcp,official-py,>=1.2.0,error-as-result,direct,2.2.0,cmd,depsdev,0.5.1
io.github.Brandcode-Studio/brandsystem-mcp,npm,@brandsystem/mcp,official-ts,^1.27.0,error-as-result,direct,1.30.1,cmd,depsdev,0.14.4
io.github.Braynexservices/nigeria-bank-resolve,npm,@braynexservices/nigeria-mcp-bank-account,official-ts,^1.29.0,error-as-result,indirect,1.30.1,cmd,depsdev,0.2.6
io.github.Braynexservices/nigeria-electricity,npm,@braynexservices/nigeria-mcp-electricity,official-ts,^1.29.0,error-as-result,indirect,1.30.1,cmd,depsdev,0.2.6
io.github.Braynexservices/nigeria-fx-rates,npm,@braynexservices/nigeria-mcp-fx-rates,official-ts,^1.29.0,error-as-result,indirect,1.30.1,cmd,depsdev,0.2.6
io.github.Braynexservices/nigeria-trade-intel,npm,@braynexservices/nigeria-mcp-trade-intel,official-ts,^1.29.0,error-as-result,indirect,1.30.1,cmd,depsdev,0.3.6
io.github.Buggy1111/anonymize-mcp,pypi,anonymize-mcp,official-py,>=1.2.0,error-as-result,direct,2.2.0,cmd,depsdev,0.10.2
io.github.Buggy1111/shelly-mcp,pypi,shelly-mcp,fastmcp-py,"<3,>=2.3",error-as-result,direct,2.14.7,cmd,depsdev,0.1.2
io.github.Burakfenerci5/actionproof,npm,actionproof,official-ts,^1.29.0,error-as-result,direct,1.30.1,cmd,depsdev,0.0.3
io.github.Buzzr-app/dfs-engine,npm,@buzzr/mcp,official-ts,^1.29.0,error-as-result,direct,1.30.1,cmd,depsdev,5.1.0
io.github.CKBrennan/overtone-news-mcp,pypi,overtone-news-mcp,official-py,>=1.2.0,error-as-result,direct,2.2.0,cmd,depsdev,0.1.2
io.github.CLAW-AI-FL/agentiscript-mcp,npm,agentiscript-mcp,official-ts,latest,warn,direct,1.30.1,cmd,depsdev,1.0.1
withheld-437a648fa359,npm,withheld-437a648fa359,official-ts,^1.0.0,fail,direct,1.30.1,cmd,depsdev,
io.github.CSOAI-ORG/acord-bridge-mcp,pypi,acord-bridge-mcp,official-py,>=1.28.0,error-as-result,direct,2.2.0,cmd,depsdev,0.1.2
io.github.CSOAI-ORG/agent-audit-logger-mcp,pypi,agent-audit-logger-mcp,official-py,>=1.28.0,error-as-result,direct,2.2.0,cmd,depsdev,1.1.10
io.github.CSOAI-ORG/agent-commerce-protocol-mcp,pypi,agent-commerce-protocol-mcp,official-py,>=1.3.0,error-as-result,direct,2.2.0,cmd,depsdev,1.0.11
io.github.CSOAI-ORG/agent-content-watermark-mcp,pypi,agent-content-watermark-mcp,official-py,>=1.3.0,error-as-result,direct,2.2.0,cmd,depsdev,1.1.9
io.github.CSOAI-ORG/agent-cost-allocator-mcp,pypi,agent-cost-allocator-mcp,official-py,>=1.3.0,error-as-result,direct,2.2.0,cmd,depsdev,1.0.7
io.github.CSOAI-ORG/agent-data-residency-mcp,pypi,agent-data-residency-mcp,official-py,>=1.28.0,error-as-result,direct,2.2.0,cmd,depsdev,1.0.9
io.github.CSOAI-ORG/agent-handoff-certified-mcp,pypi,agent-handoff-certified-mcp,official-py,>=1.28.0,error-as-result,direct,2.2.0,cmd,depsdev,1.0.12
io.github.CSOAI-ORG/agent-incident-relay-mcp,pypi,agent-incident-relay-mcp,official-py,>=1.3.0,error-as-result,direct,2.2.0,cmd,depsdev,1.0.7
io.github.CSOAI-ORG/agent-mcp-router-mcp,pypi,agent-mcp-router-mcp,official-py,>=1.3.0,error-as-result,direct,2.2.0,cmd,depsdev,1.1.8
io.github.CSOAI-ORG/agent-policy-enforcement-mcp,pypi,agent-policy-enforcement-mcp,official-py,>=1.28.0,error-as-result,direct,2.2.0,cmd,depsdev,1.0.11
io.github.CSOAI-ORG/agent-prompt-injection-firewall-mcp,pypi,agent-prompt-injection-firewall-mcp,official-py,>=1.28.0,error-as-result,direct,2.2.0,cmd,depsdev,1.0.13
io.github.CSOAI-ORG/agent-rate-limiter-mcp,pypi,agent-rate-limiter-mcp,official-py,>=1.28.0,error-as-result,direct,2.2.0,cmd,depsdev,1.0.10
io.github.CSOAI-ORG/agent-replay-debugger-mcp,pypi,agent-replay-debugger-mcp,official-py,>=1.3.0,error-as-result,direct,2.2.0,cmd,depsdev,1.0.7
io.github.CSOAI-ORG/agent-token-budget-mcp,pypi,agent-token-budget-mcp,official-py,>=1.3.0,error-as-result,direct,2.2.0,cmd,depsdev,1.1.6
io.github.CSOAI-ORG/agent-x402-paywall-mcp,pypi,agent-x402-paywall-mcp,official-py,>=1.3.0,error-as-result,direct,2.2.0,cmd,depsdev,1.0.10
io.github.CSOAI-ORG/ai-bom-mcp,pypi,ai-bom-mcp,official-py,>=1.28.0,error-as-result,direct,2.2.0,cmd,depsdev,1.2.21
io.github.CSOAI-ORG/ai-incident-reporting-mcp,pypi,ai-incident-reporting-mcp,official-py,>=1.28.0,error-as-result,direct,2.2.0,cmd,depsdev,1.1.9
io.github.CSOAI-ORG/aml-ai-mcp,pypi,aml-ai-mcp,official-py,>=1.28.0,error-as-result,direct,2.2.0,cmd,depsdev,1.0.11
io.github.CSOAI-ORG/as400-bridge-mcp,pypi,as400-bridge-mcp,official-py,>=1.28.0,error-as-result,direct,2.2.0,cmd,depsdev,0.1.1
io.github.CSOAI-ORG/basel-ai-overlay-mcp,pypi,basel-ai-overlay-mcp,official-py,>=1.28.0,error-as-result,direct,2.2.0,cmd,depsdev,1.0.10
io.github.CSOAI-ORG/bft-progress-council-mcp,pypi,bft-progress-council-mcp,official-py,>=1.3.0,error-as-result,direct,2.2.0,cmd,depsdev,1.1.9
io.github.CSOAI-ORG/bias-detection-mcp,pypi,bias-detection-mcp,official-py,>=1.28.0,error-as-result,direct,2.2.0,cmd,depsdev,1.2.8
io.github.CSOAI-ORG/care-home-cqc-mcp,pypi,care-home-cqc-mcp,official-py,>=1.28.0,error-as-result,direct,2.2.0,cmd,depsdev,1.0.13
io.github.CSOAI-ORG/chas-elite-prep-mcp,pypi,chas-elite-prep-mcp,official-py,>=1.28.0,error-as-result,direct,2.2.0,cmd,depsdev,1.0.11
io.github.CSOAI-ORG/cics-bridge-mcp,pypi,cics-bridge-mcp,official-py,>=1.28.0,error-as-result,direct,2.2.0,cmd,depsdev,0.1.1
io.github.CSOAI-ORG/cisa-kev-mcp,pypi,cisa-kev-mcp,official-py,>=1.28.0,error-as-result,direct,2.2.0,cmd,depsdev,1.0.8
io.github.CSOAI-ORG/cobol-bridge-mcp,pypi,cobol-bridge-mcp,official-py,>=1.28.0,error-as-result,direct,2.2.0,cmd,depsdev,1.1.11
io.github.CSOAI-ORG/concrete-pump-cpa-mcp,pypi,concrete-pump-cpa-mcp,official-py,>=1.28.0,error-as-result,direct,2.2.0,cmd,depsdev,1.0.9
io.github.CSOAI-ORG/construction-iso-19650-mcp,pypi,construction-iso-19650-mcp,official-py,>=1.28.0,error-as-result,direct,2.2.0,cmd,depsdev,1.0.9
io.github.CSOAI-ORG/coppa-ferpa-mcp,pypi,coppa-ferpa-mcp,official-py,>=1.28.0,error-as-result,direct,2.2.0,cmd,depsdev,1.0.8
io.github.CSOAI-ORG/cra-compliance-mcp,pypi,cra-compliance-mcp,official-py,>=1.28.0,error-as-result,direct,2.2.0,cmd,depsdev,1.3.15
io.github.CSOAI-ORG/crane-hire-cpcs-mcp,pypi,crane-hire-cpcs-mcp,official-py,>=1.28.0,error-as-result,direct,2.2.0,cmd,depsdev,1.0.9
io.github.CSOAI-ORG/csrd-compliance-mcp,pypi,csrd-compliance-mcp,official-py,>=1.28.0,error-as-result,direct,2.2.0,cmd,depsdev,1.3.10
io.github.CSOAI-ORG/dispense-record-mcp,pypi,dispense-record-mcp,official-py,>=1.28.0,error-as-result,direct,2.2.0,cmd,depsdev,1.0.9
io.github.CSOAI-ORG/domiciliary-care-mcp,pypi,domiciliary-care-mcp,official-py,>=1.0.0,error-as-result,direct,2.2.0,cmd,depsdev,1.0.7
io.github.CSOAI-ORG/dora-compliance-mcp,pypi,dora-compliance-mcp,official-py,>=1.0.0,error-as-result,direct,2.2.0,cmd,depsdev,1.4.13
io.github.CSOAI-ORG/dora-nis2-crosswalk-mcp,pypi,dora-nis2-crosswalk-mcp,official-py,>=1.0.0,error-as-result,direct,2.2.0,cmd,depsdev,1.1.4
io.github.CSOAI-ORG/eu-ai-act-compliance-mcp,pypi,eu-ai-act-compliance-mcp,official-py,>=1.0.0,error-as-result,direct,2.2.0,cmd,depsdev,1.8.12
io.github.CSOAI-ORG/eudi-wallet-mcp,pypi,eudi-wallet-mcp,official-py,>=1.3.0,error-as-result,direct,2.2.0,cmd,depsdev,1.0.2
io.github.CSOAI-ORG/explainability-report-mcp,pypi,explainability-report-mcp,official-py,>=1.0.0,error-as-result,direct,2.2.0,cmd,depsdev,1.0.8
io.github.CSOAI-ORG/fda-samd-mcp,pypi,fda-samd-mcp,official-py,>=1.0.0,error-as-result,direct,2.2.0,cmd,depsdev,1.0.9
io.github.CSOAI-ORG/firmware-attestation-mcp,pypi,firmware-attestation-mcp,official-py,>=1.2.0,error-as-result,direct,2.2.0,cmd,depsdev,1.0.1
io.github.CSOAI-ORG/gods-eye-geospatial-mcp,pypi,gods-eye-geospatial-mcp,official-py,>=1.0.0,error-as-result,direct,2.2.0,cmd,depsdev,1.2.3
io.github.CSOAI-ORG/gos-claim-validator-mcp,pypi,gos-claim-validator-mcp,official-py,>=1.0.0,error-as-result,direct,2.2.0,cmd,depsdev,1.0.3
io.github.CSOAI-ORG/haulage-uk-compliance-mcp,pypi,haulage-uk-compliance-mcp,official-py,>=1.0.0,error-as-result,direct,2.2.0,cmd,depsdev,1.0.7
io.github.CSOAI-ORG/iso-42005-impact-mcp,pypi,iso-42005-impact-mcp,official-py,>=1.3.0,error-as-result,direct,2.2.0,cmd,depsdev,1.0.5
io.github.CSOAI-ORG/korea-ai-basic-act-mcp,pypi,korea-ai-basic-act-mcp,official-py,>=1.3.0,error-as-result,direct,2.2.0,cmd,depsdev,1.0.2
io.github.CSOAI-ORG/mcp-spec-compliance-mcp,pypi,mcp-spec-compliance-mcp,official-py,>=1.3.0,error-as-result,direct,2.2.0,cmd,depsdev,1.0.1
io.github.CSOAI-ORG/mdr-medical-device-mcp,pypi,mdr-medical-device-mcp,official-py,>=1.0.0,error-as-result,direct,2.2.0,cmd,depsdev,1.0.6
io.github.CSOAI-ORG/meok-aaif-agent-card-mcp,pypi,meok-aaif-agent-card-mcp,official-py,>=1.3.0,error-as-result,direct,2.2.0,cmd,depsdev,1.0.2
io.github.CSOAI-ORG/meok-abci-bridge-mcp,pypi,meok-abci-bridge-mcp,official-py,>=1.3.0,error-as-result,direct,2.2.0,cmd,depsdev,1.0.1
io.github.CSOAI-ORG/meok-bs7121-mcp,pypi,meok-bs7121-mcp,official-py,>=1.3.0,error-as-result,direct,2.2.0,cmd,depsdev,1.0.3
io.github.CSOAI-ORG/meok-cra-annex-iv-classifier-mcp,pypi,meok-cra-annex-iv-classifier-mcp,official-py,>=1.0.0,error-as-result,direct,2.2.0,cmd,depsdev,1.1.6
io.github.CSOAI-ORG/meok-cra-art14-reporter-mcp,pypi,meok-cra-art14-reporter-mcp,official-py,>=1.3.0,error-as-result,direct,2.2.0,cmd,depsdev,1.0.3
io.github.CSOAI-ORG/meok-dpia-edpb-template-mcp,pypi,meok-dpia-edpb-template-mcp,official-py,>=1.0.0,error-as-result,direct,2.2.0,cmd,depsdev,1.0.5
io.github.CSOAI-ORG/meok-eu-ai-act-art-13-ifu-mcp,pypi,meok-eu-ai-act-art-13-ifu-mcp,official-py,>=1.3.0,error-as-result,direct,2.2.0,cmd,depsdev,1.0.4
io.github.CSOAI-ORG/meok-eu-ai-act-art-26-fria-mcp,pypi,meok-eu-ai-act-art-26-fria-mcp,official-py,>=1.3.0,error-as-result,direct,2.2.0,cmd,depsdev,1.0.4
io.github.CSOAI-ORG/meok-eu-aigc-icon-mcp,pypi,meok-eu-aigc-icon-mcp,official-py,>=1.3.0,error-as-result,direct,2.2.0,cmd,depsdev,1.0.1
io.github.CSOAI-ORG/meok-eu-mobility-package-mcp,pypi,meok-eu-mobility-package-mcp,official-py,>=1.3.0,error-as-result,direct,2.2.0,cmd,depsdev,1.0.0
io.github.CSOAI-ORG/meok-eu-platform-worker-mcp,pypi,meok-eu-platform-worker-mcp,official-py,>=1.3.0,error-as-result,direct,2.2.0,cmd,depsdev,1.0.0
io.github.CSOAI-ORG/meok-ev-recall-transport-mcp,pypi,meok-ev-recall-transport-mcp,official-py,>=1.3.0,error-as-result,direct,2.2.0,cmd,depsdev,1.0.2
io.github.CSOAI-ORG/meok-mcp-injection-scan-mcp,pypi,meok-mcp-injection-scan-mcp,official-py,>=1.0.0,error-as-result,direct,2.2.0,cmd,depsdev,1.0.12
io.github.CSOAI-ORG/meok-mcp-test-mcp,pypi,meok-mcp-test-mcp,official-py,>=1.3.0,error-as-result,direct,2.2.0,cmd,depsdev,1.0.3
io.github.CSOAI-ORG/meok-nis2-de-register-mcp,pypi,meok-nis2-de-register-mcp,official-py,>=1.0.0,error-as-result,direct,2.2.0,cmd,depsdev,1.0.10
io.github.CSOAI-ORG/meok-omnibus-tracker-mcp,pypi,meok-omnibus-tracker-mcp,official-py,>=1.0.0,error-as-result,direct,2.2.0,cmd,depsdev,1.1.6
io.github.CSOAI-ORG/meok-stripe-acp-checkout-mcp,pypi,meok-stripe-acp-checkout-mcp,official-py,>=1.3.0,error-as-result,direct,2.2.0,cmd,depsdev,1.0.4
io.github.CSOAI-ORG/meok-tacho-audit-mcp,pypi,meok-tacho-audit-mcp,official-py,>=1.3.0,error-as-result,direct,2.2.0,cmd,depsdev,1.0.3
io.github.CSOAI-ORG/meok-vehicle-handover-mcp,pypi,meok-vehicle-handover-mcp,official-py,>=1.3.0,error-as-result,direct,2.2.0,cmd,depsdev,1.0.2
io.github.CSOAI-ORG/meok-w3c-tdm-rights-mcp,pypi,meok-w3c-tdm-rights-mcp,official-py,>=1.3.0,error-as-result,direct,2.2.0,cmd,depsdev,1.0.4
io.github.CSOAI-ORG/meok-watermark-attest-mcp,pypi,meok-watermark-attest-mcp,official-py,>=1.0.0,error-as-result,direct,2.2.0,cmd,depsdev,1.3.12
io.github.CSOAI-ORG/mica-crypto-mcp,pypi,mica-crypto-mcp,official-py,>=1.0.0,error-as-result,direct,2.2.0,cmd,depsdev,1.0.7
io.github.CSOAI-ORG/mifid-ii-ai-mcp,pypi,mifid-ii-ai-mcp,official-py,>=1.0.0,error-as-result,direct,2.2.0,cmd,depsdev,1.0.7
io.github.CSOAI-ORG/mitre-atlas-mcp,pypi,mitre-atlas-mcp,official-py,>=1.0.0,error-as-result,direct,2.2.0,cmd,depsdev,1.0.7
io.github.CSOAI-ORG/nis2-compliance-mcp,pypi,nis2-compliance-mcp,official-py,>=1.0.0,error-as-result,direct,2.2.0,cmd,depsdev,1.3.9
io.github.CSOAI-ORG/nrswa-ai-mcp,pypi,nrswa-ai-mcp,official-py,>=1.0.0,error-as-result,direct,2.2.0,cmd,depsdev,1.0.6
io.github.CSOAI-ORG/oscal-generator-mcp,pypi,oscal-generator-mcp,official-py,>=1.28.0,error-as-result,direct,2.2.0,cmd,depsdev,0.1.2
io.github.CSOAI-ORG/sbom-cyclonedx-mcp,pypi,sbom-cyclonedx-mcp,official-py,>=1.0.0,error-as-result,direct,2.2.0,cmd,depsdev,1.0.4
io.github.CSOAI-ORG/scam-detector-mcp,pypi,scam-detector-mcp,official-py,>=1.0.0,error-as-result,direct,2.2.0,cmd,depsdev,1.0.8
io.github.CSOAI-ORG/skip-hire-ai-mcp,pypi,skip-hire-ai-mcp,official-py,>=1.0.0,error-as-result,direct,2.2.0,cmd,depsdev,1.0.5
io.github.CSOAI-ORG/uk-ai-bill-compliance-mcp,pypi,uk-ai-bill-compliance-mcp,official-py,>=1.0.0,error-as-result,direct,2.2.0,cmd,depsdev,1.0.6
io.github.Cail726/chinese-text-tools,npm,chinese-text-tools,official-ts,^1.29.0,error-as-result,direct,1.30.1,cmd,depsdev,1.0.3
io.github.CakeRepository/1password,npm,@takescake/1password-mcp,official-ts,^1.26.0,error-as-result,direct,1.30.1,cmd,depsdev,2.5.0
io.github.CarbonCashmere/x402-mcp,npm,@carbon-cashmere/x402-mcp,official-ts,^1.9.0,warn,direct,1.30.1,cmd,depsdev,0.2.2
io.github.Chaixueyuan/weapp-agent-mcp,npm,@chaixueyuan/weapp-agent-mcp,fastmcp-ts,^3.34.0,pass,direct,3.35.0,cmd,depsdev,0.4.8
io.github.ChanMeng666/archlang-mcp,npm,@chanmeng666/archlang-mcp,official-ts,^1.29.0,error-as-result,direct,1.30.1,cmd,depsdev,0.2.1
io.github.ChengJiale150/jupyter-mcp-server,pypi,better-jupyter-mcp-server,fastmcp-py,>=2.12.2,error-as-result,direct,4.0.9,cmd,depsdev,1.1.0
io.github.ChiR24/unreal-engine-mcp,npm,unreal-engine-mcp-server,official-ts,^1.25.0,error-as-result,direct,1.30.1,cmd,depsdev,0.5.30
io.github.Chill-AI-Space/vault,npm,chillai-vault-mcp,official-ts,^1.12.0,error-as-result,direct,1.30.1,cmd,depsdev,0.2.1
io.github.Choppaaahh/interline,pypi,interline,official-py,>=1.0,error-as-result,direct,2.2.0,cmd,depsdev,0.1.3
io.github.Chromatic0618/xiangguangyu-mcp-skills,npm,xiangguangyu-mcp-skills,official-ts,^1.29.0,error-as-result,direct,1.30.1,cmd,depsdev,2.2.1
io.github.ChromeDevTools/chrome-devtools-mcp,npm,chrome-devtools-mcp,none-handrolled,,error-as-result,,,cmd,dev-only-sdk:official-ts,1.6.0
io.github.ClawCall-Dev/clawcall,npm,@clawcall/mcp,official-ts,1.29.0,error-as-result,direct,1.29.0,cmd,depsdev,0.1.0
io.github.ClicheFactory/clichefactory-mcp,pypi,clichefactory-mcp,official-py,"<2,>=1.0.0",error-as-result,direct,1.30.0,cmd,depsdev,0.1.8
io.github.CodeCraftersLLC/local-voice-mcp,npm,@codecraftersllc/local-voice-mcp,official-ts,^1.12.1,error-as-result,direct,1.30.1,cmd,depsdev,0.1.5
io.github.Codeturion/codesurface,pypi,codesurface,official-py,>=1.8.0,error-as-result,direct,2.2.0,cmd,depsdev,0.8.0
io.github.Codeturion/unity-api-mcp,pypi,unity-api-mcp,official-py,>=1.8.0,error-as-result,direct,2.2.0,cmd,depsdev,2.0.2
io.github.Codeturion/unreal-api-mcp,pypi,unreal-api-mcp,official-py,>=1.8.0,error-as-result,direct,2.2.0,cmd,depsdev,0.2.0
io.github.Coinlooter/mcp,npm,payflowagent-mcp,official-ts,^1.29.0,error-as-result,direct,1.30.1,cmd,depsdev,0.1.3
io.github.ColinHughes2121/gocreative-wedge-mcp,pypi,gocreative-wedge-mcp,official-py,>=1.2.0,error-as-result,direct,2.2.0,cmd,depsdev,1.2.1
io.github.Company-Gibraltar/company-gi,npm,company-gi-mcp,official-ts,^1.27.0,error-as-result,direct,1.30.1,cmd,depsdev,1.0.1
io.github.Company-Gibraltar/company-gibraltar,npm,company-gibraltar-mcp,official-ts,^1.27.0,error-as-result,direct,1.30.1,cmd,depsdev,1.0.0
io.github.ConanMcN/fragments-mcp,npm,@fragments-sdk/mcp,official-ts,^1.0.0,error-as-result,direct,1.30.1,cmd,depsdev,0.5.7
io.github.Contentrain/contentrain,npm,@contentrain/mcp,official-ts,^1.12.0,error-as-result,direct,1.30.1,cmd,depsdev,2.1.1
io.github.Continuum-AI-Corp/orcarouter-mcp,npm,@orcarouter/mcp,official-ts,^1.29.0,error-as-result,direct,1.30.1,cmd,depsdev,1.1.5
io.github.Convrgent/aeo-scanner,pypi,aeo-scanner,official-py,>=1.0.0,error-as-result,direct,2.2.0,cmd,depsdev,2.2.1
io.github.Copenhagen0x/solana-security-mcp,npm,@jelleo/solana-security-mcp,none-handrolled,,error-as-result,,,cmd,depsdev-no-sdk,1.5.0
io.github.Craig-Horton/aibvf-mcp,npm,aibvf-mcp,official-ts,^1.26.0,error-as-result,direct,1.30.1,cmd,depsdev,0.12.1
io.github.Creed-Space/creedspace-mcp-server,npm,@creedspace/mcp-server,official-ts,^1.29.0,warn,direct,1.30.1,cmd,depsdev,1.1.3
io.github.Cropgraph/cropgraph,npm,@cropgraph/mcp,official-ts,^1.0.4,error-as-result,direct,1.30.1,cmd,depsdev,3.2.0
io.github.Cubenest/peek-mcp,npm,@peekdev/mcp,official-ts,^1.29.0,error-as-result,direct,1.30.1,cmd,depsdev,0.1.0-alpha.24
io.github.Cubiczan/codesentinel,npm,@cubiczan/codesentinel-mcp,official-ts,^1.12.1,error-as-result,direct,1.30.1,cmd,depsdev,1.0.0
io.github.Cyberdyne-OS/cyberdyne-mcp,npm,cyberdyne-mcp,official-ts,^1.0.4,error-as-result,direct,1.30.1,cmd,depsdev,0.7.2
io.github.Cyberweasel777/botindex-mcp-server,npm,botindex-mcp-server,official-ts,^1.0.0,error-as-result,direct,1.30.1,cmd,depsdev,2.2.0
io.github.D4umak/heylead,pypi,heylead,official-py,"<2.0.0,>=1.2.0",error-as-result,direct,1.30.0,cmd,depsdev,0.9.5
io.github.DELIGHT-LABS/walletconnect-mcp,npm,walletconnect-mcp,official-ts,^1.29.0,error-as-result,direct,1.30.1,cmd,depsdev,0.0.4
io.github.DHEBP/dero-mcp-server,npm,dero-mcp-server,official-ts,^1.29.0,error-as-result,direct,1.30.1,cmd,depsdev,0.4.8
io.github.Daichi-Kudo/llm-advisor,npm,llm-advisor-mcp,official-ts,^1.12.0,error-as-result,direct,1.30.1,cmd,depsdev,0.4.5
io.github.Damien829/aipaygen,pypi,aipaygen-mcp,official-py,>=1.0.0,error-as-result,direct,2.2.0,cmd,depsdev,1.9.4
io.github.DanielOrtiz0220/nyc-restroom-mcp,npm,nyc-restroom-mcp,official-ts,1.29.0,pass,direct,1.29.0,cmd,depsdev,0.1.1
io.github.DanielTomaro13/sportsdata-mcp,pypi,sportsdata-mcp,fastmcp-py,"<4,>=0.4",error-as-result,direct,3.4.7,cmd,depsdev,0.18.2
io.github.Dave-London/build,npm,@paretools/build,official-ts,^1.26.0,error-as-result,direct,1.30.1,cmd,depsdev,0.8.0
io.github.Dave-London/cargo,npm,@paretools/cargo,official-ts,^1.26.0,error-as-result,direct,1.30.1,cmd,depsdev,0.7.1
io.github.Dave-London/docker,npm,@paretools/docker,official-ts,^1.26.0,error-as-result,direct,1.30.1,cmd,depsdev,0.8.0
io.github.Dave-London/git,npm,@paretools/git,official-ts,^1.26.0,error-as-result,direct,1.30.1,cmd,depsdev,0.8.0
io.github.Dave-London/github,npm,@paretools/github,official-ts,^1.26.0,error-as-result,direct,1.30.1,cmd,depsdev,0.7.1
io.github.Dave-London/go,npm,@paretools/go,official-ts,^1.26.0,error-as-result,direct,1.30.1,cmd,depsdev,0.7.1
io.github.Dave-London/http,npm,@paretools/http,official-ts,^1.26.0,error-as-result,direct,1.30.1,cmd,depsdev,0.7.1
io.github.Dave-London/lint,npm,@paretools/lint,official-ts,^1.26.0,error-as-result,direct,1.30.1,cmd,depsdev,0.8.0
io.github.Dave-London/make,npm,@paretools/make,official-ts,^1.26.0,error-as-result,direct,1.30.1,cmd,depsdev,0.7.1
io.github.Dave-London/npm,npm,@paretools/npm,official-ts,^1.26.0,error-as-result,direct,1.30.1,cmd,depsdev,0.8.0
io.github.Dave-London/pare-build,npm,@paretools/build,official-ts,^1.26.0,error-as-result,direct,1.30.1,cmd,depsdev,0.8.1
io.github.Dave-London/pare-cargo,npm,@paretools/cargo,official-ts,^1.26.0,error-as-result,direct,1.30.1,cmd,depsdev,0.8.1
io.github.Dave-London/pare-docker,npm,@paretools/docker,official-ts,^1.26.0,error-as-result,direct,1.30.1,cmd,depsdev,0.8.1
io.github.Dave-London/pare-git,npm,@paretools/git,official-ts,^1.26.0,error-as-result,direct,1.30.1,cmd,depsdev,0.8.1
io.github.Dave-London/pare-github,npm,@paretools/github,official-ts,^1.26.0,error-as-result,direct,1.30.1,cmd,depsdev,0.8.1
io.github.Dave-London/pare-go,npm,@paretools/go,official-ts,^1.26.0,error-as-result,direct,1.30.1,cmd,depsdev,0.8.1
io.github.Dave-London/pare-http,npm,@paretools/http,official-ts,^1.26.0,error-as-result,direct,1.30.1,cmd,depsdev,0.8.1
io.github.Dave-London/pare-lint,npm,@paretools/lint,official-ts,^1.26.0,error-as-result,direct,1.30.1,cmd,depsdev,0.8.1
io.github.Dave-London/pare-make,npm,@paretools/make,official-ts,^1.26.0,error-as-result,direct,1.30.1,cmd,depsdev,0.8.1
io.github.Dave-London/pare-npm,npm,@paretools/npm,official-ts,^1.26.0,error-as-result,direct,1.30.1,cmd,depsdev,0.8.1
io.github.Dave-London/pare-python,npm,@paretools/python,official-ts,^1.26.0,error-as-result,direct,1.30.1,cmd,depsdev,0.8.1
io.github.Dave-London/pare-search,npm,@paretools/search,official-ts,^1.26.0,error-as-result,direct,1.30.1,cmd,depsdev,0.8.1
io.github.Dave-London/pare-test,npm,@paretools/test,official-ts,^1.26.0,error-as-result,direct,1.30.1,cmd,depsdev,0.8.1
io.github.Dave-London/python,npm,@paretools/python,official-ts,^1.26.0,error-as-result,direct,1.30.1,cmd,depsdev,0.8.0
io.github.Dave-London/search,npm,@paretools/search,official-ts,^1.26.0,error-as-result,direct,1.30.1,cmd,depsdev,0.7.1
io.github.Dave-London/test,npm,@paretools/test,official-ts,^1.26.0,error-as-result,direct,1.30.1,cmd,depsdev,0.8.0
io.github.DeHor-Labs/mcp-fiscal-brasil,pypi,mcp-fiscal-brasil,fastmcp-py,>=3.2.0,error-as-result,direct,4.0.9,cmd,depsdev,0.3.1
io.github.DeJo90/nace-mcp,npm,nace-mcp,official-ts,^1.6.0,error-as-result,direct,1.30.1,cmd,depsdev,1.0.1
io.github.DeanWard/HAL,npm,hal-mcp,official-ts,^1.0.0,error-as-result,direct,1.30.1,cmd,depsdev,1.0.14
withheld-7db9698c06cd,pypi,withheld-7db9698c06cd,official-py,>=1.10.0,fail,direct,2.2.0,cmd,depsdev,
io.github.DeloraProtocol/delora-mcp,npm,@deloraprotocol/mcp,official-ts,^1.26.0,error-as-result,direct,1.30.1,cmd,depsdev,0.1.5
io.github.DeusData/codebase-memory-mcp,npm,codebase-memory-mcp,none-handrolled,,error-as-result,,,cmd,depsdev-no-sdk,0.9.0
io.github.DevDs1989/t-rush-mcp,npm,@devds1989/t-rush-mcp,official-ts,^1.29.0,error-as-result,direct,1.30.1,cmd,depsdev,1.0.2
io.github.DevInder1/tridentchain-security,pypi,tridentchain-mcp,official-py,>=1.6.0,error-as-result,direct,2.2.0,cmd,depsdev,0.1.4
io.github.DiegoLopez0208/rpgmaker-mv-ultimate,npm,rpgmaker-mv-mcp,official-ts,^1.12.1,error-as-result,direct,1.30.1,cmd,depsdev,5.12.2
io.github.Digilac/simap-mcp,npm,@digilac/simap-mcp,official-ts,^1.29.0,error-as-result,direct,1.30.1,cmd,depsdev,1.3.0
io.github.Digital-Defiance/mcp-debugger,npm,@ai-capabilities-suite/mcp-debugger-server,official-ts,^1.23.0,error-as-result,direct,1.30.1,cmd,depsdev,1.1.8
io.github.Digital-Threads/token-pilot,npm,token-pilot,official-ts,^1.12.0,error-as-result,direct,1.30.1,cmd,depsdev,0.47.1
io.github.DingDawg-dev/dingdawg-compliance,npm,dingdawg-compliance,official-ts,^1.0.0,error-as-result,direct,1.30.1,cmd,depsdev,2.0.4
io.github.DingDawg-dev/dingdawg-finance-agent,npm,dingdawg-finance-agent,official-ts,^1.0.0,error-as-result,direct,1.30.1,cmd,depsdev,2.0.4
io.github.DingDawg-dev/dingdawg-healthcare-agent,npm,dingdawg-healthcare-agent,official-ts,^1.0.0,error-as-result,direct,1.30.1,cmd,depsdev,2.0.4
io.github.DmitriyGolub/threejs-devtools,npm,threejs-devtools-mcp,official-ts,^1.12.0,error-as-result,direct,1.30.1,cmd,depsdev,0.2.1
io.github.DocMinus/decimer-mcp-server,pypi,decimer-mcp-server,official-py,>=1.2.0,error-as-result,direct,2.2.0,cmd,depsdev,0.1.4
io.github.DockerDiscordControl/timergy,npm,@timergy/mcp,official-ts,^1.12.1,error-as-result,direct,1.30.1,cmd,depsdev,0.1.4
io.github.DollhouseMCP/mcp-server,npm,@dollhousemcp/mcp-server,official-ts,^1.25.1,pass,direct,1.30.1,cmd,depsdev,2.0.38
io.github.Doucs91/hivelore,npm,@hivelore/mcp,official-ts,^1.29.0,error-as-result,direct,1.30.1,cmd,depsdev,0.53.1
io.github.DrBaher/contract-ops-mcp,npm,contract-ops-mcp,official-ts,^1.29.0,error-as-result,direct,1.30.1,cmd,depsdev,0.3.0
io.github.Dswane/sports-context-protocol,npm,sports-context-protocol,official-ts,^1.12.0,error-as-result,direct,1.30.1,cmd,depsdev,0.1.2
io.github.Dusheh/myclaw-toolkit,npm,myclaw-toolkit,official-ts,^1.0.0,error-as-result,direct,1.30.1,cmd,depsdev,1.0.11
io.github.EDKarlsson/locus,pypi,locus-mcp,official-py,>=1.0,error-as-result,direct,2.2.0,cmd,depsdev,0.6.2
withheld-a02260fa692b,npm,withheld-a02260fa692b,official-ts,^1.0.0,fail,direct,1.30.1,cmd,depsdev,
io.github.Eclipse-Cj/paper-distill-mcp,pypi,paper-distill-mcp,fastmcp-py,>=2.0.0,error-as-result,direct,4.0.9,cmd,depsdev,0.2.4
io.github.Edu963/ocultar-pii,pypi,ocultar-claude-mcp,official-py,>=1.0.0,error-as-result,direct,2.2.0,cmd,depsdev,0.1.2
withheld-1d87326bab7e,npm,withheld-1d87326bab7e,none-handrolled,,fail,,,cmd,depsdev-no-sdk,
io.github.Embassy-of-the-Free-Mind/source-library,npm,@source-library/mcp-server,official-ts,^1.0.0,error-as-result,direct,1.30.1,cmd,depsdev,4.3.0
io.github.EmperorMew/voidly-mcp-server,npm,@voidly/mcp-server,official-ts,^1.0.0,error-as-result,direct,1.30.1,cmd,depsdev,2.9.1
io.github.Engr-FaizanAli/text-to-speech,pypi,text-to-speech-mcp,official-py,>=1.28.0,error-as-result,direct,2.2.0,cmd,depsdev,0.4.0
io.github.Erodenn/godot-mcp-runtime,npm,godot-mcp-runtime,official-ts,^1.25.2,pass,direct,1.30.1,cmd,depsdev,3.2.1
io.github.EthanAckerman-git/preflight-ios-mcp,npm,preflight-ios-mcp,official-ts,^1.27.0,error-as-result,direct,1.30.1,cmd,depsdev,1.0.1
io.github.EthanQC/feishu-user-plugin,npm,feishu-user-plugin,official-ts,^1.29.0,error-as-result,direct,1.30.1,cmd,depsdev,1.3.14
io.github.Evil-Bane/eyebrowse,pypi,eyebrowse,official-py,>=1.2.0,error-as-result,direct,2.2.0,cmd,depsdev,0.3.10
io.github.Evilander/audrey,npm,audrey,official-ts,^1.29.0,error-as-result,direct,1.30.1,cmd,depsdev,1.1.3
io.github.Exekiel179/mne-mcp,pypi,mne-mcp,fastmcp-py,>=2.14.0,error-as-result,direct,4.0.9,cmd,depsdev,0.2.2
io.github.ExpertVagabond/hedera-mcp,npm,@purplesquirrel/hedera-mcp,official-ts,^1.12.1,error-as-result,direct,1.30.1,cmd,depsdev,0.5.0
io.github.ExpertVagabond/ibmcloud,npm,ibmcloud-mcp-server,official-ts,^1.0.0,error-as-result,direct,1.30.1,cmd,depsdev,1.0.1
withheld-97a0c82c9fdf,npm,withheld-97a0c82c9fdf,official-ts,^1.0.0,fail,direct,1.30.1,cmd,depsdev,
io.github.ExpertVagabond/mega,npm,mega-mcp-server,official-ts,^1.0.0,error-as-result,direct,1.30.1,cmd,depsdev,1.0.1
io.github.ExpertVagabond/ordinals,npm,ordinals-mcp,official-ts,^1.8.0,error-as-result,direct,1.30.1,cmd,depsdev,0.1.2
io.github.ExpertVagabond/sui-mcp-server,npm,sui-mcp-server,official-ts,^1.20.0,error-as-result,direct,1.30.1,cmd,depsdev,0.4.2
io.github.ExpertVagabond/volcengine,npm,volcengine-mcp,official-ts,^0.5.0,error-as-result,direct,0.5.0,cmd,depsdev,1.0.1
withheld-6f9a4a25ee53,npm,withheld-6f9a4a25ee53,official-ts,^1.24.3,fail,direct,1.30.1,cmd,depsdev,
withheld-57cc4a863d3c,pypi,withheld-57cc4a863d3c,official-py,>=1.0.0,fail,direct,2.2.0,cmd,depsdev,
io.github.F-loat/mtop-devtools,npm,@mtop-devtools/mcp-server,official-ts,^1.0.4,error-as-result,direct,1.30.1,cmd,depsdev,1.37.0
io.github.FGC-Shreyansh-Chachaundiya/codesherlock-mcp-server,npm,@codesherlock/codesherlock-mcp-server,official-ts,^1.0.4,error-as-result,direct,1.30.1,cmd,depsdev,0.1.0
io.github.FSHolmberg/gridually-mcp,npm,gridually-mcp,official-ts,^1.12.0,error-as-result,direct,1.30.1,cmd,depsdev,1.0.2
io.github.Fabsbags/swisstrip-mcp,npm,swisstrip-mcp,official-ts,^1.12.1,error-as-result,direct,1.30.1,cmd,depsdev,0.6.3
io.github.FadingLight9291117/harmonyos,npm,mcp-harmonyos,official-ts,^1.0.4,error-as-result,direct,1.30.1,cmd,depsdev,1.0.3
withheld-711149f966c7,pypi,withheld-711149f966c7,none-handrolled,,fail,,,cmd,depsdev-no-sdk,
io.github.Fashad-Ahmed/universal-db-mcp,pypi,universal-db-mcp,fastmcp-py,>=2.0.0,error-as-result,direct,4.0.9,cmd,depsdev,1.1.2
io.github.Fato07/log-analyzer-mcp,pypi,codesdevs-log-analyzer,official-py,>=1.0.0,error-as-result,direct,2.2.0,cmd,depsdev,0.4.2
io.github.Fauxetine/t1-t2-protocol,pypi,t1-t2-protocol,none-handrolled,,pass,,,cmd,depsdev-no-sdk,0.1.1
io.github.Finanzgoblin/spectra-mcp-server,npm,spectra-mcp-server,official-ts,^1.12.1,error-as-result,direct,1.30.1,cmd,depsdev,1.0.0
io.github.FixtureForge/seedweaver-mcp,npm,seedweaver-mcp,official-ts,^1.0.0,error-as-result,direct,1.30.1,cmd,depsdev,0.2.0
io.github.FixtureForge/timeweaver-mcp,npm,timeweaver-mcp,official-ts,^1.0.0,error-as-result,direct,1.30.1,cmd,depsdev,0.1.1
io.github.FlawlessByte/quant-research-mcp,pypi,quant-research-mcp,official-py,>=1.27.2,error-as-result,direct,2.2.0,cmd,depsdev,0.1.0
io.github.FlywheelStudio/ulink,npm,@ulinkly/mcp-server,official-ts,^1.26.0,error-as-result,direct,1.30.1,cmd,depsdev,0.1.15
io.github.Fonteum/mcp-server,npm,@fonteum/mcp,official-ts,^1.0.0,error-as-result,direct,1.30.1,cmd,depsdev,0.2.2
io.github.FoodXDevelopment/foodblock-mcp,npm,foodblock-mcp,official-ts,^1.12.1,error-as-result,direct,1.30.1,cmd,depsdev,0.5.1
io.github.Forge-Space/ui-mcp,npm,@forgespace/ui-mcp,official-ts,^1.27.1,error-as-result,direct,1.30.1,cmd,depsdev,0.25.0
withheld-96203ca5bcb9,npm,withheld-96203ca5bcb9,official-ts,^1.24.0,error-as-result,direct,1.30.1,cmd,depsdev,
io.github.FreeGuy-AI/closeread-verify,pypi,closeread-verify,official-py,>=1.27.2,error-as-result,direct,2.2.0,cmd,depsdev,0.1.2
io.github.Frumane/gecko-mcp,npm,gecko-mcp,official-ts,^1.0.1,error-as-result,direct,1.30.1,cmd,depsdev,2.2.4
withheld-fa805102843f,npm,withheld-fa805102843f,official-ts,^1.12.0,fail,direct,1.30.1,cmd,depsdev,
io.github.G0Osey99/awesome-mineflayer-mcp,npm,awesome-mineflayer-mcp,official-ts,^1.29.0,error-as-result,direct,1.30.1,cmd,depsdev,1.3.2
io.github.GRU-953/dev953,npm,dev953-mcp,unknown,,error-as-result,,,cmd,no-graph,1.2.0
io.github.GRU-953/gru953-crew,npm,gru953-crew-mcp,unknown,,error-as-result,,,cmd,no-graph,1.0.2
io.github.GabMJ23/nyambot-mcp,pypi,nyambot-mcp,official-py,>=1.2.0,error-as-result,direct,2.2.0,cmd,depsdev,0.1.1
io.github.Gajarthan/cse-mcp,npm,@gajarthan/cse-mcp,official-ts,^1.18.2,error-as-result,direct,1.30.1,cmd,depsdev,2.0.1
io.github.Gareth1953/agent-services-mcp,npm,agent-services-mcp,official-ts,^1.29.0,error-as-result,direct,1.30.1,cmd,depsdev,0.2.1
io.github.Garl-Protocol/agent-trust,npm,@garl-protocol/mcp-server,official-ts,^1.27.1,error-as-result,direct,1.30.1,cmd,depsdev,1.1.3
io.github.Garl-Protocol/mcp-server,npm,@garl-protocol/mcp-server,official-ts,^1.27.1,error-as-result,direct,1.30.1,cmd,depsdev,1.1.2
io.github.GavMason/ani-mcp,npm,ani-mcp,fastmcp-ts,^3.33.0,pass,direct,3.35.0,cmd,depsdev,0.1.1
io.github.GerardoBarrera/pdfmakerapi-mcp,npm,@pdfmakerapi/mcp,official-ts,^1.29.0,error-as-result,direct,1.30.1,cmd,depsdev,1.0.0
io.github.Ghostkey316/vaultfire,npm,@vaultfire/mcp-server,official-ts,^1.12.0,error-as-result,direct,1.30.1,cmd,depsdev,1.0.2
io.github.GimbalGoats/maya-mcp,pypi,maya-mcp,fastmcp-py,"<4,>=3.2.4",error-as-result,direct,3.4.7,cmd,depsdev,0.6.0
withheld-f305aae6e9f6,pypi,withheld-f305aae6e9f6,official-py,>=1.0,fail,direct,2.2.0,cmd,depsdev,
io.github.Glebenjoy/defillama-mcp,npm,defillama-mcp,official-ts,^1.12.0,error-as-result,direct,1.30.1,cmd,depsdev,1.0.2
io.github.Glebenjoy/dexscreener-mcp,npm,dexscreener-mcp,official-ts,^1.12.0,error-as-result,direct,1.30.1,cmd,depsdev,1.0.2
io.github.Glebenjoy/hyperliquid-info-mcp,npm,hyperliquid-info-mcp,official-ts,^1.12.0,error-as-result,direct,1.30.1,cmd,depsdev,1.0.0
io.github.Gliana-Labs/gliana-ai-mcp,npm,gliana-ai-mcp,official-ts,^1.12.0,error-as-result,direct,1.30.1,cmd,depsdev,0.3.2
io.github.Goingparabolic/oak-longevity-mcp-server,npm,oak-longevity-mcp-server,official-ts,^1.12.0,error-as-result,direct,1.30.1,cmd,depsdev,0.1.0
io.github.Goingparabolic/painprep-mcp-server,npm,painprep-mcp-server,official-ts,^1.12.0,error-as-result,direct,1.30.1,cmd,depsdev,0.1.2
io.github.Goldentrii/agent-recall,npm,agent-recall-mcp,official-ts,^1.28.0,error-as-result,direct,1.30.1,cmd,depsdev,3.4.31
io.github.Goldentrii/proxy-veil,npm,proxy-veil,official-ts,^1.26.0,error-as-result,direct,1.30.1,cmd,depsdev,1.5.4
io.github.GoogleCloudPlatform/gemini-cloud-assist-mcp,npm,@google-cloud/gemini-cloud-assist-mcp,official-ts,^1.15.1,error-as-result,direct,1.30.1,cmd,depsdev,0.1.1
io.github.GreptimeTeam/greptimedb-mcp-server,pypi,greptimedb-mcp-server,official-py,>=1.8.0,error-as-result,direct,2.2.0,cmd,depsdev,0.4.7
io.github.Grinv/mal-mcp,npm,mal-mcp,official-ts,1.29.0,error-as-result,direct,1.29.0,cmd,depsdev,0.5.0
io.github.Grinv/steam-games-mcp,npm,steam-games-mcp,official-ts,1.29.0,error-as-result,direct,1.29.0,cmd,depsdev,0.9.0
io.github.Growi-DeFi/mcp-growi,npm,mcp-growi,official-ts,1.29.0,error-as-result,direct,1.29.0,cmd,depsdev,0.2.0
io.github.GstXu/mcp_test,npm,@pangq/mcp_test,official-ts,^1.29.0,error-as-result,direct,1.30.1,cmd,depsdev,1.0.2
io.github.Guffawaffle/lex,npm,@smartergpt/lex-mcp,none-handrolled,,warn,,,cmd,depsdev-no-sdk,1.0.2
withheld-f8e08953c762,pypi,withheld-f8e08953c762,official-py,>=1.0.0,fail,direct,2.2.0,cmd,depsdev,
io.github.HMAKT99/erabi,npm,erabi-mcp,official-ts,^1.0.0,error-as-result,direct,1.30.1,cmd,depsdev,0.1.6
io.github.HTTPayer/mcp,npm,@httpayer/mcp,official-ts,^1.10.0,error-as-result,direct,1.30.1,cmd,depsdev,0.1.7
io.github.HaD0Yun/gopeak,npm,gopeak,official-ts,0.6.0,pass,direct,0.6.0,cmd,depsdev,2.0.1
io.github.Haiku-Trading/haiku-mcp-server,npm,haiku-mcp-server,official-ts,^1.0.0,error-as-result,direct,1.30.1,cmd,depsdev,0.0.8
io.github.HalidSaglam/saglitzdesign-mcp,npm,saglitzdesign-mcp,official-ts,^1.12.0,error-as-result,direct,1.30.1,cmd,depsdev,0.12.0
io.github.HarimxChoi/google-surf-mcp,npm,google-surf-mcp,official-ts,^1.20.0,error-as-result,direct,1.30.1,cmd,depsdev,0.7.0
io.github.HatmanStack/ragstack,pypi,ragstack-mcp,official-py,>=1.0.0,error-as-result,direct,2.2.0,cmd,depsdev,0.1.4
io.github.Hebline/mcp-server,npm,@hebline.ai/mcp-server,official-ts,^1.27.1,error-as-result,direct,1.30.1,cmd,depsdev,0.2.1
io.github.Hei33enberg/marocain-mcp-server,npm,@marocain/mcp-server,official-ts,~1.29.0,error-as-result,direct,1.29.0,cmd,depsdev,0.1.9
io.github.Hei33enberg/strajkpolski-mcp,npm,@strajkpolski/mcp,unknown,,error-as-result,,,cmd,no-graph,0.4.4
io.github.HeroSizy/cucumberstudio,npm,cucumberstudio-mcp,official-ts,^1.12.3,error-as-result,direct,1.30.1,cmd,depsdev,1.2.2
io.github.HomenShum/nodebench,npm,nodebench-mcp,official-ts,^1.0.4,error-as-result,direct,1.30.1,cmd,depsdev,2.31.2
io.github.HrishiKabra/voting-mcp,pypi,voting-mcp,official-py,>=1.2.0,error-as-result,direct,2.2.0,cmd,depsdev,0.1.3
io.github.Hug0x0/mcp-reunion,npm,mcp-reunion,official-ts,^1.0.0,error-as-result,direct,1.30.1,cmd,depsdev,1.4.0
withheld-ea92f447f51d,pypi,withheld-ea92f447f51d,official-py,>=1.0.0,fail,direct,2.2.0,cmd,depsdev,
io.github.IMAGINstudio/api-docs-mcp,pypi,imagin-studio-api-docs-mcp,fastmcp-py,"<4.0.0,>=3.0.0",error-as-result,direct,3.4.7,cmd,depsdev,0.1.17
withheld-93a8367cb7cb,pypi,withheld-93a8367cb7cb,official-py,>=1.0.0,fail,direct,2.2.0,cmd,depsdev,
io.github.IMRRD/powershell-mcp,npm,powershell-mcp,official-ts,^1.0.4,error-as-result,direct,1.30.1,cmd,depsdev,0.3.1
io.github.IgniteUI/mcp-server,npm,@igniteui/mcp-server,official-ts,^1.12.1,error-as-result,direct,1.30.1,cmd,depsdev,15.4.0
io.github.Infrawise/mcp-server,npm,@infrawise/mcp-server,official-ts,^1.18.1,error-as-result,direct,1.30.1,cmd,depsdev,0.5.1
io.github.InnarM/blank-invoice-maker,npm,blank-invoice-maker-mcp,official-ts,^1.12.0,error-as-result,direct,1.30.1,cmd,depsdev,1.0.2
io.github.InstaNode-dev/mcp,npm,@instanode/mcp,official-ts,^1.10.2,error-as-result,direct,1.30.1,cmd,depsdev,0.7.2
io.github.IntelagentStudios/mcp-enrichment,npm,@intelagent/mcp-enrichment,official-ts,^1.12.0,error-as-result,direct,1.30.1,cmd,depsdev,0.1.1
io.github.IntelagentStudios/mcp-file-processor,npm,@intelagent/mcp-file-processor,official-ts,^1.12.0,error-as-result,direct,1.30.1,cmd,depsdev,0.1.1
io.github.Intina47/context-sync,npm,@context-sync/server,official-ts,^0.5.0,warn,direct,0.5.0,cmd,depsdev,1.0.1
io.github.JKHeadley/threadline-mcp,npm,threadline-mcp,official-ts,^1.27.1,error-as-result,direct,1.30.1,cmd,depsdev,0.1.2
io.github.JSONbored/heyclaude,npm,@heyclaude/mcp,official-ts,1.29.0,error-as-result,direct,1.29.0,cmd,depsdev,0.4.0
io.github.JXUE0/opencut-controller,npm,opencut-controller,official-ts,^1.29.0,error-as-result,direct,1.30.1,cmd,depsdev,1.30.0
io.github.JarvisOnM4/report-needs,pypi,report-needs,official-py,>=1.0.0,error-as-result,direct,2.2.0,cmd,depsdev,0.1.1
io.github.Jason26214/pwsh-exec-mcp,pypi,pwsh-exec,fastmcp-py,>=3.1.0,error-as-result,direct,4.0.9,cmd,depsdev,1.0.1
io.github.JayOfemi/byakugan,npm,@jayofemi/ai-checker,official-ts,^1.0.0,error-as-result,direct,1.30.1,cmd,depsdev,1.0.0
io.github.JayOfemi/shikamaru,npm,@jayofemi/shikamaru,official-ts,^1.0.0,error-as-result,direct,1.30.1,cmd,depsdev,1.1.1
io.github.JayQuan-McCleary/zenlink-mcp,pypi,zenlink-mcp,official-py,>=1.2.0,error-as-result,direct,2.2.0,cmd,depsdev,2.0.3
io.github.Jhackman2019/codebase-context-mcp,npm,codebase-context-mcp,official-ts,^1.12.1,error-as-result,direct,1.30.1,cmd,depsdev,1.0.1
io.github.Jmeg8r/astgl-knowledge,npm,mcp-astgl-knowledge,official-ts,^1.12.1,error-as-result,direct,1.30.1,cmd,depsdev,1.1.0
withheld-1fd4663e369e,pypi,withheld-1fd4663e369e,official-py,>=1.2.0,fail,direct,2.2.0,cmd,depsdev,
io.github.JoernBerkefeld/mcp-server-mcdev,npm,mcp-server-mcdev,official-ts,^1.29.0,error-as-result,direct,1.30.1,cmd,depsdev,0.1.1
io.github.JoernBerkefeld/mcp-server-sfmc,npm,mcp-server-sfmc,official-ts,^1.29.0,error-as-result,direct,1.30.1,cmd,depsdev,2.1.1
io.github.JonasFuchss/x402-trust-mcp,npm,x402-trust-mcp,official-ts,^1.29.0,error-as-result,direct,1.30.1,cmd,depsdev,1.7.1
io.github.JonasRackl/labmate-mcp,pypi,labmate-mcp,official-py,>=1.0.0,error-as-result,direct,2.2.0,cmd,depsdev,7.3.1
io.github.JonathanWeerakkody/vectorise,npm,vectorizer-mcp,official-ts,^1.12.0,error-as-result,direct,1.30.1,cmd,depsdev,0.2.0
io.github.JonesRobM/physbound,pypi,physbound,fastmcp-py,==2.14.5,error-as-result,direct,2.14.5,cmd,depsdev,0.1.2
io.github.JoyTruepath/truepath-pdf-mcp,npm,@truepathpdf/mcp-server,official-ts,^1.29.0,error-as-result,direct,1.30.1,cmd,depsdev,0.3.0
io.github.Jrigada/foundry-zksync,npm,foundry-zksync-mcp,official-ts,^1.12.1,error-as-result,direct,1.30.1,cmd,depsdev,0.2.3
io.github.JuanCF/scrcpy-mcp,npm,scrcpy-mcp,official-ts,^1.27.1,error-as-result,direct,1.30.1,cmd,depsdev,0.4.0
io.github.JuhongPark/pronunciation,pypi,mcp-server-pronunciation,official-py,"<2,>=1.2",error-as-result,direct,1.30.0,cmd,depsdev,0.3.0
io.github.Junhui20/mycal,npm,@catlabtech/mycal-mcp-server,official-ts,^1.12.0,error-as-result,direct,1.30.1,cmd,depsdev,0.1.4
io.github.Justice219/roblox-studio-mcp,npm,@jamesworkbenchcrm/roblox-studio-mcp,official-ts,^1.12.1,error-as-result,direct,1.30.1,cmd,depsdev,1.0.1
io.github.JustinBeckwith/linkinator-mcp,npm,linkinator-mcp,official-ts,^1.29.0,error-as-result,direct,1.30.1,cmd,depsdev,0.2.5
io.github.KNambiarDJsc/meridian-mcp,pypi,meridian-mcp,fastmcp-py,"<3.0,>=2.0",error-as-result,direct,2.14.7,cmd,depsdev,0.3.3
io.github.KairosMobius/memory-nexus-mcp,npm,@memory-nexus/mcp,official-ts,^1.26.0,error-as-result,direct,1.30.1,cmd,depsdev,1.0.0
io.github.KairosMobius/nexus-memory-mcp,npm,nexus-memory-mcp,official-ts,^1.26.0,error-as-result,direct,1.30.1,cmd,depsdev,1.0.2
io.github.Kali123411/k402,pypi,k402-mcp,official-py,>=1.2,error-as-result,direct,2.2.0,cmd,depsdev,0.7.0
io.github.KamaruSama/mcp-google-forms,pypi,mcp-google-forms,official-py,>=1.27.0,error-as-result,direct,2.2.0,cmd,depsdev,1.0.1
io.github.KamaruSama/mcp-sudo,pypi,mcp-sudo,official-py,>=1.27.0,error-as-result,direct,2.2.0,cmd,depsdev,1.0.1
io.github.Kapeli/dash-mcp-server,pypi,dash-mcp-server,official-py,>=1.13.1,error-as-result,direct,2.2.0,cmd,depsdev,1.1.1
io.github.KarstenKreh/standby-design-mcp,npm,standby-design-mcp,official-ts,^1.12.0,error-as-result,direct,1.30.1,cmd,depsdev,0.1.5
io.github.Kastalien-Research/thoughtbox,npm,@kastalien-research/thoughtbox,official-ts,1.20.0,error-as-result,direct,1.20.0,cmd,depsdev,1.0.3
io.github.KatoMato65/time-mcp,npm,@katomato65/time-mcp,official-ts,^1.0.4,warn,direct,1.30.1,cmd,depsdev,1.0.2
io.github.Keesan12/martin-loop,npm,@martinloop/mcp,official-ts,^1.0.0,error-as-result,direct,1.30.1,cmd,depsdev,0.2.5
io.github.KeithWyatt/sundr-mcp,npm,sundr-mcp,official-ts,^1.0.0,error-as-result,direct,1.30.1,cmd,depsdev,0.2.2
io.github.Kentucky-ai/opentakeoff,npm,opentakeoff-mcp,official-ts,^1.12.0,error-as-result,direct,1.30.1,cmd,depsdev,0.3.0
io.github.KevinRabun/FedRAMP20xMCP,pypi,fedramp-20x-mcp,official-py,>=1.2.0,error-as-result,direct,2.2.0,cmd,depsdev,1.3.0
io.github.KevinRabun/GDPRShiftLeftMCP,pypi,gdpr-shift-left-mcp,official-py,>=1.2.0,error-as-result,direct,2.2.0,cmd,depsdev,0.4.0
io.github.Kevinx702/agentcite,npm,agentcite-mcp,official-ts,^1.0.0,error-as-result,direct,1.30.1,cmd,depsdev,0.1.1
io.github.Kevinx702/legalcite,npm,legalcite-mcp,official-ts,^1.0.0,error-as-result,direct,1.30.1,cmd,depsdev,0.1.0
io.github.KeyID-AI/keyid,npm,@keyid/agent-kit,official-ts,^1.27.1,error-as-result,direct,1.30.1,cmd,depsdev,0.2.10
io.github.KhizarShabir1/portfolio-signals,pypi,portfolio-signals-mcp,official-py,>=1.2.0,error-as-result,direct,2.2.0,cmd,depsdev,0.1.1
withheld-2cfec3d0e3c4,pypi,withheld-2cfec3d0e3c4,none-handrolled,,error-as-result,,,cmd,depsdev-no-sdk,
io.github.KitDevUA/video-vision-mcp,pypi,video-vision-mcp,official-py,>=1.2.0,error-as-result,direct,2.2.0,cmd,depsdev,0.5.0
io.github.Klawdik/forex-mobile,npm,forex-mobile-mcp,official-ts,^1.0.0,warn,direct,1.30.1,cmd,depsdev,1.0.2
withheld-f73dbbc3247b,pypi,withheld-f73dbbc3247b,official-py,>=1.0.0,fail,direct,2.2.0,cmd,depsdev,
io.github.Koneisto/no-as-a-service,npm,no-as-service,official-ts,^1.22.0,error-as-result,direct,1.30.1,cmd,depsdev,1.0.2
io.github.KoyoYeager/pystub,pypi,mcp-pystub,official-py,>=1.0.0,error-as-result,direct,2.2.0,cmd,depsdev,0.1.1
io.github.Krv-Labs/topos,pypi,topos-mcp,fastmcp-py,>=3.4.2,error-as-result,direct,4.0.9,cmd,depsdev,0.3.11
io.github.KyaniteLabs/kinocut,pypi,kinocut,official-py,>=1.27.0,error-as-result,direct,2.2.0,cmd,depsdev,1.9.0
io.github.KyaniteLabs/mcp-video,pypi,mcp-video,official-py,>=1.27.0,error-as-result,direct,2.2.0,cmd,depsdev,1.6.0
io.github.KyuRish/fiverr-mcp-server,pypi,fiverr-mcp-server,official-py,>=1.0.0,error-as-result,direct,2.2.0,cmd,depsdev,0.1.1
io.github.L337-org/docker-mcp-server,pypi,docker-mcp-server,official-py,>=1.27.1,error-as-result,direct,2.2.0,cmd,depsdev,2.1.4
io.github.LEOyrh/mcp-atlas,npm,@urbankitstudio/mcp-atlas,official-ts,^1.29.0,error-as-result,direct,1.30.1,cmd,depsdev,0.1.5
io.github.LGDiMaggio/mcp-server-mcsa,pypi,mcp-server-mcsa,official-py,>=1.0.0,error-as-result,direct,2.2.0,cmd,depsdev,0.2.1
io.github.LGDiMaggio/predictive-maintenance-mcp,pypi,predictive-maintenance-mcp,official-py,>=1.16.0,error-as-result,direct,2.2.0,cmd,depsdev,0.9.1
io.github.LanceRoylo/mcp,npm,@neverranked/mcp,official-ts,^1.0.0,warn,direct,1.30.1,cmd,depsdev,0.1.2
io.github.LembaGang/headless-oracle-mcp,npm,headless-oracle-mcp,none-handrolled,,pass,,,cmd,depsdev-no-sdk,1.0.3
io.github.LeonTing1010/tap,npm,@taprun/cli,none-handrolled,,pass,,,cmd,depsdev-no-sdk,0.20.7
io.github.Licinexus/mcp,npm,@licinexusbr/mcp,official-ts,^1.0.4,error-as-result,direct,1.30.1,cmd,depsdev,0.1.2
io.github.LightSpeedPlusOne/invovate-mcp-server,npm,invovate-mcp-server,official-ts,^1.0.0,error-as-result,direct,1.30.1,cmd,depsdev,0.1.1
io.github.Liplus-Project/github-webhook-mcp,npm,github-webhook-mcp,official-ts,^1.0.0,error-as-result,direct,1.30.1,cmd,depsdev,0.8.2
io.github.LizzleChen/local-dfw-mcp,npm,local-dfw-mcp,official-ts,^1.29.0,error-as-result,direct,1.30.1,cmd,depsdev,0.2.3
io.github.LockSpec/lockspec,npm,lockspec,official-ts,^1.29.0,error-as-result,direct,1.30.1,cmd,depsdev,1.0.1
withheld-43484b4c9f5d,pypi,withheld-43484b4c9f5d,none-handrolled,,fail,,,cmd,depsdev-no-sdk,
io.github.Looney-tic/intel-overdrive,npm,intel-overdrive-mcp,official-ts,^1.0.0,error-as-result,direct,1.30.1,cmd,depsdev,0.9.1
io.github.Lore-Context/lore-context-mcp,npm,@lore-context/server,official-ts,^1.29.0,pass,direct,1.30.1,cmd,depsdev,0.6.0-alpha.1
io.github.LorgAI/lorg-mcp-server,npm,lorg-mcp-server,official-ts,^1.27.1,error-as-result,direct,1.30.1,cmd,depsdev,1.4.4
io.github.LovRanRan/mcp-ast-explorer,pypi,mcp-ast-explorer,fastmcp-py,>=2.0,error-as-result,direct,4.0.9,cmd,depsdev,0.1.0
io.github.LovRanRan/mcp-repo-mapper,pypi,mcp-repo-mapper,fastmcp-py,>=2.0,error-as-result,direct,4.0.9,cmd,depsdev,0.1.0
io.github.Lucid-Systems-LLC/lucid-apple-mcp,npm,lucid-apple-mcp,official-ts,^1.29.0,error-as-result,direct,1.30.1,cmd,depsdev,0.3.0
io.github.LuisEBautistaR/dropmind-mcp,pypi,dropmind-mcp,official-py,>=1.2.0,error-as-result,direct,2.2.0,cmd,depsdev,0.1.1
io.github.LuisEnVilla/furniture-designer-mcp,pypi,furniture-designer-mcp,official-py,>=1.12.2,error-as-result,direct,2.2.0,cmd,depsdev,0.1.3
io.github.Luminaire1337/mtasa-docs-mcp,npm,mtasa-docs-mcp,official-ts,^1.29.0,error-as-result,direct,1.30.1,cmd,depsdev,1.0.3
io.github.LunarPerovskite/docalyze,pypi,docalyze-mcp-server,official-py,>=1.0.0,error-as-result,direct,2.2.0,cmd,depsdev,0.2.1
io.github.LuuOW/meridian-skills,npm,meridian-skills-mcp,official-ts,^1.0.0,error-as-result,direct,1.30.1,cmd,depsdev,1.0.0
io.github.Lyellr88/buddy-mcp,npm,@lyellr88/buddy-mcp,official-ts,^1.29.0,warn,direct,1.30.1,cmd,depsdev,1.4.4
io.github.Lykhoyda/ask-antigravity,npm,@ask-llm/antigravity-mcp,official-ts,^1.27.1,error-as-result,direct,1.30.1,cmd,depsdev,0.5.0
io.github.Lykhoyda/ask-claude,npm,@ask-llm/claude-mcp,official-ts,^1.27.1,error-as-result,direct,1.30.1,cmd,depsdev,0.1.3
io.github.Lykhoyda/ask-codex,npm,@ask-llm/codex-mcp,official-ts,^1.27.1,error-as-result,direct,1.30.1,cmd,depsdev,0.7.0
io.github.Lykhoyda/ask-gemini,npm,@ask-llm/gemini-mcp,official-ts,^1.27.1,error-as-result,direct,1.30.1,cmd,depsdev,1.6.16
io.github.Lykhoyda/ask-llm,npm,@ask-llm/mcp,official-ts,^1.27.1,error-as-result,direct,1.30.1,cmd,depsdev,0.6.0
io.github.Lykhoyda/ask-ollama,npm,@ask-llm/ollama-mcp,official-ts,^1.27.1,error-as-result,direct,1.30.1,cmd,depsdev,0.5.3
io.github.MMasey/atag-mcp,npm,atag-mcp,official-ts,^1.12.1,warn,direct,1.30.1,cmd,depsdev,1.0.2
io.github.MPP32/mpp32-mcp-server,npm,mpp32-mcp-server,official-ts,^1.12.0,error-as-result,direct,1.30.1,cmd,depsdev,1.1.2
io.github.MUSE-CODE-SPACE/content-genie,npm,content-genie-mcp,official-ts,^1.25.1,error-as-result,direct,1.30.1,cmd,depsdev,2.9.4
io.github.MUSE-CODE-SPACE/test-genie,npm,test-genie-mcp,official-ts,^1.0.0,error-as-result,direct,1.30.1,cmd,depsdev,2.0.3
io.github.MUSE-CODE-SPACE/vibe-coding,npm,vibe-coding-mcp,official-ts,^1.0.0,error-as-result,direct,1.30.1,cmd,depsdev,2.12.1
io.github.MaFady/tabler-mcp-server,npm,tabler-mcp-server,official-ts,^1.12.0,error-as-result,direct,1.30.1,cmd,depsdev,1.0.1
io.github.MadeOnSol/madeonsol,npm,mcp-server-madeonsol,official-ts,^1.12.1,error-as-result,direct,1.30.1,cmd,depsdev,1.20.0
io.github.Madia333/lintbase-mcp,npm,lintbase-mcp,official-ts,^1.27.1,error-as-result,direct,1.30.1,cmd,depsdev,0.1.3
io.github.MakeaMouse/fish-bridge-mcp,pypi,fish-bridge-mcp,official-py,"<2,>=1.25",error-as-result,direct,1.30.0,cmd,depsdev,0.1.3
io.github.Mameta29/japan-data-mcp,npm,@mameta/japan-data-mcp,official-ts,^1.29.0,error-as-result,direct,1.30.1,cmd,depsdev,1.1.0
io.github.MananSingh2001/figma-react,npm,@manansiingh/figma-react-mcp-server,official-ts,^1.4.1,warn,direct,1.30.1,cmd,depsdev,1.0.3
io.github.MarvelNwachukwu/mcp-pear,npm,@marvelcodes/mcp-pear,fastmcp-ts,^3.0.0,pass,direct,3.35.0,cmd,depsdev,0.2.2
io.github.Marysbrain/x402-gateway-mcp,npm,x402-gateway-mcp,official-ts,1.29.0,error-as-result,direct,1.29.0,cmd,depsdev,0.2.0
io.github.Mason-Levyy/mfp-mcp,pypi,mfp-mcp,none-handrolled,,error-as-result,,,cmd,depsdev-no-sdk,0.2.0
io.github.MasonChow/source-map-parser-mcp,npm,source-map-parser-mcp,none-handrolled,,pass,,,cmd,dev-only-sdk:official-ts,1.3.2
io.github.MasterPlayspots/motionspec,npm,motionspec,official-ts,1.29.0,error-as-result,direct,1.29.0,cmd,depsdev,1.2.5
io.github.Mastercard/developers-mcp,npm,@mastercard/developers-mcp,official-ts,^1.27.1,error-as-result,direct,1.30.1,cmd,depsdev,0.1.5
io.github.MattJeff/orizn-visa-mcp,npm,orizn-visa-mcp,official-ts,^1.12.0,pass,direct,1.30.1,cmd,depsdev,1.0.2
io.github.Maverick7/glue-code-generator,npm,mcp-glue-code-generator,official-ts,^1.0.0,error-as-result,direct,1.30.1,cmd,depsdev,1.0.6
withheld-8766d178e912,pypi,withheld-8766d178e912,official-py,>=1.2.0,fail,direct,2.2.0,cmd,depsdev,
io.github.MayankTalwar0/carbon-footprint-mcp,pypi,carbon-footprint-mcp,official-py,>=1.1.1,error-as-result,direct,2.2.0,cmd,depsdev,1.0.0
io.github.MayankTalwar0/startup-finance-metrics,pypi,startup-finance-mcp,official-py,>=1.1.1,error-as-result,direct,2.2.0,cmd,depsdev,1.1.2
io.github.Mearman/mcp-wayback-machine,npm,mcp-wayback-machine,official-ts,1.29.0,error-as-result,direct,1.29.0,cmd,depsdev,3.7.1
io.github.MeasureSpace/measure-space-mcp-server,npm,@measurespace/measure-space-mcp-server,official-ts,^1.0.3,error-as-result,direct,1.30.1,cmd,depsdev,0.1.0
io.github.MendleM/pipepost,npm,pipepost-mcp,official-ts,^1.12.0,error-as-result,direct,1.30.1,cmd,depsdev,0.9.0
io.github.Merit-Systems/agentcash,npm,agentcash,official-ts,^1.27.0,error-as-result,direct,1.30.1,cmd,depsdev,0.13.4
io.github.MetriLLM/metrillm,npm,metrillm-mcp,official-ts,^1.27.1,error-as-result,direct,1.30.1,cmd,depsdev,0.2.6
io.github.Michael-WhiteCapData/WhiteCapData-Dev,pypi,whitecapdata-dev,official-py,>=1.2,error-as-result,direct,2.2.0,cmd,depsdev,0.1.2
io.github.Michael-WhiteCapData/ollama-handoff,pypi,ollama-handoff,official-py,>=1.2,error-as-result,direct,2.2.0,cmd,depsdev,0.1.2
io.github.Michael-WhiteCapData/tablebridge-mcp,pypi,tablebridge,official-py,>=1.2,error-as-result,direct,2.2.0,cmd,depsdev,0.1.1
withheld-e38ece2a868a,pypi,withheld-e38ece2a868a,fastmcp-py,"<3.0.0,>=2.0.0",error-as-result,direct,2.14.7,cmd,depsdev,
withheld-fed5ad8f2012,pypi,withheld-fed5ad8f2012,fastmcp-py,"<3.0.0,>=2.0.0",error-as-result,direct,2.14.7,cmd,depsdev,
io.github.MinaProtocol/mina-mcp-server,npm,@o1-labs/mina-mcp-server,official-ts,^1.12.1,error-as-result,direct,1.30.1,cmd,depsdev,0.7.3
withheld-10f9f654ac61,pypi,withheld-10f9f654ac61,official-py,>=1.0,fail,direct,2.2.0,cmd,depsdev,
io.github.MkTurner74/botverse,npm,botverse-mcp,none-handrolled,,warn,,,cmd,depsdev-no-sdk,1.3.0
io.github.MobAI-App/mobai-mcp,npm,mobai-mcp,official-ts,^1.25.3,error-as-result,direct,1.30.1,cmd,depsdev,1.2.1
io.github.MobileReality/mdma,npm,@mobile-reality/mdma-mcp,official-ts,^1.12.0,error-as-result,direct,1.30.1,cmd,depsdev,0.2.4
io.github.ModelBound/modelbound-mcp,npm,modelbound-mcp,official-ts,^1.0.4,error-as-result,direct,1.30.1,cmd,depsdev,0.1.2
io.github.MohamedAbdallah-14/prompt-to-asset,npm,prompt-to-asset,official-ts,^1.29.0,error-as-result,direct,1.30.1,cmd,depsdev,0.4.2
io.github.MoltyCel/moltrust-mcp-server,pypi,moltrust-mcp-server,official-py,>=1.0.0,error-as-result,direct,2.2.0,cmd,depsdev,0.7.0
io.github.MongLong0214/stockmatrix-mcp,npm,stockmatrix-mcp,official-ts,^1.29.0,error-as-result,direct,1.30.1,cmd,depsdev,0.5.0
io.github.Mostov82/conducted-mcp,npm,conducted-mcp,official-ts,^1.29.0,error-as-result,direct,1.30.1,cmd,depsdev,0.1.1
io.github.MrCartographer/cartography-mcp-server,npm,cartography-mcp-server,official-ts,^1.0.0,error-as-result,direct,1.30.1,cmd,depsdev,1.2.0
io.github.MrCartographer/crypto-analysis-human-mcp,npm,crypto-analysis-human-mcp,official-ts,^1.0.0,error-as-result,direct,1.30.1,cmd,depsdev,1.6.1
io.github.MrCerq/agentcanary,npm,agentcanary-mcp,official-ts,^1.27.1,error-as-result,direct,1.30.1,cmd,depsdev,1.4.8
io.github.MukundaKatta/agentcast,npm,@mukundakatta/agentcast-mcp,official-ts,^1.0.0,error-as-result,direct,1.30.1,cmd,depsdev,0.1.0
io.github.MukundaKatta/agentfit,npm,@mukundakatta/agentfit-mcp,official-ts,^1.0.0,error-as-result,direct,1.30.1,cmd,depsdev,0.1.0
io.github.MukundaKatta/agentguard,npm,@mukundakatta/agentguard-mcp,official-ts,^1.0.0,error-as-result,direct,1.30.1,cmd,depsdev,0.1.0
io.github.MukundaKatta/agentsnap,npm,@mukundakatta/agentsnap-mcp,official-ts,^1.0.0,error-as-result,direct,1.30.1,cmd,depsdev,0.1.0
io.github.MukundaKatta/agentvet,npm,@mukundakatta/agentvet-mcp,official-ts,^1.0.0,error-as-result,direct,1.30.1,cmd,depsdev,0.1.0
io.github.MukundaKatta/streamparse,npm,@mukundakatta/streamparse-mcp,official-ts,^1.0.0,error-as-result,direct,1.30.1,cmd,depsdev,1.0.1
io.github.Musaraf-M/sentinal-mcp,npm,@md-musaraf/sentinal-mcp,official-ts,^1.12.0,error-as-result,direct,1.30.1,cmd,depsdev,1.0.5
io.github.Mustafashehab/sima-mcp-server,npm,@sima-prime/mcp-server,official-ts,^1.29.0,warn,direct,1.30.1,cmd,depsdev,0.1.6
io.github.NIKX-Tech/sentor-mcp,pypi,sentor-mcp,official-py,>=1.0.0,error-as-result,direct,2.2.0,cmd,depsdev,1.0.5
withheld-548483b88660,npm,withheld-548483b88660,none-handrolled,,fail,,,cmd,depsdev-no-sdk,
withheld-070eb60fb6db,npm,withheld-070eb60fb6db,none-handrolled,,fail,,,cmd,depsdev-no-sdk,
withheld-6ffcef4010fc,pypi,withheld-6ffcef4010fc,official-py,>=1.2.0,fail,direct,2.2.0,cmd,depsdev,
io.github.Nano-Nimbus/locus,pypi,locus-mcp,official-py,>=1.26.0,error-as-result,direct,2.2.0,cmd,depsdev,0.9.0
io.github.Narazgul/getalife-budget,npm,mcp-server-getalife,official-ts,^1.29.0,error-as-result,direct,1.30.1,cmd,depsdev,2.0.1
io.github.NasserAlbusaidi/macrofactor-mcp,pypi,macrofactor-mcp,official-py,"<2,>=1.26.0",error-as-result,direct,1.30.0,cmd,depsdev,0.1.1
io.github.Nekzus/npm-sentinel-mcp,npm,@nekzus/mcp-server,official-ts,^1.29.0,error-as-result,direct,1.30.1,cmd,depsdev,1.20.0
withheld-f195c08bb670,pypi,withheld-f195c08bb670,official-py,"<2,>=1.2",fail,direct,1.30.0,cmd,depsdev,
withheld-5cd3780bc135,pypi,withheld-5cd3780bc135,official-py,>=1.0.0,fail,direct,2.2.0,cmd,depsdev,
io.github.Neverlow512/agent-droid-bridge,pypi,agent-droid-bridge,fastmcp-py,"<4.0.0,>=3.1.0",error-as-result,direct,3.4.7,cmd,depsdev,0.6.1
io.github.New1Direction/korg-recall-mcp,npm,@korgg/recall-mcp,official-ts,^1.0.0,warn,direct,1.30.1,cmd,depsdev,0.1.1
io.github.NicolaiJohannesen/tradetime-mcp,npm,tradetime-mcp,fastmcp-ts,^4.4.0,pass,direct,4.20.17,cmd,depsdev,0.1.2
io.github.NicolasMartalog/docweave-mcp,npm,@docweave/mcp,official-ts,^1.13.0,error-as-result,direct,1.30.1,cmd,depsdev,0.2.0
io.github.NikitaDatar/vectordecisions-mcp-server,npm,vectordecisions-mcp-server,official-ts,^1.0.0,error-as-result,direct,1.30.1,cmd,depsdev,1.0.3
io.github.Nikoble1926/kraken-signals-mcp,npm,kraken-signals-mcp,official-ts,^1.9.0,error-as-result,direct,1.30.1,cmd,depsdev,1.1.1
io.github.NikolaNddTesla/sshmcp,npm,@nl4ever/sshmcp,official-ts,^1.28.0,error-as-result,direct,1.30.1,cmd,depsdev,1.2.1
io.github.Ninjabeam20/sportiq-mcp,pypi,sportiq-mcp,official-py,>=1.2.0,error-as-result,direct,2.2.0,cmd,depsdev,0.3.1
io.github.Nizoka/pdfnative-mcp,npm,pdfnative-mcp,official-ts,^1.29.0,error-as-result,direct,1.30.1,cmd,depsdev,1.4.0
io.github.Nodeflare-app/nodeflare-mcp,npm,nodeflare-mcp,official-ts,^1.12.0,error-as-result,direct,1.30.1,cmd,depsdev,0.2.0
io.github.Northy9/labelchop-mcp-server,npm,labelchop-mcp-server,official-ts,^1.13.0,error-as-result,direct,1.30.1,cmd,depsdev,0.1.2
io.github.NotHarshhaa/devops-mcp,npm,@notharshhaa/devops-mcp,official-ts,^1.0.4,error-as-result,direct,1.30.1,cmd,depsdev,2.1.0
io.github.NovadaLabs/proxy4agents-mcp,npm,bestproxy4agents-mcp,official-ts,^1.26.0,error-as-result,direct,1.30.1,cmd,depsdev,1.7.0
withheld-339b49259fbd,pypi,withheld-339b49259fbd,official-py,>=1.0.0,fail,direct,2.2.0,cmd,depsdev,
io.github.ODU33104/rive-mcp,npm,rive-mcp-server,official-ts,^1.12.0,error-as-result,direct,1.30.1,cmd,depsdev,0.2.0
io.github.ONLYOFFICE/docspace,npm,@onlyoffice/docspace-mcp,none-handrolled,,error-as-result,,,cmd,dev-only-sdk:official-ts,3.2.0
io.github.Octid-io/osmp,pypi,osmp-mcp,official-py,>=1.0.0,error-as-result,direct,2.2.0,cmd,depsdev,1.3.3
io.github.OdinBot33/cce-mcp-server,npm,cce-mcp-server,official-ts,^1.12.1,error-as-result,direct,1.30.1,cmd,depsdev,1.3.1
io.github.OguntolaIbrahim/image-viewer,npm,inchat-image-viewer-mcp,official-ts,^1.0.4,warn,direct,1.30.1,cmd,depsdev,1.0.1
io.github.OilpriceAPI/mcp-server,npm,oilpriceapi-mcp,official-ts,^1.25.2,error-as-result,direct,1.30.1,cmd,depsdev,2.6.1
io.github.OmniSocKit/omnisockit-mcp,npm,@omnisockit/mcp-server,official-ts,^1.27.1,error-as-result,indirect,1.30.1,cmd,depsdev,0.1.5
io.github.Omodaka9375/wake,npm,wake-mcp-server,none-handrolled,,pass,,,cmd,depsdev-no-sdk,2.2.2
io.github.OnChainAIIntel/pqs-mcp-server,npm,pqs-mcp-server,official-ts,^1.29.0,warn,direct,1.30.1,cmd,depsdev,1.4.0
io.github.Oncorporation/filesystem-server,pypi,vs-filesystem-mcp-server,fastmcp-py,,error-as-result,direct,4.0.9,cmd,depsdev,0.1.3
io.github.OndrejLapes/gretl-mcp,npm,gretl-mcp,official-ts,^1.17.5,error-as-result,direct,1.30.1,cmd,depsdev,0.2.1
io.github.OnticX/open-mcp-registry,pypi,open-mcp-registry,official-py,,error-as-result,direct,2.2.0,cmd,depsdev,0.1.0
io.github.OnticX/search-mcp-registry,pypi,search-mcp-registry,official-py,,error-as-result,direct,2.2.0,cmd,depsdev,0.1.4
io.github.Oortonaut/mcacp,npm,mcacp,official-ts,^1.12.1,error-as-result,direct,1.30.1,cmd,depsdev,0.1.3
io.github.OpenTrain-AI/opentrain,npm,@opentrain-ai/mcp,official-ts,^1.29.0,error-as-result,direct,1.30.1,cmd,depsdev,0.2.2
io.github.Ophir-ai-creator/ophir,npm,@ophirai/mcp-server,none-handrolled,,pass,,,cmd,depsdev-no-sdk,0.2.1
io.github.Optisol-Business/db-metadata-extractor-mcp,pypi,db-metadata-extractor-mcp,official-py,,error-as-result,direct,2.2.0,cmd,depsdev,0.1.6
io.github.OrchestraPrime/orchestraprime,npm,@orchestraprime/mcp-server,official-ts,^1.25.3,error-as-result,indirect,1.30.1,cmd,depsdev,2.0.1
io.github.OrderlyNetwork/orderly-mcp,npm,@orderly.network/mcp-server,official-ts,^1.25.3,error-as-result,direct,1.30.1,cmd,depsdev,1.1.1
io.github.OsamaHassouna/email-playbook-mcp,npm,email-playbook-mcp,official-ts,^1.0.4,error-as-result,direct,1.30.1,cmd,depsdev,0.6.3
io.github.OtherVibes/mcp-as-a-judge,pypi,mcp-as-a-judge,official-py,>=1.13.0,error-as-result,direct,2.2.0,cmd,depsdev,0.3.20
withheld-79ebaf603916,pypi,withheld-79ebaf603916,official-py,>=1.18.0,fail,direct,2.2.0,cmd,depsdev,
withheld-eceda05efbe1,npm,withheld-eceda05efbe1,official-ts,^1.0.4,fail,direct,1.30.1,cmd,depsdev,
io.github.PKaldone/substrate,npm,substrate-mcp,none-handrolled,,warn,,,cmd,depsdev-no-sdk,1.0.1
io.github.PagerDuty/pagerduty-mcp,pypi,pagerduty-mcp,official-py,>=1.8.0,error-as-result,direct,2.2.0,cmd,depsdev,0.2.1
io.github.Pantani/ableton-mind,npm,ableton-mind,official-ts,^1.0.4,error-as-result,direct,1.30.1,cmd,depsdev,0.1.1
io.github.Pantani/tdmcp,npm,@dpantani/tdmcp,official-ts,^1.29.0,error-as-result,direct,1.30.1,cmd,depsdev,0.13.1
withheld-25cb73588f6a,npm,withheld-25cb73588f6a,official-ts,^1.25.2,fail,direct,1.30.1,cmd,depsdev,
io.github.ParkSangGwon/admob-mcp-server,npm,admob-mcp-server,official-ts,^1.29.0,error-as-result,direct,1.30.1,cmd,depsdev,0.1.1
io.github.Patrizzos/stylespeak,npm,@patrizzos/stylespeak,none-handrolled,,error-as-result,,,cmd,depsdev-no-sdk,0.1.0
io.github.PaulRichez/devkit-for-strapi-mcp,npm,devkit-for-strapi-mcp,none-handrolled,,error-as-result,,,cmd,dev-only-sdk:official-ts,0.1.3
io.github.PaulieB14/subgraph-registry-mcp,npm,subgraph-registry-mcp,official-ts,^1.12.1,error-as-result,direct,1.30.1,cmd,depsdev,0.4.2
io.github.PavelGuzenfeld/media-forge,npm,mcp-media-forge,official-ts,^1.0.0,error-as-result,direct,1.30.1,cmd,depsdev,0.2.0
io.github.Perufitlife/deep-research-mcp-server,npm,deep-research-mcp-server,official-ts,^1.0.0,error-as-result,direct,1.30.1,cmd,depsdev,1.0.2
io.github.PhilipAD/health-export-mcp,npm,health-export-mcp,unknown,,pass,,,cmd,no-graph,1.0.0
io.github.Philongevity/phi-longevity-prism,npm,@phi-longevity/mcp-server,official-ts,^1.0.0,error-as-result,direct,1.30.1,cmd,depsdev,0.6.2
io.github.PiQrypt/audit-trail,npm,@piqrypt/mcp-server,official-ts,^0.5.0,error-as-result,direct,0.5.0,cmd,depsdev,1.5.2
io.github.PonzuTech/ponzu,npm,@ponzu_app/mcp,official-ts,1.11.4,pass,direct,1.11.4,cmd,depsdev,1.1.0
io.github.PramodDutta/qaskills,npm,@qaskills/mcp,official-ts,^1.29.0,error-as-result,direct,1.30.1,cmd,depsdev,0.1.2
io.github.PrinceGabriel-lgtm/freshcontext,npm,freshcontext-mcp,official-ts,^1.0.0,error-as-result,direct,1.30.1,cmd,depsdev,0.3.17
io.github.PrintrFi/printr,npm,@printr/mcp,official-ts,^1.26.0,error-as-result,direct,1.30.1,cmd,depsdev,0.4.1
io.github.Prismer-AI/signet-mcp-tools,npm,@signet-auth/mcp-tools,official-ts,^1.10.0,error-as-result,direct,1.30.1,cmd,depsdev,0.4.1
io.github.ProfessionalWiki/mediawiki-mcp-server,npm,@professional-wiki/mediawiki-mcp-server,official-ts,^1.29.0,error-as-result,direct,1.30.1,cmd,depsdev,0.13.1
io.github.ProjectAILiberation/tactus,npm,tactus-mcp,official-ts,^1.29.0,error-as-result,direct,1.30.1,cmd,depsdev,0.1.2
io.github.ProofStreamai/proofstream-mcp,npm,proofstream-mcp,official-ts,^1.0.0,error-as-result,direct,1.30.1,cmd,depsdev,0.1.1
io.github.ProvenonceAI/provenonce,npm,@provenonce/mcp,official-ts,^1.5.0,error-as-result,direct,1.30.1,cmd,depsdev,1.1.5
io.github.Prudai/rechtspraak-mcp,npm,rechtspraak-mcp,official-ts,^1.29.0,error-as-result,direct,1.30.1,cmd,depsdev,0.1.1
io.github.PurpleDirective/quillpdf-mcp,npm,quillpdf-mcp,official-ts,^1.29.0,error-as-result,direct,1.30.1,cmd,depsdev,0.1.1
io.github.QWarranto/leafengines,npm,@ancientwhispers54/leafengines-mcp-server,official-ts,^0.6.0,error-as-result,direct,0.6.1,cmd,depsdev,2.0.8
io.github.QasperAI/qasper,npm,@qasperai/mcp-server,official-ts,^1.0.4,error-as-result,direct,1.30.1,cmd,depsdev,1.0.6
io.github.Qiskit/qiskit-docs-mcp-server,pypi,qiskit-docs-mcp-server,fastmcp-py,"<4,>=3.2.0",error-as-result,direct,3.4.7,cmd,depsdev,0.3.0
io.github.Qiskit/qiskit-gym-mcp-server,pypi,qiskit-gym-mcp-server,fastmcp-py,"<4,>=3.2.0",error-as-result,direct,3.4.7,cmd,depsdev,0.4.1
io.github.Qiskit/qiskit-mcp-server,pypi,qiskit-mcp-server,fastmcp-py,"<4,>=3.2.0",error-as-result,direct,3.4.7,cmd,depsdev,0.3.1
io.github.QuantuLabs/hivemind,npm,@quantulabs/hivemind,official-ts,^1.0.0,error-as-result,direct,1.30.1,cmd,depsdev,0.1.3
io.github.RCOLKITT/ccboot-mcp-server,npm,ccboot-mcp-server,official-ts,^1.27.1,error-as-result,direct,1.30.1,cmd,depsdev,1.0.1
io.github.RCOLKITT/vaspera-hardening,npm,vaspera-hardening-mcp-server,official-ts,^1.12.1,error-as-result,direct,1.30.1,cmd,depsdev,1.0.2
io.github.RPER2001/rigshare,npm,rigshare-mcp,official-ts,^1.0.4,error-as-result,direct,1.30.1,cmd,depsdev,1.4.0
withheld-ac6963ce03d3,npm,withheld-ac6963ce03d3,official-ts,^1.0.4,fail,direct,1.30.1,cmd,depsdev,
io.github.Raffaele86/local-leads-mcp,pypi,local-leads-mcp,official-py,>=1.2.0,error-as-result,direct,2.2.0,cmd,depsdev,0.1.1
io.github.RagingOrangutan/rootvine-mcp,npm,rootvine-mcp,official-ts,^1.28.0,error-as-result,direct,1.30.1,cmd,depsdev,1.0.3
io.github.RajeevSirohi/mcp-server-terraform,npm,@rajsir/mcp-server-terraform,official-ts,^1.12.0,pass,direct,1.30.1,cmd,depsdev,0.2.1
io.github.Rajveerx11/gfi-scout,pypi,gfi-scout,official-py,>=1.27.0,error-as-result,direct,2.2.0,cmd,depsdev,0.2.0
io.github.Rakesh1002/namemyapp,npm,@namemyapp/mcp,official-ts,^1.29.0,error-as-result,direct,1.30.1,cmd,depsdev,1.1.5
io.github.Rakesh1002/reposcout,npm,@rakeshroushan/reposcout,official-ts,^1.12.0,error-as-result,direct,1.30.1,cmd,depsdev,0.1.1
io.github.RapierCraft/perplexity-comet-mcp,npm,perplexity-comet-mcp,official-ts,^1.0.0,error-as-result,direct,1.30.1,cmd,depsdev,2.5.0
io.github.RareSense/Nova3D,pypi,nova3d-mcp,official-py,>=1.27.0,error-as-result,direct,2.2.0,cmd,depsdev,0.4.0
io.github.RayNCooper/grocery-delivery-mcp,npm,grocery-delivery-mcp,official-ts,^1.29.0,error-as-result,direct,1.30.1,cmd,depsdev,0.2.0
io.github.Rckl88/clawbackai-mcp,npm,clawbackai-mcp,official-ts,1.29.0,error-as-result,direct,1.29.0,cmd,depsdev,1.0.0
io.github.Rckl88/seracade,npm,seracade,official-ts,1.29.0,error-as-result,direct,1.29.0,cmd,depsdev,2.8.0
io.github.Redseb/rpgmaker-mz-mcp,npm,rpgmaker-mz-mcp,official-ts,^1.29.0,error-as-result,direct,1.30.1,cmd,depsdev,1.0.1
io.github.Rererr/amenbo,npm,amenbo,official-ts,^1.29.0,error-as-result,direct,1.30.1,cmd,depsdev,0.3.0
io.github.Rheopyrin/db-access-mcp,npm,@rheopyrin/db-access-mcp,official-ts,^1.29.0,error-as-result,direct,1.30.1,cmd,depsdev,0.1.4
io.github.RichardLemmon/agent-team,npm,agent-team-mcp,official-ts,^1.12.1,error-as-result,direct,1.30.1,cmd,depsdev,1.5.1
io.github.Ricky610329/mup,npm,mup-mcp-server,official-ts,^1.12.1,error-as-result,direct,1.30.1,cmd,depsdev,0.1.1
io.github.RightNow-AI/forge-mcp-server,npm,@rightnow/forge-mcp-server,official-ts,^1.12.1,error-as-result,direct,1.30.1,cmd,depsdev,1.0.2
io.github.Rinava/umbryn-mcp,pypi,umbryn-mcp,official-py,"<2,>=1.27",error-as-result,direct,1.30.0,cmd,depsdev,0.2.0
io.github.RishabhKodes/prexist,npm,prexist,official-ts,^1.12.1,error-as-result,direct,1.30.1,cmd,depsdev,1.0.2
io.github.RobThePCGuy/rag-vault,npm,@robthepcguy/rag-vault,official-ts,^1.26.0,error-as-result,direct,1.30.1,cmd,depsdev,1.5.3
io.github.RobelDev/logclaw-mcp-server,npm,logclaw-mcp-server,official-ts,^1.12.1,error-as-result,direct,1.30.1,cmd,depsdev,1.0.4
io.github.RobertAlsop/companies-house,pypi,bartram-companies-house,official-py,>=1.0.0,error-as-result,direct,2.2.0,cmd,depsdev,0.3.3
io.github.RobertAlsop/environment-agency,pypi,bartram-companies-house,official-py,>=1.0.0,error-as-result,direct,2.2.0,cmd,depsdev,0.3.4
io.github.Robocular/spawnpay,npm,spawnpay-mcp,official-ts,^1.0.0,error-as-result,direct,1.30.1,cmd,depsdev,0.4.7
io.github.RoleModel/optics-mcp,npm,optics-mcp,official-ts,^1.24.0,warn,direct,1.30.1,cmd,depsdev,0.2.6
io.github.RoninForge/ai-price-index-mcp,npm,ai-price-index-mcp,official-ts,^1.29.0,error-as-result,direct,1.30.1,cmd,depsdev,0.1.2
io.github.Rosentic/rosentic,pypi,rosentic-mcp,fastmcp-py,>=3.1.0,error-as-result,direct,4.0.9,cmd,depsdev,0.1.1
io.github.Royalti-io/ikenga-pkg-mcp-iyke,npm,@ikenga/mcp-iyke,official-ts,^1.23.0,pass,direct,1.30.1,cmd,depsdev,0.1.2
io.github.Rswcf/deepviews,npm,deepviews-mcp,official-ts,^1.0.0,error-as-result,direct,1.30.1,cmd,depsdev,1.0.1
io.github.RyanAlberts/agent-harnesses,pypi,agent-harnesses-mcp,official-py,>=1.2,error-as-result,direct,2.2.0,cmd,depsdev,0.2.1
io.github.RyanCardin15/noaa-tides-and-currents-mcp,npm,@ryancardin/noaa-tides-currents-mcp-server,official-ts,^1.29.0,error-as-result,direct,1.30.1,cmd,depsdev,2.0.1
io.github.RyanKramer/pixelpanda-mcp,pypi,pixelpanda-mcp,official-py,>=1.0.0,error-as-result,direct,2.2.0,cmd,depsdev,0.1.1
io.github.Ryvonetwork/ryvo-gateway,npm,@ryvonetwork/gateway-mcp,none-handrolled,,warn,,,cmd,depsdev-no-sdk,0.4.2
io.github.Ryvonetwork/ryvo-protocol,npm,@ryvonetwork/protocol-mcp,none-handrolled,,warn,,,cmd,depsdev-no-sdk,0.5.1
io.github.S2thend/cursor-history,npm,cursor-history-mcp,official-ts,1.0.0,error-as-result,direct,1.0.0,cmd,depsdev,0.2.4
io.github.S3bRR/agent-tasker-mcp,pypi,agent-tasker-mcp-server,none-handrolled,,pass,,,cmd,depsdev-no-sdk,1.0.1
withheld-1fb0acbe47bd,npm,withheld-1fb0acbe47bd,none-handrolled,,fail,,,cmd,dev-only-sdk:official-ts,
io.github.SMABoundless/crossref,pypi,crossref-mcp-server,official-py,>=1.0.0,error-as-result,direct,2.2.0,cmd,depsdev,1.0.0
io.github.SMABoundless/semanticscholar,npm,semanticscholar-mcp-server,official-ts,^1.27.1,error-as-result,direct,1.30.1,cmd,depsdev,1.0.0
io.github.SPAZIO-GENESI/attest-mcp,npm,@spazio-genesi/attest-mcp,official-ts,^1.29.0,error-as-result,direct,1.30.1,cmd,depsdev,0.2.1
io.github.SPerekrestova/interactive-leetcode-mcp,npm,@sperekrestova/interactive-leetcode-mcp,official-ts,^1.29.0,error-as-result,direct,1.30.1,cmd,depsdev,3.2.5
io.github.Sahib-Sawhney-WH/looking-glass-mcp,npm,looking-glass-mcp,official-ts,^1.28.0,error-as-result,direct,1.30.1,cmd,depsdev,3.1.1
io.github.SajmustafaKe/frappe-dev-mcp-server,npm,frappe-dev-mcp-server,official-ts,^0.6.0,warn,direct,0.6.1,cmd,depsdev,1.0.1
io.github.SalZaki/doodleworks-mcp,npm,doodleworks-mcp,official-ts,^1.29.0,error-as-result,direct,1.30.1,cmd,depsdev,1.1.1
io.github.Samrj12/doppel,npm,doppel-mcp,official-ts,^1.12.0,error-as-result,direct,1.30.1,cmd,depsdev,0.5.0
io.github.SatoshiAPI/satoshi-btc-api,pypi,satoshiapi-mcp,official-py,>=1.0.0,error-as-result,direct,2.2.0,cmd,depsdev,1.0.2
io.github.Savirinc/unfragile,npm,@unfragile/mcp-server,official-ts,^1.29.0,error-as-result,direct,1.30.1,cmd,depsdev,0.3.2
io.github.SceneView/mcp,npm,sceneview-mcp,official-ts,^1.12.0,error-as-result,direct,1.30.1,cmd,depsdev,3.4.4
io.github.ScrapeGraphAI/scrapegraph-mcp,pypi,scrapegraph-mcp,fastmcp-py,>=2.0.0,error-as-result,direct,4.0.9,cmd,depsdev,1.0.1
io.github.Screed369/autoza-ireland,npm,@autoza/mcp-server,official-ts,^1.0.0,error-as-result,direct,1.30.1,cmd,depsdev,0.1.2
io.github.SeanFDZ/agentbridge,npm,classic-mac-mcp,official-ts,^1.12.0,error-as-result,direct,1.30.1,cmd,depsdev,1.0.2
io.github.SebastianBO/financial-data,npm,@lician/mcp-server,official-ts,^1.0.0,error-as-result,direct,1.30.1,cmd,depsdev,1.0.1
io.github.SebastianMaciel/jsx-notation,npm,jsx-notation,official-ts,^1.26.0,error-as-result,direct,1.30.1,cmd,depsdev,0.1.6
withheld-09edb886c042,pypi,withheld-09edb886c042,official-py,>=1.0.0,fail,direct,2.2.0,cmd,depsdev,
withheld-6a16761b164c,pypi,withheld-6a16761b164c,official-py,>=1.0.0,fail,direct,2.2.0,cmd,depsdev,
io.github.SepineTam/latex-mcp,pypi,latex-mcp,official-py,>=1.26.0,error-as-result,direct,2.2.0,cmd,depsdev,0.1.3
io.github.Sequesign/sequesign,npm,@sequesign/mcp,official-ts,^1.12.0,error-as-result,direct,1.30.1,cmd,depsdev,0.2.1
io.github.Serenn-AI/technician-search,npm,serenn-mcp-server,official-ts,^1.12.1,error-as-result,direct,1.30.1,cmd,depsdev,1.0.2
io.github.Servation/job-search-mcp,npm,@servation/job-search-mcp,official-ts,^1.29.0,error-as-result,direct,1.30.1,cmd,depsdev,0.1.2
io.github.Severin2k/blumen-komander-mcp,npm,blumen-komander-mcp,official-ts,^1.29.0,error-as-result,direct,1.30.1,cmd,depsdev,1.0.2
io.github.SeyitKaanGunes/ai-agent-search-optimization,npm,mcp-server-ai-agent-search-optimization,official-ts,^1.29.0,error-as-result,direct,1.30.1,cmd,depsdev,0.1.1
io.github.Shawn5cents/agentskin,npm,agentskin,official-ts,^1.0.1,warn,direct,1.30.1,cmd,depsdev,4.0.1
io.github.SheldonZhuang/stock-sentinel,npm,stock-sentinel-mcp,official-ts,^1.0.0,error-as-result,direct,1.30.1,cmd,depsdev,1.0.3
io.github.ShieldZCash/mcp,npm,@shieldz/mcp,official-ts,^1.0.0,error-as-result,direct,1.30.1,cmd,depsdev,0.3.0
io.github.Shrike-Security/shrike-mcp,npm,shrike-mcp,official-ts,^1.26.0,pass,direct,1.30.1,cmd,depsdev,1.1.1
io.github.SidneyBissoli/bcb-br-mcp,npm,bcb-br-mcp,official-ts,^1.29.0,error-as-result,direct,1.30.1,cmd,depsdev,1.3.5
io.github.SidneyBissoli/cid10-br-mcp,npm,cid10-br-mcp,official-ts,^1.29.0,error-as-result,direct,1.30.1,cmd,depsdev,1.1.0
io.github.SidneyBissoli/ibge-br-mcp,npm,ibge-br-mcp,official-ts,^1.29.0,error-as-result,direct,1.30.1,cmd,depsdev,3.0.2
io.github.SidneyBissoli/medical-terminologies-mcp,npm,medical-terminologies-mcp,official-ts,^1.25.2,error-as-result,direct,1.30.1,cmd,depsdev,1.5.7
io.github.SidneyBissoli/senado-br-mcp-cloudflare,npm,senado-br-mcp,official-ts,^1.26.0,error-as-result,direct,1.30.1,cmd,depsdev,3.4.0
io.github.Sidsaladi9/getprompts,npm,getprompts-mcp,official-ts,^1.0.4,warn,direct,1.30.1,cmd,depsdev,0.1.0
io.github.Sidsaladi9/getskills,npm,getskills-mcp,official-ts,^1.0.4,warn,direct,1.30.1,cmd,depsdev,0.1.2
io.github.SignalEDI/mcp-server,npm,@signaledi/mcp-server,official-ts,^1.0.0,error-as-result,direct,1.30.1,cmd,depsdev,0.3.1
io.github.SimonTarara62/capitalcom-mcp-server,pypi,capitalcom-mcp,fastmcp-py,"<4,>=3.0",error-as-result,direct,3.4.7,cmd,depsdev,0.3.4
io.github.SimonTarara62/fundamentals-mcp,pypi,fundamentals-mcp,fastmcp-py,"<4,>=3",error-as-result,direct,3.4.7,cmd,depsdev,0.1.1
io.github.SirinivasK/chron,npm,chron-mcp,official-ts,^1.12.0,error-as-result,direct,1.30.1,cmd,depsdev,0.1.7
withheld-60184e1d31ce,npm,withheld-60184e1d31ce,official-ts,^1.0.0,fail,direct,1.30.1,cmd,depsdev,
io.github.Skillproofdev/skillproof,npm,skillproof-mcp,official-ts,^1.0.0,warn,direct,1.30.1,cmd,depsdev,1.0.1
io.github.Skitchy/rekindle,npm,rekindle,official-ts,^1.29.0,error-as-result,direct,1.30.1,cmd,depsdev,0.2.1
io.github.Skyrxin/sast-mcp-server,pypi,sast-mcp-server,fastmcp-py,>=2.0.0,error-as-result,direct,4.0.9,cmd,depsdev,0.8.3
io.github.Sndevore77/glp1search,npm,@seraviahealth/glp1search-mcp,official-ts,^1.12.1,error-as-result,direct,1.30.1,cmd,depsdev,2.0.1
io.github.SnipMCP/gadschain,pypi,gadschain,fastmcp-py,>=0.1.0,error-as-result,direct,4.0.9,cmd,depsdev,0.1.1
io.github.SnipMCP/thinchain,pypi,thinchain,fastmcp-py,>=0.1.0,error-as-result,direct,4.0.9,cmd,depsdev,0.1.1
io.github.SoapyRED/freightutils,npm,freightutils-mcp,official-ts,^1.26.0,error-as-result,direct,1.30.1,cmd,depsdev,2.11.2
withheld-751549e6dcd4,pypi,withheld-751549e6dcd4,official-py,>=1.0.0,fail,direct,2.2.0,cmd,depsdev,
io.github.Space-Raven/smeltr-token2022,npm,@smeltr/mcp-server,official-ts,^1.0.0,error-as-result,direct,1.30.1,cmd,depsdev,0.1.1
io.github.Spacetime-Technology/chia-explorer,npm,chia-explorer,official-ts,^1.12.0,error-as-result,direct,1.30.1,cmd,depsdev,0.3.0
io.github.Spacetime-Technology/safehold,npm,safehold,official-ts,^1.12.0,error-as-result,direct,1.30.1,cmd,depsdev,1.2.0
io.github.SpicyRiceCakes/nelly-elephant-mcp,npm,nelly-elephant-mcp,official-ts,1.27.1,error-as-result,direct,1.27.1,cmd,depsdev,1.0.3
io.github.Sprintra-io/sprintra,npm,@sprintra/mcp,official-ts,^1.6.0,error-as-result,direct,1.30.1,cmd,depsdev,1.0.3
withheld-7d79092b8598,pypi,withheld-7d79092b8598,official-py,>=1.0.0,fail,direct,2.2.0,cmd,depsdev,
withheld-b7471dc200e6,npm,withheld-b7471dc200e6,official-ts,^1.27.1,error-as-result,direct,1.30.1,cmd,depsdev,
io.github.Stahldavid/sensegrep,npm,@sensegrep/mcp,official-ts,^1.25.1,error-as-result,direct,1.30.1,cmd,depsdev,1.5.3
io.github.Stewyboy1990/companyscope-mcp,npm,companyscope-mcp,official-ts,^1.12.1,error-as-result,direct,1.30.1,cmd,depsdev,1.3.5
io.github.Stewyboy1990/stockscope-mcp,npm,stockscope-mcp,official-ts,^1.17.5,error-as-result,direct,1.30.1,cmd,depsdev,1.1.0
io.github.Studio-Moser/shelbymcp,npm,shelbymcp,official-ts,^1.26.0,error-as-result,direct,1.30.1,cmd,depsdev,0.2.4
io.github.SunrisesIllNeverSee/sigrank-mcp,npm,sigrank,official-ts,^1.0.0,pass,direct,1.30.1,cmd,depsdev,0.17.2
io.github.SurajKGoyal/amnesic,pypi,amnesic,official-py,>=1.0.0,error-as-result,direct,2.2.0,cmd,depsdev,0.2.2
io.github.SurajKGoyal/myopic,pypi,myopic,official-py,>=1.0.0,error-as-result,direct,2.2.0,cmd,depsdev,0.1.9
io.github.SwikingSWE/conformy,npm,@conformy/mcp-server,official-ts,^1.28.0,error-as-result,direct,1.30.1,cmd,depsdev,0.3.5
io.github.Syfer-web/krexel-mcp,npm,krexel-mcp,official-ts,^1.0.4,error-as-result,direct,1.30.1,cmd,depsdev,0.3.2
io.github.SylphxAI/image-reader-mcp,npm,@sylphx/image-reader-mcp,official-ts,^1.29.0,error-as-result,direct,1.30.1,cmd,depsdev,0.1.0
io.github.SylphxAI/smart-reader-mcp,npm,@sylphx/smart-reader-mcp,official-ts,^1.29.0,error-as-result,direct,1.30.1,cmd,depsdev,0.1.1
io.github.SylphxAI/video-reader-mcp,npm,@sylphx/video-reader-mcp,official-ts,^1.29.0,error-as-result,direct,1.30.1,cmd,depsdev,0.1.0
io.github.Synvoya/codeinspectus,npm,codeinspectus,official-ts,^1.29.0,error-as-result,direct,1.30.1,cmd,depsdev,0.3.1
io.github.Syronius/cryptair-mcp-server,npm,@cryptair/mcp-server,official-ts,^1.0.4,error-as-result,direct,1.30.1,cmd,depsdev,0.1.1
io.github.TVLSS/hirejack-mcp,npm,@hirejack/mcp,official-ts,^1.0.0,error-as-result,direct,1.30.1,cmd,depsdev,0.3.5
io.github.TZ24cloud/tradingview-mcp-thaqif,npm,tradingview-mcp-thaqif,official-ts,^1.12.1,error-as-result,direct,1.30.1,cmd,depsdev,2.0.1
io.github.Tampermonkey/tampermonkey-mcp,npm,tampermonkey-mcp,official-ts,^1.25.3,error-as-result,direct,1.30.1,cmd,depsdev,0.0.4
io.github.Tarotoo-com/tarotoo-mcp-server,npm,tarotoo-mcp-server,official-ts,^1.29.0,error-as-result,direct,1.30.1,cmd,depsdev,1.7.0
io.github.TateLyman/shipcheck-mcp,npm,shipcheck-mcp,official-ts,^1.29.0,error-as-result,direct,1.30.1,cmd,depsdev,0.1.12
io.github.TateLyman/x402-triage-mcp,npm,x402-triage-mcp,official-ts,^1.29.0,error-as-result,direct,1.30.1,cmd,depsdev,0.1.1
io.github.TeleAI-UAGI/telemem,pypi,telemem,official-py,>=1.6.0,error-as-result,direct,2.2.0,cmd,depsdev,1.8.0
io.github.TeleKashOracle/mcp-server,npm,telekash-mcp-server,official-ts,^1.0.0,error-as-result,direct,1.30.1,cmd,depsdev,0.6.1
io.github.Terobyte/librarian,pypi,librarian-cli,official-py,>=1.0,error-as-result,direct,2.2.0,cmd,depsdev,0.1.1
io.github.Testinat0r/otp-ojp,npm,@opentalentprotocol/mcp-server,official-ts,^1.0.0,error-as-result,direct,1.30.1,cmd,depsdev,0.1.1
io.github.Tethral-Inc/acr,npm,@tethral/acr-mcp,none-handrolled,,error-as-result,,,cmd,dev-only-sdk:official-ts,2.13.1
io.github.TethralAI/acr,npm,@tethral/acr-mcp,none-handrolled,,error-as-result,,,cmd,dev-only-sdk:official-ts,2.1.1
io.github.Texan-NXTassist/nr-mcp,pypi,nr-mcp,official-py,>=1.0.0,error-as-result,direct,2.2.0,cmd,depsdev,1.2.2
io.github.ThaiTrevor/gold-mcp,pypi,gold-mcp,official-py,"<2.0.0,>=1.2.0",error-as-result,direct,1.30.0,cmd,depsdev,4.1.2
io.github.TharanaBope/sql-server-mcp-macos,npm,@tharanabopearachchi/sql-server-mcp-macos,official-ts,^1.0.4,error-as-result,direct,1.30.1,cmd,depsdev,1.0.4
io.github.TheBaronofAI/okaneland-mcp,npm,@okaneland/mcp,official-ts,^1.12.0,error-as-result,direct,1.30.1,cmd,depsdev,0.1.1
io.github.Thezenmonster/agentscore,npm,@agentscore-xyz/mcp-server,official-ts,^1.0.0,error-as-result,direct,1.30.1,cmd,depsdev,2.2.0
io.github.ThiagoDataEngineer/l402-kit,npm,l402-kit,official-ts,^1.29.0,error-as-result,direct,1.30.1,cmd,depsdev,1.8.7
io.github.This-Is-Hellgate/secondeye-mcp-unblock,npm,@secondeyes/mcp-unblock,official-ts,^1.12.1,error-as-result,direct,1.30.1,cmd,depsdev,1.2.7
io.github.ThomasGorisse/sceneview,npm,sceneview-mcp,official-ts,^1.12.0,error-as-result,direct,1.30.1,cmd,depsdev,3.4.2
io.github.Tlalvarez/auxiliar-mcp,npm,auxiliar-mcp,official-ts,^1.12.1,error-as-result,direct,1.30.1,cmd,depsdev,0.22.1
io.github.Toby-Self/asymptotic-ethics,pypi,asymptotic-ethics-mcp,official-py,,error-as-result,direct,2.2.0,cmd,depsdev,0.1.0
io.github.Tomalarrrr/cyclesite-mcp-server,npm,cyclesite-mcp-server,official-ts,^1.27.1,error-as-result,direct,1.30.1,cmd,depsdev,2.4.3
io.github.TonySimonovsky/claude-code-conversation-search-mcp,npm,claude-code-conversation-search-mcp,official-ts,^1.18.0,warn,direct,1.30.1,cmd,depsdev,1.1.3
io.github.Top5StocksAPI/mcp-server,npm,top5stocks-mcp-server,official-ts,^1.0.4,error-as-result,direct,1.30.1,cmd,depsdev,1.0.6
io.github.TopoLift/topolift-mcp,pypi,topolift-mcp,official-py,>=1.0,error-as-result,direct,2.2.0,cmd,depsdev,0.2.1
io.github.TotesMagotes/mcp-server,npm,@expensebot/mcp-server,official-ts,^1.0.0,error-as-result,direct,1.30.1,cmd,depsdev,0.1.2
io.github.TotesMagotes/mcp-server-auth,npm,@expensebot/mcp-server-auth,official-ts,^1.0.0,error-as-result,direct,1.30.1,cmd,depsdev,0.6.1
io.github.TradeSystemsNique/aidatataskrunner-mcp,pypi,aidatataskrunner-mcp,official-py,>=1.27.0,error-as-result,direct,2.2.0,cmd,depsdev,1.0.2
io.github.TranHoaiHung/figma-ui-mcp,npm,figma-ui-mcp,official-ts,^1.0.4,error-as-result,direct,1.30.1,cmd,depsdev,2.5.26
io.github.TweedBeetle/dependency-fitness-mcp,npm,dependency-fitness-mcp,official-ts,^1.29.0,error-as-result,direct,1.30.1,cmd,depsdev,0.1.1
io.github.Tyox-all/mund,npm,@weave_protocol/mund,official-ts,^1.0.0,error-as-result,direct,1.30.1,cmd,depsdev,0.1.12
io.github.UI5/mcp-server,npm,@ui5/mcp-server,official-ts,^1.29.0,error-as-result,direct,1.30.1,cmd,depsdev,0.2.14
io.github.UI5/webcomponents-mcp-server,npm,@ui5/webcomponents-mcp-server,official-ts,^1.24.3,error-as-result,direct,1.30.1,cmd,depsdev,0.1.2
io.github.UI5/webcomponents-react-mcp-server,npm,@ui5/webcomponents-react-mcp,official-ts,1.29.0,error-as-result,direct,1.29.0,cmd,depsdev,2.24.1
io.github.UNIPaaS/paas-build-mcp,npm,@paasbuild/mcp,none-handrolled,,error-as-result,,,cmd,depsdev-no-sdk,0.1.4
io.github.UncleTIM-GZ/oprocess,pypi,oprocess,official-py,"<2,>=1.26.0",error-as-result,direct,1.30.0,cmd,depsdev,0.4.0
withheld-82b3c9e389b6,npm,withheld-82b3c9e389b6,official-ts,^1.0.0,fail,indirect,1.30.1,cmd,depsdev,
io.github.VIKAS9793/androjack,npm,androjack-mcp,official-ts,^1.29.0,error-as-result,direct,1.30.1,cmd,depsdev,2.0.0
io.github.VLab-Software/easyeda-pro-mcp,npm,@vlabsoft/easyeda-pro-mcp,official-ts,^1.29.0,error-as-result,direct,1.30.1,cmd,depsdev,1.0.2
io.github.VOYAGER-Inc/excel-vision-mcp,pypi,excel-vision-mcp,official-py,>=1.0.0,error-as-result,direct,2.2.0,cmd,depsdev,1.0.3
io.github.Valyay/nanostores-mcp,npm,nanostores-mcp,official-ts,^1.29.0,error-as-result,direct,1.30.1,cmd,depsdev,0.1.2
io.github.VanguardiaAI/doktor,npm,doktor-mcp-server,official-ts,^1.12.1,error-as-result,direct,1.30.1,cmd,depsdev,1.0.1
io.github.VibeTensor/attestix,pypi,attestix,official-py,>=1.8.0,error-as-result,direct,2.2.0,cmd,depsdev,0.2.2
io.github.VidhiJav/myrsu-mcp,npm,myrsu-mcp,official-ts,^1.0.0,error-as-result,direct,1.30.1,cmd,depsdev,0.4.0
io.github.Vigile-ai/vigile-mcp,npm,vigile-mcp,official-ts,^1.12.1,error-as-result,direct,1.30.1,cmd,depsdev,0.1.2
io.github.VikrantSingh01/adaptive-cards-mcp,npm,adaptive-cards-mcp,official-ts,^1.12.1,error-as-result,direct,1.30.1,cmd,depsdev,2.3.0
io.github.VirajMishra1/wander-agent,pypi,wander-agent,official-py,>=1.27.0,error-as-result,direct,2.2.0,cmd,depsdev,0.1.1
io.github.Vortiago/mcp-outline,pypi,mcp-outline,official-py,"<2,>=1.20.0",error-as-result,direct,1.30.0,cmd,depsdev,1.10.1
io.github.Vortiago/mcp-tekna,pypi,mcp-tekna,official-py,,error-as-result,direct,2.2.0,cmd,depsdev,0.3.1
io.github.Vovala14/vynly-mcp,npm,@vynly/mcp,official-ts,^1.0.4,error-as-result,direct,1.30.1,cmd,depsdev,0.3.3
io.github.Vrun-design/openflowkit-mcp,npm,@vrun-design/openflowkit-mcp,official-ts,^1.29.0,error-as-result,direct,1.30.1,cmd,depsdev,0.1.2
withheld-3778d5d14cef,npm,withheld-3778d5d14cef,official-ts,^1.0.0,fail,direct,1.30.1,cmd,depsdev,
io.github.WayforthOfficial/wayforth,pypi,wayforth-mcp,official-py,>=1.0.0,error-as-result,direct,2.2.0,cmd,depsdev,0.1.3
io.github.WeAreBraveLabs/domain-checker-mcp,npm,@wearebravelabs/domain-checker-mcp,official-ts,^1.0.0,error-as-result,direct,1.30.1,cmd,depsdev,1.0.1
io.github.WhaleCupl/ai-daily-insights-mcp,npm,ai-daily-insights-mcp,official-ts,^1.12.0,error-as-result,direct,1.30.1,cmd,depsdev,0.4.2
io.github.Whatsonyourmind/oraclaw,npm,@oraclaw/mcp-server,official-ts,^1.12.0,error-as-result,direct,1.30.1,cmd,depsdev,1.5.1
io.github.Whitemarmot/markly,npm,markly-mcp-server,official-ts,^1.0.0,error-as-result,direct,1.30.1,cmd,depsdev,1.2.0
withheld-2d379c06ea0e,npm,withheld-2d379c06ea0e,official-ts,^1.0.0,fail,direct,1.30.1,cmd,depsdev,
withheld-fe6925402c02,npm,withheld-fe6925402c02,none-handrolled,,fail,,,cmd,depsdev-no-sdk,
io.github.XCP/mcp-server,npm,@21e14/mcp-server,official-ts,1.26.0,error-as-result,direct,1.26.0,cmd,depsdev,1.0.1
io.github.XFuel-Lab/xfuel-mcp,npm,xfuel-mcp,official-ts,^1.29.0,error-as-result,direct,1.30.1,cmd,depsdev,0.1.1
io.github.XJTLUmedia/ai-hr-management-toolkit,npm,mcp-ai-hr-management-toolkit,official-ts,^1.29.0,error-as-result,direct,1.30.1,cmd,depsdev,3.0.5
io.github.XJTLUmedia/markdown-formatter,npm,@xjtlumedia/markdown-mcp-server,official-ts,^0.6.0,error-as-result,direct,0.6.1,cmd,depsdev,1.0.5
io.github.XRPDomains/xrpname-mcp-server,npm,@xrpname/xrpname-mcp,official-ts,^1.12.0,error-as-result,direct,1.30.1,cmd,depsdev,0.1.1
io.github.XWeaponX7/rundida-mcp,npm,@rundida/mcp-server,official-ts,^1.0.0,error-as-result,direct,1.30.1,cmd,depsdev,1.2.1
io.github.XXO47OXX/spa-reader-mcp,npm,spa-reader-mcp,official-ts,^1.27.1,error-as-result,direct,1.30.1,cmd,depsdev,1.0.2
io.github.XavierFabregat/spotify-mcp,npm,@xavifabregat/spotify-mcp,official-ts,^1.29.0,error-as-result,direct,1.30.1,cmd,depsdev,0.1.2
io.github.Xerolo44/rpgmaker-mv-mcp,npm,@xerolo44/rpgmaker-mv-mcp,official-ts,^1.12.0,error-as-result,direct,1.30.1,cmd,depsdev,0.1.0
io.github.Xplo8E/hacktricks-mcp-server,npm,hacktricks-mcp-server,official-ts,^1.0.0,warn,direct,1.30.1,cmd,depsdev,1.3.4
io.github.Xvvln/pdf-reader-mcp,pypi,pdf-insight-mcp,official-py,>=1.0.0,error-as-result,direct,2.2.0,cmd,depsdev,0.2.1
io.github.YGao2005/scholar-feed-mcp,npm,scholar-feed-mcp,none-handrolled,,error-as-result,,,cmd,dev-only-sdk:official-ts,3.12.1
io.github.YUZU-Hub/wiring-diagram-mcp,npm,wiring-diagram-mcp,official-ts,^1.28.0,error-as-result,direct,1.30.1,cmd,depsdev,0.2.2
io.github.Yadheedhya06/mcp-server-whoop,npm,mcp-server-whoop,official-ts,1.29.0,error-as-result,direct,1.29.0,cmd,depsdev,0.2.2
io.github.Yarmoluk/ckg-mcp,pypi,ckg-mcp,official-py,>=1.0.0,error-as-result,direct,2.2.0,cmd,depsdev,0.7.6
io.github.Yarmoluk/ckg-nvidia-ai,pypi,ckg-nvidia-ai,official-py,>=1.0.0,error-as-result,direct,2.2.0,cmd,depsdev,0.5.3
io.github.YarnSh39/wavestreamer,npm,wavestreamer-mcp,official-ts,^1.12.1,error-as-result,direct,1.30.1,cmd,depsdev,0.1.3
io.github.YashvantHange/supermemory,pypi,supermemory-agent,official-py,"<2,>=1.27",error-as-result,direct,1.30.0,cmd,depsdev,0.2.5
io.github.YawLabs/caddy-mcp,npm,@yawlabs/caddy-mcp,official-ts,^1.29.0,error-as-result,direct,1.30.1,cmd,depsdev,1.3.0
io.github.YawLabs/electron-mcp,npm,@yawlabs/electron-mcp,none-handrolled,,error-as-result,,,cmd,dev-only-sdk:official-ts,1.2.14
io.github.YawLabs/fetch-mcp,npm,@yawlabs/fetch-mcp,official-ts,^1.29.0,error-as-result,direct,1.30.1,cmd,depsdev,0.3.5
io.github.YawLabs/lemonsqueezy-mcp,npm,@yawlabs/lemonsqueezy-mcp,none-handrolled,,error-as-result,,,cmd,dev-only-sdk:official-ts,0.10.12
io.github.YawLabs/mcp,npm,@yawlabs/mcp,official-ts,^1.29.0,error-as-result,direct,1.30.1,cmd,depsdev,0.70.4
io.github.YawLabs/mcp-compliance,npm,@yawlabs/mcp-compliance,official-ts,^1.29.0,error-as-result,direct,1.30.1,cmd,depsdev,0.16.3
io.github.YawLabs/npmjs-mcp,npm,@yawlabs/npmjs-mcp,none-handrolled,,error-as-result,,,cmd,dev-only-sdk:official-ts,0.12.1
io.github.YawLabs/postgres-mcp,npm,@yawlabs/postgres-mcp,none-handrolled,,error-as-result,,,cmd,dev-only-sdk:official-ts,0.6.20
io.github.YawLabs/ssh-mcp,npm,@yawlabs/ssh-mcp,official-ts,^1.29.0,error-as-result,direct,1.30.1,cmd,depsdev,0.11.5
io.github.YawLabs/tailscale-mcp,npm,@yawlabs/tailscale-mcp,none-handrolled,,error-as-result,,,cmd,dev-only-sdk:official-ts,0.13.2
io.github.YawLabs/vew-mcp,npm,@yawlabs/vew-mcp,official-ts,^1.29.0,error-as-result,direct,1.30.1,cmd,depsdev,0.4.2
io.github.YforC/antoskill,npm,antoskill,official-ts,^1.0.0,error-as-result,direct,1.30.1,cmd,depsdev,0.2.0
io.github.YinTokey/mcp_hackernews,pypi,mcp-hackernews,official-py,>=1.14.1,error-as-result,direct,2.2.0,cmd,depsdev,1.1.0
io.github.YonasValentin/mcp-memory-graph,npm,mcp-memory-graph,official-ts,^1.29.0,error-as-result,direct,1.30.1,cmd,depsdev,2.10.3
io.github.YuanHuakk/JSReverser-MCP,npm,@yuanhuakk/js-reverse-mcp,official-ts,1.29.0,error-as-result,direct,1.29.0,cmd,depsdev,3.0.0
io.github.YuanHuakk/js-reverse-mcp,npm,@yuanhuakk/js-reverse-mcp,official-ts,1.29.0,error-as-result,direct,1.29.0,cmd,depsdev,2.5.0
io.github.YugantM/hvtracker-mcp,npm,hvtracker-mcp,official-ts,^1.29.0,error-as-result,direct,1.30.1,cmd,depsdev,0.3.0
io.github.YuzuKyouma/ponzu,npm,@ponzu_app/mcp,official-ts,1.11.4,pass,direct,1.11.4,cmd,depsdev,1.0.3
io.github.ZUHcYa/ai-validation,npm,ai-validation-mcp,official-ts,^1.7.0,error-as-result,direct,1.30.1,cmd,depsdev,0.1.2
io.github.ZUHcYa/eu-food-regulatory,npm,eu-food-regulatory-mcp,official-ts,^1.27.1,error-as-result,direct,1.30.1,cmd,depsdev,0.1.2
io.github.ZahiriNatZuke/local-delegate,pypi,local-delegate-mcp,official-py,>=1.2,error-as-result,direct,2.2.0,cmd,depsdev,0.8.1
io.github.ZentricProtocol/zentric-protocol-mcp,npm,zentric-protocol-mcp,official-ts,^1.0.0,error-as-result,direct,1.30.1,cmd,depsdev,0.1.3
io.github.ZionHopkins/launch-engine,npm,launch-engine-mcp,official-ts,^1.27.1,error-as-result,direct,1.30.1,cmd,depsdev,1.1.0
io.github.Zk-nd3r/zcash-mcp,npm,@frontiercompute/zcash-mcp,official-ts,^1.12.1,error-as-result,direct,1.30.1,cmd,depsdev,0.2.2
io.github.ZohaibCodez/discrete-structures,pypi,discrete-structures-mcp,official-py,>=1.0.0,error-as-result,direct,2.2.0,cmd,depsdev,0.1.4
io.github.Zw-awa/ssh-session-mcp,npm,ssh-session-mcp,official-ts,^1.17.5,error-as-result,direct,1.30.1,cmd,depsdev,2.7.1
io.github.a-church-ai/magnifica-family,npm,mcp-magnifica-family,official-ts,^1.12.1,error-as-result,direct,1.30.1,cmd,depsdev,1.0.0
io.github.a2cr/a2cr-mcp,pypi,a2cr-mcp,fastmcp-py,==3.4.2,error-as-result,direct,3.4.2,cmd,depsdev,0.1.8
io.github.aahl/mcp-aktools,pypi,mcp-aktools,fastmcp-py,"<3.0.0,>=2.0.0",error-as-result,direct,2.14.7,cmd,depsdev,0.1.15
io.github.aahl/mcp-notify,pypi,mcp-notify,fastmcp-py,"<3.0.0,>=2.0.0",error-as-result,direct,2.14.7,cmd,depsdev,0.1.11
io.github.aahl/mcp-okx,pypi,mcp-okx,fastmcp-py,>=2.0.0,error-as-result,direct,4.0.9,cmd,depsdev,0.1.0
io.github.aahl/mcp-vods,pypi,mcp-vods,fastmcp-py,"<3.0.0,>=2.0.0",error-as-result,direct,2.14.7,cmd,depsdev,0.1.9
io.github.aardappvark/gridscoot,npm,@gridscoot/mcp,official-ts,^1.27.1,error-as-result,direct,1.30.1,cmd,depsdev,0.2.3
io.github.aaronsb/google-workspace,npm,@aaronsb/google-workspace-mcp,official-ts,^1.27.1,error-as-result,direct,1.30.1,cmd,depsdev,4.0.1
io.github.abcxz/conviction-mcp,npm,conviction-mcp,official-ts,^1.12.0,error-as-result,direct,1.30.1,cmd,depsdev,0.5.2
io.github.aborruso/ckan-mcp-server,npm,@aborruso/ckan-mcp-server,official-ts,^1.25.2,error-as-result,direct,1.30.1,cmd,depsdev,0.4.83
io.github.abryfs/willitsend,npm,willitsend,official-ts,1.29.0,error-as-result,direct,1.29.0,cmd,depsdev,0.1.0
io.github.absolutejs/agents,npm,@absolutejs/agents-mcp,official-ts,^1.29.0,error-as-result,direct,1.30.1,cmd,depsdev,0.2.0
io.github.acamolese/google-search-console-mcp,pypi,mcp-google-search-console,official-py,>=1.0.0,error-as-result,direct,2.2.0,cmd,depsdev,2.0.2
io.github.acrylicfiddle/x402tools,npm,@acrylicfiddle/x402tools-mcp,official-ts,^1.29.0,error-as-result,direct,1.30.1,cmd,depsdev,1.4.0
io.github.adacapo21/openmm-mcp,npm,@qbtlabs/openmm-mcp,official-ts,^1.26.0,error-as-result,direct,1.30.1,cmd,depsdev,1.0.5
io.github.adelaidasofia/whatsapp-mcp,pypi,adelaidasofia-whatsapp-mcp,fastmcp-py,>=3.2.4,error-as-result,direct,4.0.9,cmd,depsdev,0.1.1
io.github.adelpro/quran-search-engine-mcp,npm,quran-search-engine-mcp,official-ts,^1.19.1,error-as-result,direct,1.30.1,cmd,depsdev,0.2.1
io.github.adlai88/simmer-mcp,npm,simmer-mcp,official-ts,^1.29.0,error-as-result,direct,1.30.1,cmd,depsdev,3.3.2
io.github.adriancisnerosspeed-hub/civic-library-mcp,npm,civic-library-mcp,official-ts,^1.29.0,error-as-result,direct,1.30.1,cmd,depsdev,0.1.1
io.github.aemery13/polymarket-intel,pypi,polymarket-intel-mcp,official-py,>=1.0.0,error-as-result,direct,2.2.0,cmd,depsdev,1.0.0
io.github.aeoess/agent-passport-mcp,npm,agent-passport-system-mcp,official-ts,^1.27.1,error-as-result,direct,1.30.1,cmd,depsdev,3.3.0
io.github.aeoess/mingle,npm,mingle-mcp,official-ts,^1.9.0,error-as-result,direct,1.30.1,cmd,depsdev,2.2.2
io.github.aerolalit/pane,npm,@paneui/mcp,official-ts,^1.20.0,error-as-result,direct,1.30.1,cmd,depsdev,0.0.26
io.github.aethynio/aethyn-browser-mcp,npm,aethyn-browser-mcp,official-ts,^1.12.0,error-as-result,direct,1.30.1,cmd,depsdev,0.1.1
io.github.afferens/mcp-server,npm,@afferens/mcp-server,official-ts,^1.10.2,error-as-result,direct,1.30.1,cmd,depsdev,0.2.1
io.github.ag3ntlab-ai/negbit,npm,negbit-mcp,official-ts,^1.29.0,error-as-result,direct,1.30.1,cmd,depsdev,0.1.0
io.github.agenson-horrowitz/agent-output-guard,npm,@agenson-horrowitz/agent-output-guard-mcp,official-ts,^1.0.0,error-as-result,direct,1.30.1,cmd,depsdev,1.0.8
io.github.agenson-horrowitz/document-parser,npm,@agenson-horrowitz/document-parser-mcp,official-ts,^1.0.0,error-as-result,direct,1.30.1,cmd,depsdev,1.0.8
io.github.agenson-horrowitz/structured-data-validator,npm,@agenson-horrowitz/structured-data-validator-mcp,official-ts,^1.0.0,error-as-result,direct,1.30.1,cmd,depsdev,1.0.8
io.github.agenson-horrowitz/web-content-extractor,npm,@agenson-horrowitz/web-content-extractor-mcp,official-ts,^1.0.0,error-as-result,direct,1.30.1,cmd,depsdev,1.0.8
io.github.agent-blueprint/free-blueprints,npm,@agent-blueprint/free-blueprints,official-ts,^1.27.0,error-as-result,direct,1.30.1,cmd,depsdev,1.0.1
io.github.agentIgris/agentfund,npm,@agentfund/mcp,official-ts,^1.29.0,error-as-result,direct,1.30.1,cmd,depsdev,0.1.1
io.github.agentailor/slimcontext-mcp-server,npm,slimcontext-mcp-server,official-ts,^1.12.1,error-as-result,direct,1.30.1,cmd,depsdev,0.1.2
io.github.agentbodegastore/agentbodega-mcp,npm,@agentbodega/mcp,none-handrolled,,error-as-result,,,cmd,dev-only-sdk:official-ts,0.1.7
io.github.agentgraph-co/agentgraph-trust,pypi,agentgraph-trust,none-handrolled,,pass,,,cmd,depsdev-no-sdk,0.3.0
io.github.agenticmail/mcp,npm,@agenticmail/mcp,official-ts,^1.12.0,error-as-result,direct,1.30.1,cmd,depsdev,0.5.59
io.github.agentkitai/agentgate,npm,@agentkitai/agentgate-mcp,official-ts,^1.26.0,error-as-result,direct,1.30.1,cmd,depsdev,0.0.3
io.github.agentmark-ai/mcp-server,npm,@agentmark-ai/mcp-server,official-ts,^1.25.2,error-as-result,direct,1.30.1,cmd,depsdev,0.4.2
io.github.agourakis82/sounio-mcp-server,pypi,sounio-mcp-server,official-py,"<2.0,>=1.12.4",warn,direct,1.30.0,cmd,depsdev,0.1.0
io.github.agustincf/arcade1v1,npm,@arcade1v1/mcp,none-handrolled,,error-as-result,,,cmd,dev-only-sdk:official-ts,0.2.0
io.github.ai-4-devops/devops-practices,pypi,devops-practices-mcp,none-handrolled,,pass,,,cmd,depsdev-no-sdk,1.4.0
io.github.aibenyclaude-coder/kira,npm,kira-mcp,official-ts,^1.0.0,warn,direct,1.30.1,cmd,depsdev,0.8.1
io.github.aibtcdev/mcp-server,npm,@aibtc/mcp-server,official-ts,^1.25.2,error-as-result,direct,1.30.1,cmd,depsdev,1.17.0
io.github.aidc2026ai-melon/aidc-mcp-server,npm,aidc-mcp-server,official-ts,^1.29.0,error-as-result,direct,1.30.1,cmd,depsdev,0.2.2
io.github.aidemd-mcp/server,npm,@aidemd-mcp/server,official-ts,^1.12.1,warn,direct,1.30.1,cmd,depsdev,0.9.0
io.github.aidevelopers2/remoteopenclaw-mcp,npm,remoteopenclaw,official-ts,^1.0.0,error-as-result,direct,1.30.1,cmd,depsdev,0.2.1
io.github.ailingqu/apiany-mcp,npm,@apiany-ai/mcp,official-ts,^1.29.0,error-as-result,direct,1.30.1,cmd,depsdev,0.1.2
io.github.aimsise/color-engine-mcp,npm,color-engine-mcp,official-ts,1.29.0,error-as-result,direct,1.29.0,cmd,depsdev,1.0.1
io.github.airas-org/airas,pypi,airas,official-py,>=1.6.0,error-as-result,direct,2.2.0,cmd,depsdev,0.3.1
io.github.aissablk1/mcp-roadmapsh,npm,mcp-roadmapsh,official-ts,^1.0.4,error-as-result,direct,1.30.1,cmd,depsdev,0.2.0
io.github.aitools420/onchain-safety-mcp,npm,@wickpics/onchain-safety-mcp,official-ts,^1.29.0,error-as-result,direct,1.30.1,cmd,depsdev,0.2.0
io.github.akbaraziz/conduitai,npm,@conduitai-app/mcp-server,official-ts,^1.12.0,error-as-result,direct,1.30.1,cmd,depsdev,1.299.1
io.github.akshatnerella/arduino-mcp-server,npm,arduino-mcp-server,official-ts,^1.17.4,error-as-result,direct,1.30.1,cmd,depsdev,0.2.7
io.github.alanzha2/observe-instrument-mcp,pypi,observe-instrument-mcp,official-py,>=1.2.0,error-as-result,direct,2.2.0,cmd,depsdev,0.1.2
io.github.alexalexalex222/frontend-design-loop-mcp,pypi,frontend-design-loop-mcp,official-py,>=1.25.0,error-as-result,direct,2.2.0,cmd,depsdev,1.0.0
io.github.alexanderclapp/clirank,npm,clirank-mcp-server,official-ts,^1.29.0,error-as-result,direct,1.30.1,cmd,depsdev,0.2.1
io.github.alexboissAV/artefact-revenue-intelligence,pypi,artefact-mcp,unknown,,error-as-result,,,cmd,no-graph,0.3.3
io.github.alexeibespalov/trident,npm,trident-mcp,none-handrolled,,warn,,,cmd,depsdev-no-sdk,1.0.2
io.github.alexkirienko/safebot-chat,npm,safebot-mcp,official-ts,^1.0.0,error-as-result,direct,1.30.1,cmd,depsdev,0.1.1
io.github.alexpota/cloudscope,npm,cloudscope-mcp,official-ts,^1.29.0,error-as-result,direct,1.30.1,cmd,depsdev,0.3.3
withheld-989d01e39af3,pypi,withheld-989d01e39af3,official-py,>=1.0.0,fail,direct,2.2.0,cmd,depsdev,
io.github.alisaitteke/npm-mcp,npm,@alisaitteke/npm-mcp,official-ts,^1.25.3,error-as-result,direct,1.30.1,cmd,depsdev,0.0.3
io.github.allenlu0409/agent-lagoon-mcp,npm,agent-lagoon-mcp,official-ts,^1.29.0,error-as-result,direct,1.30.1,cmd,depsdev,0.3.0
io.github.almega-ai/almega-mcp,pypi,almega-mcp,official-py,>=1.0.0,error-as-result,direct,2.2.0,cmd,depsdev,0.2.0
withheld-c1ba2a214efd,npm,withheld-c1ba2a214efd,none-handrolled,,error-as-result,,,cmd,depsdev-no-sdk,
io.github.alx1p/luma-mcp,pypi,luma-mcp,fastmcp-py,,error-as-result,direct,4.0.9,cmd,depsdev,0.1.0
io.github.alyiox/mcp-atlassian-attachments,pypi,mcp-atlassian-attachments,official-py,>=1.6.0,error-as-result,direct,2.2.0,cmd,depsdev,0.1.2
io.github.alyiox/mcp-clickhousex,pypi,mcp-clickhousex,official-py,>=1.0,error-as-result,direct,2.2.0,cmd,depsdev,0.7.0
withheld-5b972fbfa30f,pypi,withheld-5b972fbfa30f,official-py,>=1.0.0,fail,direct,2.2.0,cmd,depsdev,
io.github.amcharts/amcharts5,npm,@amcharts/amcharts5-mcp,official-ts,^1.12.1,error-as-result,direct,1.30.1,cmd,depsdev,1.1.3
io.github.amirdaraee/luxembourg-mcp,pypi,luxembourg-mcp,none-handrolled,,pass,,,cmd,depsdev-no-sdk,0.4.1
io.github.amitesh-m/wealthville,npm,@wealthville/mcp-server,official-ts,^1.12.0,error-as-result,direct,1.30.1,cmd,depsdev,0.1.1
io.github.amol21p/interactive-terminal,npm,mcp-interactive-terminal,official-ts,^1.12.1,error-as-result,direct,1.30.1,cmd,depsdev,1.0.7
io.github.amranswill/pdfapi-mcp-server,npm,@aranswill/mcp-server,official-ts,^1.29.0,error-as-result,direct,1.30.1,cmd,depsdev,1.0.2
withheld-2c33900ec2e7,npm,withheld-2c33900ec2e7,fastmcp-ts,^4.0.1,pass,direct,4.21.2,cmd,depsdev,
io.github.andreacappelletti97/google-flights,npm,google-flights-mcp,official-ts,^1.29.0,error-as-result,direct,1.30.1,cmd,depsdev,1.0.3
io.github.andreas-roennestad/openhive-mcp,npm,openhive-mcp,official-ts,^1.12.1,error-as-result,direct,1.30.1,cmd,depsdev,1.0.2
io.github.andreisirbu91-lab/mcpspend,npm,@mcpspend/mcp-server,official-ts,^1.0.4,error-as-result,direct,1.30.1,cmd,depsdev,0.2.1
io.github.andretaki/hazmat-cfr-mcp,npm,hazmat-cfr-mcp,official-ts,^1.17.5,error-as-result,direct,1.30.1,cmd,depsdev,0.3.0
io.github.andrewschristison/pondlog,npm,@pondlog/mcp-pondlog,official-ts,^1.0.4,error-as-result,direct,1.30.1,cmd,depsdev,0.3.8
io.github.andrewschristison/pondlog-inaturalist,npm,@pondlog/mcp-inaturalist,official-ts,^1.0.4,error-as-result,direct,1.30.1,cmd,depsdev,0.1.3
io.github.andrewschristison/pondlog-mushroomobserver,npm,@pondlog/mcp-mushroomobserver,official-ts,^1.0.4,error-as-result,direct,1.30.1,cmd,depsdev,0.1.5
io.github.andrewschristison/pondlog-npn,npm,@pondlog/mcp-npn,official-ts,^1.0.4,error-as-result,direct,1.30.1,cmd,depsdev,0.1.5
io.github.andrewschristison/pondlog-usgs,npm,@pondlog/mcp-usgs,official-ts,^1.0.4,error-as-result,direct,1.30.1,cmd,depsdev,0.1.6
io.github.andrijdavid/vinted-mcp,npm,@andrijdavid/vinted-mcp,official-ts,^1.0.0,error-as-result,direct,1.30.1,cmd,depsdev,0.1.2
io.github.andylbrummer/math-mcp,pypi,scicomp-math-mcp,official-py,>=1.0.0,error-as-result,direct,2.2.0,cmd,depsdev,0.1.6
io.github.andylbrummer/molecular-mcp,pypi,scicomp-molecular-mcp,official-py,>=1.0.0,error-as-result,direct,2.2.0,cmd,depsdev,0.1.6
io.github.andylbrummer/neural-mcp,pypi,scicomp-neural-mcp,official-py,>=1.0.0,error-as-result,direct,2.2.0,cmd,depsdev,0.1.6
io.github.andylbrummer/quantum-mcp,pypi,scicomp-quantum-mcp,official-py,>=1.0.0,error-as-result,direct,2.2.0,cmd,depsdev,0.1.6
io.github.andyscott88/agentsafe,npm,agentsafe-mcp-server,official-ts,^1.0.0,error-as-result,direct,1.30.1,cmd,depsdev,1.0.1
io.github.animicaorg/animica,npm,animica-mcp,official-ts,^1.12.0,error-as-result,direct,1.30.1,cmd,depsdev,0.1.1
io.github.anipotts/imessage-mcp,npm,imessage-mcp,official-ts,^1.27.0,error-as-result,direct,1.30.1,cmd,depsdev,1.2.1
io.github.ankitsxchdeva/account-pool-mcp,npm,account-pool-mcp,official-ts,^1.12.0,error-as-result,direct,1.30.1,cmd,depsdev,0.1.1
io.github.annibale-x/mcp-webgate,pypi,mcp-webgate,official-py,>=1.0.0,error-as-result,direct,2.2.0,cmd,depsdev,0.1.31
io.github.anp2dev/anp2-mcp-server,pypi,anp2-mcp-server,official-py,"<2,>=1.2",error-as-result,direct,1.30.0,cmd,depsdev,0.3.0
io.github.anp2protocol/anp2-mcp-server,pypi,anp2-mcp-server,official-py,"<2,>=1.2",error-as-result,direct,1.30.0,cmd,depsdev,0.2.0
io.github.anthonybono21-cloud/leapfrog,npm,leapfrog-mcp,official-ts,^1.11.0,error-as-result,direct,1.30.1,cmd,depsdev,0.7.4
io.github.antics-gg/antics-mcp,npm,antics-mcp,official-ts,^1.12.0,error-as-result,direct,1.30.1,cmd,depsdev,0.1.9
io.github.antohins/seo-tools-mcp-gsc,npm,seo-tools-mcp-gsc,official-ts,^1.12.0,error-as-result,direct,1.30.1,cmd,depsdev,1.2.0
io.github.antohins/seo-tools-mcp-metrika,npm,seo-tools-mcp-metrika,official-ts,^1.12.0,error-as-result,direct,1.30.1,cmd,depsdev,1.2.0
io.github.antohins/seo-tools-mcp-wordstat,npm,seo-tools-mcp-wordstat,official-ts,^1.12.0,error-as-result,direct,1.30.1,cmd,depsdev,1.2.0
io.github.antohins/seo-tools-mcp-xmlriver,npm,seo-tools-mcp-xmlriver,official-ts,^1.12.0,error-as-result,direct,1.30.1,cmd,depsdev,1.2.0
io.github.antohins/seo-tools-mcp-xmlstock,npm,seo-tools-mcp-xmlstock,official-ts,^1.12.0,error-as-result,direct,1.30.1,cmd,depsdev,1.2.0
io.github.antohins/seo-tools-mcp-ywm,npm,seo-tools-mcp-ywm,official-ts,^1.12.0,error-as-result,direct,1.30.1,cmd,depsdev,1.2.0
io.github.antoinedelorme/gravity-swarm,npm,gravity-swarm-mcp,official-ts,^1.26.0,error-as-result,direct,1.30.1,cmd,depsdev,1.0.1
io.github.antonbabenko/deliberation,npm,@antonbabenko/deliberation-mcp,none-handrolled,,warn,,,cmd,depsdev-no-sdk,3.11.0
io.github.antonio-mello-ai/mcp-pfsense,pypi,mcp-pfsense,official-py,>=1.0.0,error-as-result,direct,2.2.0,cmd,depsdev,0.1.1
io.github.antonio-mello-ai/mcp-proxmox,pypi,mcp-proxmox,official-py,>=1.26.0,error-as-result,direct,2.2.0,cmd,depsdev,1.2.1
io.github.antonpogrebenko-public/rftools,npm,rftools-mcp,official-ts,^1.27.1,error-as-result,direct,1.30.1,cmd,depsdev,1.5.3
io.github.antvis/mcp-server-chart,npm,@antv/mcp-server-chart,official-ts,^1.11.4,pass,direct,1.30.1,cmd,depsdev,0.9.0-beta.1
io.github.anzy-renlab-ai/pronounce,pypi,pronounce-mcp,official-py,"<2,>=1.0.0",error-as-result,direct,1.30.0,cmd,depsdev,0.1.1
io.github.aos-standard/mcp-blast-radius,pypi,mcp-blast-radius,official-py,>=1.0.0,error-as-result,direct,2.2.0,cmd,depsdev,0.2.4
io.github.apatilgtn/k8scortex-mcp,npm,k8scortex-mcp,official-ts,^1.29.0,warn,direct,1.30.1,cmd,depsdev,1.0.2
io.github.apeirontrade/provenance-mcp,npm,provenance-mcp,official-ts,^1.29.0,error-as-result,direct,1.30.1,cmd,depsdev,0.1.1
io.github.apiarya/wemo,pypi,wemo-mcp-server,official-py,>=1.2.0,error-as-result,direct,2.2.0,cmd,depsdev,1.4.1
io.github.aplaceforallmystuff/mcp-threatintel,npm,mcp-threatintel-server,official-ts,^1.0.0,error-as-result,direct,1.30.1,cmd,depsdev,1.0.1
io.github.apolocine/orm-mcp,npm,@mostajs/orm-mcp,official-ts,^1.29.0,error-as-result,direct,1.30.1,cmd,depsdev,0.1.1
io.github.appcreationsca/bumpguard,pypi,bumpguard-mcp,official-py,>=1.2.0,error-as-result,direct,2.2.0,cmd,depsdev,0.2.1
io.github.applitools/applitools,npm,@applitools/mcp,official-ts,^1.0.0,error-as-result,direct,1.30.1,cmd,depsdev,0.5.4
io.github.ar-agents/mcp,npm,@ar-agents/mcp,official-ts,^1.0.0,error-as-result,direct,1.30.1,cmd,depsdev,0.4.11
io.github.arcadia-finance/mcp-server,npm,@arcadia-finance/mcp-server,official-ts,^1.12.0,error-as-result,direct,1.30.1,cmd,depsdev,0.4.6
io.github.archetypal-ai/archetypal-ai,npm,archetypal-ai,none-handrolled,,warn,,,cmd,depsdev-no-sdk,1.0.5
io.github.archimedes-market/mcp-archimedes,npm,@archimedes-market/mcp,official-ts,^1.0.0,error-as-result,direct,1.30.1,cmd,depsdev,0.2.0
io.github.ardev-lab/fake-star-audit,pypi,fake-star-audit,official-py,>=1.0,error-as-result,direct,2.2.0,cmd,depsdev,0.1.2
io.github.ardev-lab/star-trajectory,pypi,star-trajectory,official-py,>=1.0,error-as-result,direct,2.2.0,cmd,depsdev,0.1.0
io.github.aresyn/codex-control-plane-mcp,pypi,codex-control-plane-mcp,none-handrolled,,error-as-result,,,cmd,depsdev-no-sdk,0.2.1
io.github.ariekogan/ateam-mcp,npm,@ateam-ai/mcp,official-ts,^1.0.0,error-as-result,direct,1.30.1,cmd,depsdev,0.1.2
io.github.arielbk/anki-mcp,npm,@arielbk/anki-mcp,official-ts,^1.15.0,error-as-result,direct,1.30.1,cmd,depsdev,0.3.2
io.github.arijit-gogoi/mpv-mcp-server,npm,mpv-mcp-server,official-ts,^1.29.0,error-as-result,direct,1.30.1,cmd,depsdev,1.2.0
io.github.arikanatakan/dataxplan-mcp,pypi,dataxplan-mcp,official-py,>=1.0,error-as-result,direct,2.2.0,cmd,depsdev,0.1.0
io.github.arikanatakan/finvariant-mcp,pypi,finvariant-mcp,official-py,>=1.0,error-as-result,direct,2.2.0,cmd,depsdev,0.1.1
io.github.arikanatakan/oee-mcp,pypi,oee-mcp,official-py,>=1.0,error-as-result,direct,2.2.0,cmd,depsdev,0.2.0
io.github.arikanatakan/pmcontrols-mcp,pypi,pmcontrols-mcp,official-py,>=1.0,error-as-result,direct,2.2.0,cmd,depsdev,0.2.1
io.github.arikanatakan/revmng-mcp,pypi,revmng-mcp,official-py,>=1.0,error-as-result,direct,2.2.0,cmd,depsdev,0.1.0
io.github.ariklapid/pyslang-mcp,pypi,pyslang-mcp,official-py,"<2,>=1.27",error-as-result,direct,1.30.0,cmd,depsdev,0.1.0
io.github.arikusi/nakkas,npm,nakkas,official-ts,^1.10.2,error-as-result,direct,1.30.1,cmd,depsdev,0.5.0
io.github.ariroffe72/zmanim-mcp-server,pypi,zmanim-mcp-server,fastmcp-py,>=3.0.0,error-as-result,direct,4.0.9,cmd,depsdev,0.3.1
io.github.armanas/froglet,npm,froglet-mcp,official-ts,^1.27.1,error-as-result,direct,1.30.1,cmd,depsdev,0.4.0
io.github.arnavranjan005/mcp-telemetry-server,npm,mcp-telemetry-server,official-ts,^1.0.0,error-as-result,direct,1.30.1,cmd,depsdev,0.1.3
withheld-20b1c827d11d,pypi,withheld-20b1c827d11d,official-py,>=1.0.0,fail,direct,2.2.0,cmd,depsdev,
withheld-4b6e6c99b8d1,pypi,withheld-4b6e6c99b8d1,official-py,>=1.0.0,fail,direct,2.2.0,cmd,depsdev,
withheld-26531d8c07fb,pypi,withheld-26531d8c07fb,official-py,>=1.0.0,fail,direct,2.2.0,cmd,depsdev,
withheld-43e4f4752b73,pypi,withheld-43e4f4752b73,official-py,>=1.0.0,fail,direct,2.2.0,cmd,depsdev,
withheld-80f35eac020a,pypi,withheld-80f35eac020a,official-py,>=1.0.0,fail,direct,2.2.0,cmd,depsdev,
io.github.artgas1/xmlriver-mcp,pypi,xmlriver-mcp,fastmcp-py,>=2.10.0,error-as-result,direct,4.0.9,cmd,depsdev,0.1.8
io.github.arthurcarlsonn/aeo-mcp,npm,aeo-mcp,official-ts,^1.29.0,error-as-result,direct,1.30.1,cmd,depsdev,1.0.1
io.github.artokun/comfyui-mcp,npm,comfyui-mcp,official-ts,^1.12.1,error-as-result,direct,1.30.1,cmd,depsdev,0.4.1
io.github.arturogarrido/claudinho,npm,@claudinho/mcp,official-ts,^1.21.0,error-as-result,direct,1.30.1,cmd,depsdev,0.8.19
io.github.aryanduntley/pwa-debug-layer,npm,@aryanduntley/pwa-debug,official-ts,^1.0.4,error-as-result,direct,1.30.1,cmd,depsdev,0.2.0
io.github.aryankumar06/infimium,npm,infimium,official-ts,^1.0.0,warn,direct,1.30.1,cmd,depsdev,0.1.6
withheld-8c8b4f72f5f2,pypi,withheld-8c8b4f72f5f2,official-py,>=1.0.0,fail,direct,2.2.0,cmd,depsdev,
io.github.ashlrai/webfetch,npm,getwebfetch-mcp,official-ts,^1.0.4,error-as-result,direct,1.30.1,cmd,depsdev,0.1.5
io.github.ashmitrrr/dsa-tracker-mcp-server,pypi,dsa-tracker-mcp,official-py,>=1.2.0,error-as-result,direct,2.2.0,cmd,depsdev,1.0.1
io.github.askadvaith/mcp-state-sidecar,pypi,mcp-state-sidecar,fastmcp-py,>=0.4.1,error-as-result,direct,4.0.9,cmd,depsdev,0.1.0
withheld-3bc0866744ed,pypi,withheld-3bc0866744ed,official-py,>=1.0.0,fail,direct,2.2.0,cmd,depsdev,
withheld-7298ffadbd78,pypi,withheld-7298ffadbd78,official-py,>=1.0.0,fail,direct,2.2.0,cmd,depsdev,
io.github.astandrik/local-ydb-mcp,npm,@astandrik/local-ydb-mcp,official-ts,^1.29.0,error-as-result,direct,1.30.1,cmd,depsdev,0.14.1
io.github.asyntheticai/asynthetic,npm,asynthetic,official-ts,^1.29.0,error-as-result,direct,1.30.1,cmd,depsdev,0.1.3
io.github.ataberk-xyz/gossipcat,npm,gossipcat,official-ts,^1.27.1,error-as-result,direct,1.30.1,cmd,depsdev,0.2.1
io.github.atarkowska/fastmcp-pdftools,pypi,fastmcp-pdftools,fastmcp-py,>=2.0.0,error-as-result,direct,4.0.9,cmd,depsdev,0.1.3
io.github.atarkowska/fastmcp-sqltools,pypi,fastmcp-sqltools,fastmcp-py,,error-as-result,direct,4.0.9,cmd,depsdev,0.3.0
io.github.atheris-ee/atheris-mcp,npm,atheris-mcp,none-handrolled,,error-as-result,,,cmd,depsdev-no-sdk,0.1.1
io.github.atlasprzetargow/mcp,npm,@atlasprzetargow/mcp,official-ts,^1.0.0,error-as-result,direct,1.30.1,cmd,depsdev,0.1.1
io.github.atomno-labs/mcp-cbr-rates,pypi,atomno-mcp-cbr-rates,official-py,"<2.0.0,>=1.2.0",error-as-result,direct,1.30.0,cmd,depsdev,0.1.4
io.github.atomno-labs/mcp-egrul,pypi,atomno-mcp-egrul,fastmcp-py,"<4.0.0,>=0.2.0",error-as-result,direct,3.4.7,cmd,depsdev,0.1.4
io.github.atomno-labs/mcp-fns-check,pypi,atomno-mcp-fns-check,fastmcp-py,"<4.0.0,>=3.0.0",error-as-result,direct,3.4.7,cmd,depsdev,0.1.2
io.github.atomno-labs/mcp-seo-audit,pypi,atomno-mcp-seo-audit,fastmcp-py,"<4.0.0,>=3.0.0",error-as-result,direct,3.4.7,cmd,depsdev,0.4.1
io.github.atomno-mcp/mcp-cbr-rates,pypi,atomno-mcp-cbr-rates,official-py,"<2.0.0,>=1.2.0",error-as-result,direct,1.30.0,cmd,depsdev,0.1.10
io.github.atomno-mcp/mcp-egrul,pypi,atomno-mcp-egrul,fastmcp-py,"<4.0.0,>=0.2.0",error-as-result,direct,3.4.7,cmd,depsdev,0.1.10
io.github.atomno-mcp/mcp-erid,pypi,atomno-mcp-erid,fastmcp-py,"<4.0.0,>=2.0.0",error-as-result,direct,3.4.7,cmd,depsdev,0.1.4
io.github.atomno-mcp/mcp-fns-calc,pypi,atomno-mcp-fns-calc,fastmcp-py,"<4.0.0,>=2.0.0",error-as-result,direct,3.4.7,cmd,depsdev,0.1.4
io.github.atomno-mcp/mcp-fns-check,pypi,atomno-mcp-fns-check,fastmcp-py,"<4.0.0,>=3.0.0",error-as-result,direct,3.4.7,cmd,depsdev,0.1.9
io.github.atomno-mcp/mcp-fssp,pypi,atomno-mcp-fssp,fastmcp-py,"<4.0.0,>=3.0.0",error-as-result,direct,3.4.7,cmd,depsdev,0.1.7
io.github.atomno-mcp/mcp-rosreestr,pypi,atomno-mcp-rosreestr,official-py,"<2.0.0,>=1.2.0",error-as-result,direct,1.30.0,cmd,depsdev,0.1.6
io.github.atomno-mcp/mcp-seo-audit,pypi,atomno-mcp-seo-audit,fastmcp-py,"<4.0.0,>=3.0.0",error-as-result,direct,3.4.7,cmd,depsdev,0.4.7
io.github.atomno-mcp/mcp-zakupki,pypi,atomno-mcp-zakupki,fastmcp-py,"<4.0.0,>=3.0.0",error-as-result,direct,3.4.7,cmd,depsdev,0.1.8
io.github.attebury/remogram,npm,@remogram/mcp,official-ts,^1.17.0,error-as-result,direct,1.30.1,cmd,depsdev,0.2.0-beta.4
io.github.attestagents/attest-mcp,npm,attest-mcp,official-ts,^1.29.0,error-as-result,direct,1.30.1,cmd,depsdev,1.0.0
io.github.attestd-io/attestd-mcp,npm,@attestd/mcp,official-ts,^1.0.0,error-as-result,direct,1.30.1,cmd,depsdev,0.2.1
io.github.austenstone/myinstants,npm,myinstants-mcp,official-ts,^1.12.1,error-as-result,direct,1.30.1,cmd,depsdev,1.8.2
io.github.austenstone/myinstants-mcp,npm,myinstants-mcp,official-ts,^1.12.1,error-as-result,direct,1.30.1,cmd,depsdev,1.3.1
io.github.auxiliar-ai/auxiliar-mcp,npm,auxiliar-mcp,official-ts,^1.12.1,error-as-result,direct,1.30.1,cmd,depsdev,0.23.0
withheld-4c276338762a,pypi,withheld-4c276338762a,official-py,>=1.0.0,fail,direct,2.2.0,cmd,depsdev,
io.github.awslabs/mcp-server-for-oscal,pypi,mcp-server-for-oscal,official-py,>=1.23.3,error-as-result,direct,1.30.0,cmd,depsdev,0.4.0
io.github.axiosdevs/agentpump-mcp,npm,agentpump-mcp,official-ts,^1.0.4,error-as-result,direct,1.30.1,cmd,depsdev,1.1.1
io.github.axiosdevs/agentscoin-mcp,npm,agentscoin-mcp,official-ts,^1.12.0,error-as-result,direct,1.30.1,cmd,depsdev,1.1.0
io.github.ayhammouda/python-docs-mcp-server,pypi,python-docs-mcp-server,official-py,"<2.0.0,>=1.27.0",error-as-result,direct,1.30.0,cmd,depsdev,0.3.1
io.github.azeth-protocol/mcp-server,npm,@azeth/mcp-server,official-ts,^1.0.0,error-as-result,direct,1.30.1,cmd,depsdev,0.2.22
io.github.baixianger/camoufox-mcp,npm,camoufox-mcp,official-ts,^1.0.0,warn,direct,1.30.1,cmd,depsdev,1.0.0
io.github.baixianger/langchain-mcp,npm,langchain-mcp,official-ts,^1.12.0,error-as-result,direct,1.30.1,cmd,depsdev,2.0.0
io.github.bamwor-dev/bamwor-mcp-server,npm,bamwor-mcp-server,official-ts,^1.27.0,error-as-result,direct,1.30.1,cmd,depsdev,0.2.2
io.github.baodq06/memocall,npm,memocall,official-ts,^1.0.0,error-as-result,direct,1.30.1,cmd,depsdev,0.1.0
io.github.barangaroo/crosstabs,pypi,crosstabs,fastmcp-py,>=0.1.0,error-as-result,direct,4.0.9,cmd,depsdev,1.0.2
io.github.barangaroo/crosstabs-mcp,pypi,crosstabs-mcp,unknown,,error-as-result,,,cmd,no-graph,1.0.0
withheld-2940d548ed4a,npm,withheld-2940d548ed4a,none-handrolled,,warn,,,cmd,depsdev-no-sdk,
io.github.batook22/project-knowledge-mcp,npm,project-knowledge-mcp,official-ts,^1.0.0,warn,direct,1.30.1,cmd,depsdev,1.0.6
io.github.bats64mgutsi/nextrole-mcp-proxy,npm,nextrole-mcp-proxy,official-ts,^1.29.0,error-as-result,direct,1.30.1,cmd,depsdev,0.2.0
io.github.bawbel/bawbel-mcp,pypi,bawbel-mcp,fastmcp-py,>=3.0.0,error-as-result,direct,4.0.9,cmd,depsdev,1.1.0
io.github.bbb-build/mascope-mcp,npm,mascope-mcp,official-ts,^1.12.0,error-as-result,direct,1.30.1,cmd,depsdev,1.0.1
io.github.bbb-build/touchgrass-mcp,npm,touchgrass-mcp,official-ts,^1.0.0,error-as-result,direct,1.30.1,cmd,depsdev,0.2.1
io.github.bbriggs1990/moltawards-mcp,pypi,moltawards-mcp,official-py,>=1.2.0,error-as-result,direct,2.2.0,cmd,depsdev,0.2.3
io.github.bch1212/agent-commerce-mcp,npm,agent-commerce-mcp,official-ts,^1.18.0,error-as-result,direct,1.30.1,cmd,depsdev,0.1.3
io.github.bch1212/agentfetch,pypi,agentfetch-mcp,fastmcp-py,"<1.0.0,>=0.4.0",error-as-result,direct,0.4.1,cmd,depsdev,1.0.1
io.github.bch1212/agenttrust,npm,agenttrust-mcp,official-ts,^1.0.4,pass,direct,1.30.1,cmd,depsdev,0.1.0
io.github.beee003/vynn-mcp,pypi,vynn-mcp,official-py,>=1.0.0,error-as-result,direct,2.2.0,cmd,depsdev,0.1.1
io.github.beepboop2025/data-breach-detector,pypi,data-breach-detector,official-py,>=1.2.0,error-as-result,direct,2.2.0,cmd,depsdev,0.1.0
io.github.beepboop2025/groundcheck,npm,groundcheck-mcp,official-ts,^1.0.0,error-as-result,direct,1.30.1,cmd,depsdev,0.4.0
io.github.beepboop2025/pdf-suite-mcp,npm,pdf-suite-mcp,official-ts,^1.12.0,error-as-result,direct,1.30.1,cmd,depsdev,2.1.2
io.github.beepboop2025/pdf-toolkit-mcp,npm,pdf-suite-mcp,official-ts,^1.12.0,error-as-result,direct,1.30.1,cmd,depsdev,2.1.1
io.github.beeswaxpat/chronoverify,npm,chronoverify-mcp,official-ts,^1.0.0,error-as-result,direct,1.30.1,cmd,depsdev,0.1.6
io.github.benediktgirz/storylenses,npm,@storylenses/mcp-server,official-ts,^1.12.0,error-as-result,direct,1.30.1,cmd,depsdev,0.1.3
io.github.benhuang21828/pdfkit,npm,pdfkit-mcp,official-ts,^1.20.1,error-as-result,direct,1.30.1,cmd,depsdev,1.0.2
io.github.benjammartin/munition,npm,@munition/mcp,official-ts,^1.0.0,warn,direct,1.30.1,cmd,depsdev,0.0.12
io.github.benswork-space/priceof,npm,@priceof/mcp-server,official-ts,^1.11.0,error-as-result,direct,1.30.1,cmd,depsdev,0.1.2
io.github.benteigland11/cartograph,pypi,cartograph-mcp,official-py,>=1.0.0,error-as-result,direct,2.2.0,cmd,depsdev,0.1.3
io.github.berba-q/faostat-mcp,pypi,faostat-mcp,official-py,>=1.0,error-as-result,direct,2.2.0,cmd,depsdev,1.2.2
io.github.beremaran/godot-agent-loop,npm,@beremaran/godot-agent-loop,official-ts,^1.29.0,pass,direct,1.30.1,cmd,depsdev,1.0.1
io.github.berkayderin/nextscan,npm,@berkayderin/nextscan,official-ts,^1.12.1,error-as-result,direct,1.30.1,cmd,depsdev,1.0.1
io.github.bethmaloney/rdl-mcp,pypi,rdl-mcp,none-handrolled,,pass,,,cmd,depsdev-no-sdk,0.1.0
io.github.bgauryy/octocode-mcp,npm,octocode-mcp,official-ts,^1.21.0,error-as-result,direct,1.30.1,cmd,depsdev,7.0.9
io.github.bharath-krishna/mcp-test,pypi,mcp-echo-server,official-py,>=1.0.0,error-as-result,direct,2.2.0,cmd,depsdev,0.1.0
io.github.bibinprathap/veritasgraph,pypi,veritasgraph-mcp,none-handrolled,,pass,,,cmd,depsdev-no-sdk,0.1.2
io.github.bighippoman/intercept-mcp,npm,intercept-mcp,official-ts,^1.27.1,error-as-result,direct,1.30.1,cmd,depsdev,3.0.8
io.github.bighippoman/license-compliance,npm,license-compliance-mcp,official-ts,^1.27.1,error-as-result,direct,1.30.1,cmd,depsdev,1.0.2
io.github.bighippoman/memoir,npm,memoir-mcp,official-ts,^1.27.1,error-as-result,direct,1.30.1,cmd,depsdev,1.0.3
io.github.billy12151/memory-arbiter-mcp,pypi,memory-arbiter-mcp,official-py,>=1.2.0,error-as-result,direct,2.2.0,cmd,depsdev,0.2.0
io.github.billychl1/footballbin-mcp-server,npm,footballbin-mcp-server,official-ts,^1.25.0,error-as-result,direct,1.30.1,cmd,depsdev,1.0.4
io.github.biocross/displaybuddy-mcp,npm,@biocross/displaybuddy-mcp,official-ts,^1.0.0,error-as-result,direct,1.30.1,cmd,depsdev,3.3.0
io.github.bitgett/q402-mcp,npm,@quackai/q402-mcp,official-ts,^1.29.0,error-as-result,direct,1.30.1,cmd,depsdev,0.11.11
io.github.bitofacoder/omni-mcp-server,npm,@bitofacoder/omni-mcp-server,official-ts,^1.6.0,warn,direct,1.30.1,cmd,depsdev,1.1.1
io.github.bitsandtea/postking-mcp,npm,postking-mcp,official-ts,^1.0.0,error-as-result,direct,1.30.1,cmd,depsdev,1.1.7
io.github.bituq/zendriver-mcp,pypi,zendriver-mcp,official-py,>=1.0.0,error-as-result,direct,2.2.0,cmd,depsdev,0.3.3
io.github.bjornj12/golf-coach,pypi,golf-coach,fastmcp-py,>=2.0.0,error-as-result,direct,4.0.9,cmd,depsdev,0.6.0
io.github.bjornj12/trackman-mcp,pypi,trackman-mcp,fastmcp-py,>=2.0.0,error-as-result,direct,4.0.9,cmd,depsdev,0.4.0
io.github.blackaxgit/agent-mcp-hub,npm,agent-mcp-hub,official-ts,^1.29.0,error-as-result,direct,1.30.1,cmd,depsdev,0.5.3
io.github.blackdome-ai/blackdome,pypi,blackdome-mcp,official-py,>=1.0.0,error-as-result,direct,2.2.0,cmd,depsdev,0.2.0
withheld-27375ba32666,npm,withheld-27375ba32666,none-handrolled,,pass,,,cmd,depsdev-no-sdk,
withheld-68259bbdffa1,pypi,withheld-68259bbdffa1,official-py,>=1.2.0,fail,direct,2.2.0,cmd,depsdev,
io.github.bleedmode/dearuser,npm,@poisedhq/dearuser-mcp,official-ts,^1.12.0,error-as-result,direct,1.30.1,cmd,depsdev,1.0.20
io.github.blueprint-chart/mcp,npm,@blueprint-chart/mcp,official-ts,^1.0.0,error-as-result,direct,1.30.1,cmd,depsdev,0.2.0
io.github.blueprint-infrastructure/solentic,npm,@solentic/mcp-server,official-ts,^1.12.1,error-as-result,direct,1.30.1,cmd,depsdev,1.1.1
io.github.bluwork/kontra-mcp,npm,kontra-mcp,official-ts,^1.27.1,error-as-result,direct,1.30.1,cmd,depsdev,0.1.2
io.github.bockenstette1/seedflip,npm,seedflip-mcp,official-ts,^1.12.1,error-as-result,direct,1.30.1,cmd,depsdev,0.1.2
io.github.bodyegypt/turkey-data-mcp,npm,turkey-data-mcp,official-ts,^1.29.0,error-as-result,direct,1.30.1,cmd,depsdev,1.0.0
withheld-bd625baf319f,npm,withheld-bd625baf319f,official-ts,^1.0.0,fail,direct,1.30.1,cmd,depsdev,
io.github.borgi-s/dfxm-geo-mcp,pypi,dfxm-geo-mcp,fastmcp-py,>=3,error-as-result,direct,4.0.9,cmd,depsdev,0.1.0
io.github.botmonster/image2svg-mcp,pypi,image2svg-mcp,fastmcp-py,>=3.2.0,error-as-result,direct,4.0.9,cmd,depsdev,1.0.1
io.github.boyce-io/boyce,pypi,boyce,official-py,>=1.0.0,error-as-result,direct,2.2.0,cmd,depsdev,0.1.1
io.github.bpamiri/u2-mcp,pypi,u2-mcp,official-py,>=1.0.0,error-as-result,direct,2.2.0,cmd,depsdev,0.1.1
io.github.brianfofficial/retentioncheck-mcp-server,npm,@retentioncheck/mcp-server,official-ts,^1.0.0,error-as-result,direct,1.30.1,cmd,depsdev,0.6.2
io.github.bromoket/x64dbg,npm,x64dbg-mcp-server,official-ts,^1.12.1,error-as-result,direct,1.30.1,cmd,depsdev,2.3.0
io.github.bruno-portfolio/agrobr,pypi,agrobr-mcp,official-py,>=1.2.0,error-as-result,direct,2.2.0,cmd,depsdev,0.1.2
withheld-73514f1868c2,pypi,withheld-73514f1868c2,none-handrolled,,fail,,,cmd,depsdev-no-sdk,
io.github.burakaydinofficial/searxng-deepdive,npm,searxng-deepdive,official-ts,^1.29.0,warn,direct,1.30.1,cmd,depsdev,0.4.1
io.github.bx33661/wireshark-mcp,pypi,wireshark-mcp,official-py,>=1.0.0,error-as-result,direct,2.2.0,cmd,depsdev,0.6.5
io.github.bytedance/mcp-server-browser,npm,@agent-infra/mcp-server-browser,official-ts,~1.15.1,pass,direct,1.15.1,npm-tag,depsdev,1.2.29
withheld-f601b8c3abca,npm,withheld-f601b8c3abca,official-ts,~1.15.1,pass,direct,1.15.1,npm-tag,depsdev,
io.github.bzdOS/hubd,npm,@bzdos/hubd,none-handrolled,,error-as-result,,,cmd,depsdev-no-sdk,0.4.2
io.github.bzsasson/screaming-frog-mcp,pypi,screaming-frog-mcp,official-py,>=1.26.0,error-as-result,direct,2.2.0,cmd,depsdev,0.1.0
io.github.c64dos-png/vector-mirror,npm,vector-mirror,official-ts,^1.29.0,error-as-result,direct,1.30.1,cmd,depsdev,1.0.0
withheld-0602f4672635,npm,withheld-0602f4672635,official-ts,^1.10.0,fail,direct,1.30.1,cmd,depsdev,
io.github.caelum29/calibre-mcp,npm,calibre-mcp,official-ts,1.29.0,error-as-result,direct,1.29.0,cmd,depsdev,0.4.2
io.github.calintzy/evmscope,npm,evmscope,official-ts,^1.12.1,error-as-result,direct,1.30.1,cmd,depsdev,1.5.2
io.github.calllint/calllint,npm,calllint-mcp,none-handrolled,,pass,,,cmd,depsdev-no-sdk,0.2.0
io.github.cameroncooke/XcodeBuildMCP,npm,xcodebuildmcp,none-handrolled,,pass,,,cmd,depsdev-no-sdk,1.12.8
io.github.cameronrye/activitypub-mcp,npm,activitypub-mcp,official-ts,^1.18.1,error-as-result,direct,1.30.1,cmd,depsdev,3.2.1
withheld-f85537a61f98,npm,withheld-f85537a61f98,official-ts,^1.0.4,fail,direct,1.30.1,cmd,depsdev,
io.github.cammac-creator/openswissdata,npm,@openswissdata/mcp,official-ts,^1.0.0,error-as-result,direct,1.30.1,cmd,depsdev,0.1.1
io.github.cap-js/mcp-server,npm,@cap-js/mcp-server,official-ts,^1.8.0,error-as-result,direct,1.30.1,cmd,depsdev,0.0.4
io.github.carlosalvite/foundersignal,npm,foundersignal-mcp,none-handrolled,,pass,,,cmd,depsdev-no-sdk,0.1.0
io.github.carloshpdoc/memorydetective,npm,memorydetective,official-ts,^1.0.0,error-as-result,direct,1.30.1,cmd,depsdev,1.18.1
io.github.carsonroell-debug/leadenrich-mcp,pypi,leadenrich-mcp,fastmcp-py,>=3.0.0,error-as-result,direct,4.0.9,cmd,depsdev,0.2.0
io.github.carsonroell-debug/linkrescue-mcp,pypi,linkrescue-mcp,fastmcp-py,>=3.0.0,error-as-result,direct,4.0.9,cmd,depsdev,0.1.1
io.github.carsonroell-debug/selfheal-mcp,npm,selfheal-mcp,official-ts,^1.29.0,error-as-result,direct,1.30.1,cmd,depsdev,0.1.1
io.github.carsonroell-debug/sitehealth-mcp,npm,sitehealth-mcp,official-ts,^1.29.0,error-as-result,direct,1.30.1,cmd,depsdev,0.1.1
io.github.cassilup/filewash,npm,@fixpixel/filewash-api,official-ts,^1.0.0,error-as-result,direct,1.30.1,cmd,depsdev,0.1.0
io.github.catorch/textavia-mcp,npm,@textavia/mcp,official-ts,^1.0.4,error-as-result,direct,1.30.1,cmd,depsdev,0.1.2
io.github.cbetz/ratebook,pypi,ratebook-mcp,official-py,>=1.2,error-as-result,direct,2.2.0,cmd,depsdev,0.1.0
io.github.cc1a2b/arabicfmt-mcp,npm,arabicfmt-mcp,official-ts,^1.29.0,error-as-result,direct,1.30.1,cmd,depsdev,0.1.1
io.github.ccamborde/klaren-mcp,pypi,klaren-mcp,official-py,>=1.9.0,error-as-result,direct,2.2.0,cmd,depsdev,0.1.2
io.github.cct15/war-dashboard-data,pypi,war-dashboard-data,none-handrolled,,error-as-result,,,cmd,depsdev-no-sdk,1.0.0
io.github.cdonoyan/shuka,npm,@shukashake/mcp,official-ts,^1.0.0,error-as-result,direct,1.30.1,cmd,depsdev,1.0.2
io.github.cdrn/sigil,npm,sigild,none-handrolled,,pass,,,cmd,depsdev-no-sdk,0.0.6
io.github.cflorczyk9/margins,npm,margins-mcp,official-ts,^1.29.0,error-as-result,direct,1.30.1,cmd,depsdev,0.15.3
io.github.chaandannn/finops-mcp,pypi,finops-mcp,official-py,>=1.3.0,error-as-result,direct,2.2.0,cmd,depsdev,0.8.176
withheld-4f8f21cc4dde,npm,withheld-4f8f21cc4dde,official-ts,^1.0.0,fail,direct,1.30.1,cmd,depsdev,
io.github.charistas/posokanei-mcp,npm,posokanei-mcp,official-ts,^1.29.0,error-as-result,direct,1.30.1,cmd,depsdev,0.1.1
io.github.charity-verify-admin/charityverify-mcp,npm,charityverify-mcp,official-ts,^1.12.1,error-as-result,direct,1.30.1,cmd,depsdev,1.0.4
io.github.charleslucas/poe-data-mcp,pypi,poe-data-mcp,official-py,,error-as-result,direct,2.2.0,cmd,depsdev,0.3.0
io.github.charo360/statecli,npm,statecli-mcp-server,official-ts,^1.0.0,error-as-result,direct,1.30.1,cmd,depsdev,0.5.0
io.github.cherchyk/browser,npm,mcpbrowser,official-ts,^1.25.1,warn,direct,1.30.1,cmd,depsdev,0.2.1
io.github.chhavimishra/originselect-mcp-server,npm,originselect-mcp-server,official-ts,^1.0.0,error-as-result,direct,1.30.1,cmd,depsdev,1.0.10
io.github.choreoatlas/over-reach-detector,pypi,over-reach-detector,official-py,>=1.0.0,error-as-result,direct,2.2.0,cmd,depsdev,0.0.6
io.github.chrbailey/promptspeak,npm,@chrbailey/promptspeak-mcp-server,official-ts,^1.0.0,error-as-result,direct,1.30.1,cmd,depsdev,0.4.1
io.github.chrisbusbin-pixel/applianceiq,npm,applianceiq-mcp-server,official-ts,^1.0.4,error-as-result,direct,1.30.1,cmd,depsdev,1.0.1
io.github.chrisbusbin-pixel/debtfree,npm,debtfree-mcp-server,official-ts,^1.0.4,error-as-result,direct,1.30.1,cmd,depsdev,1.0.1
io.github.chrisbusbin-pixel/freshtrack,npm,freshtrack-mcp-server,official-ts,^1.0.4,error-as-result,direct,1.30.1,cmd,depsdev,1.0.1
io.github.chrisbusbin-pixel/propfirmdealfinder,npm,propfirmdealfinder-mcp-server,official-ts,^1.6.1,error-as-result,direct,1.30.1,cmd,depsdev,1.0.4
io.github.chrischall/alltrails-mcp,npm,alltrails-mcp,official-ts,^1.29.0,error-as-result,direct,1.30.1,cmd,depsdev,2.1.0
io.github.chrischall/compass-mcp,npm,compass-mcp,official-ts,^1.29.0,error-as-result,direct,1.30.1,cmd,depsdev,0.12.0
io.github.chrischall/easytable-mcp,npm,easytable-mcp,official-ts,^1.29.0,error-as-result,direct,1.30.1,cmd,depsdev,0.2.0
io.github.chrischall/etix-mcp,npm,etix-mcp,official-ts,^1.29.0,error-as-result,direct,1.30.1,cmd,depsdev,0.4.0
io.github.chrischall/evite-mcp,npm,evite-mcp,official-ts,^1.29.0,error-as-result,direct,1.30.1,cmd,depsdev,0.4.0
io.github.chrischall/gogcli-mcp,npm,gogcli-mcp,official-ts,^1.29.0,error-as-result,direct,1.30.1,cmd,depsdev,2.8.0
io.github.chrischall/gogcli-mcp-classroom,npm,gogcli-mcp-classroom,official-ts,^1.29.0,error-as-result,direct,1.30.1,cmd,depsdev,2.8.0
io.github.chrischall/gogcli-mcp-docs,npm,gogcli-mcp-docs,official-ts,^1.29.0,error-as-result,direct,1.30.1,cmd,depsdev,2.8.0
io.github.chrischall/gogcli-mcp-drive,npm,gogcli-mcp-drive,official-ts,^1.29.0,error-as-result,direct,1.30.1,cmd,depsdev,2.8.0
io.github.chrischall/gogcli-mcp-sheets,npm,gogcli-mcp-sheets,official-ts,^1.29.0,error-as-result,direct,1.30.1,cmd,depsdev,2.8.0
io.github.chrischall/gogcli-mcp-slides,npm,gogcli-mcp-slides,official-ts,^1.29.0,error-as-result,direct,1.30.1,cmd,depsdev,2.8.0
io.github.chrischall/hemnet-mcp,npm,hemnet-mcp,official-ts,^1.29.0,error-as-result,direct,1.30.1,cmd,depsdev,0.3.0
io.github.chrischall/homes-mcp,npm,homes-mcp,official-ts,^1.29.0,error-as-result,direct,1.30.1,cmd,depsdev,1.1.0
io.github.chrischall/musescore-mcp,npm,@chrischall/musescore-mcp,official-ts,^1.29.0,error-as-result,direct,1.30.1,cmd,depsdev,0.15.0
io.github.chrischall/musicbrainz-mcp,npm,musicbrainz-mcp,official-ts,^1.29.0,error-as-result,direct,1.30.1,cmd,depsdev,0.2.4
io.github.chrischall/ofw-mcp,npm,ofw-mcp,official-ts,^1.29.0,error-as-result,direct,1.30.1,cmd,depsdev,2.6.4
io.github.chrischall/onehome-mcp,npm,onehome-mcp,official-ts,^1.29.0,error-as-result,direct,1.30.1,cmd,depsdev,0.13.0
io.github.chrischall/opentable-mcp,npm,opentable-mcp,official-ts,^1.29.0,error-as-result,direct,1.30.1,cmd,depsdev,0.16.0
io.github.chrischall/redfin-mcp,npm,redfin-mcp,official-ts,^1.29.0,error-as-result,direct,1.30.1,cmd,depsdev,0.10.0
io.github.chrischall/resy-mcp,npm,resy-mcp,official-ts,^1.29.0,error-as-result,direct,1.30.1,cmd,depsdev,0.6.0
io.github.chrischall/signupgenius-mcp,npm,signupgenius-mcp,official-ts,^1.29.0,error-as-result,direct,1.30.1,cmd,depsdev,1.2.0
io.github.chrischall/skylight-mcp,npm,skylight-mcp,official-ts,^1.29.0,error-as-result,direct,1.30.1,cmd,depsdev,0.4.5
io.github.chrischall/tock-mcp,npm,tock-mcp,official-ts,^1.29.0,error-as-result,direct,1.30.1,cmd,depsdev,0.2.0
io.github.chrischall/vibo-mcp,npm,vibo-mcp,official-ts,^1.29.0,error-as-result,direct,1.30.1,cmd,depsdev,1.4.0
io.github.chrischall/zillow-mcp,npm,zillow-mcp,official-ts,^1.29.0,error-as-result,direct,1.30.1,cmd,depsdev,0.11.0
io.github.christian-beep383/carryfeed,npm,@carryfeed/mcp,official-ts,^1.29.0,error-as-result,direct,1.30.1,cmd,depsdev,0.1.1
io.github.chriswu727/argus,pypi,argus-testing,official-py,>=1.0.0,error-as-result,direct,2.2.0,cmd,depsdev,0.5.0
io.github.chromium-style-qrcode/mcp,npm,@chromium-style-qrcode/mcp,official-ts,^1.0.1,warn,direct,1.30.1,cmd,depsdev,1.0.2
withheld-b8982c1a757f,npm,withheld-b8982c1a757f,official-ts,^1.0.0,fail,direct,1.30.1,cmd,depsdev,
io.github.clanker-records/crompton-network,npm,@clanker-records/crompton-network,official-ts,^1.12.1,error-as-result,direct,1.30.1,cmd,depsdev,1.5.2
io.github.claracarspt/mcp,npm,claracars-mcp,official-ts,^1.0.4,error-as-result,direct,1.30.1,cmd,depsdev,0.1.3
io.github.claude-book/mcp-server-google-forms,npm,mcp-server-google-forms,official-ts,^1.29.0,error-as-result,direct,1.30.1,cmd,depsdev,0.5.0
io.github.clawd800/pumpclaw,npm,pumpclaw-mcp,official-ts,^1.26.0,error-as-result,direct,1.30.1,cmd,depsdev,1.0.1
io.github.clicksprotocol/mcp-server,npm,@clicks-protocol/mcp-server,official-ts,^1.27.1,error-as-result,direct,1.30.1,cmd,depsdev,0.1.4
io.github.cliwant/mcp-sam-gov,npm,@cliwant/mcp-sam-gov,official-ts,^1.20.0,error-as-result,direct,1.30.1,cmd,depsdev,0.3.0
withheld-0d239ea3b816,npm,withheld-0d239ea3b816,official-ts,^1.0.0,fail,direct,1.30.1,cmd,depsdev,
withheld-1dcc8eb11e5d,npm,withheld-1dcc8eb11e5d,official-ts,^1.0.0,fail,direct,1.30.1,cmd,depsdev,
withheld-203ae9528b6e,npm,withheld-203ae9528b6e,official-ts,^1.0.0,fail,direct,1.30.1,cmd,depsdev,
withheld-c759e7364e1a,npm,withheld-c759e7364e1a,official-ts,^1.0.0,fail,direct,1.30.1,cmd,depsdev,
withheld-238c9a797d96,npm,withheld-238c9a797d96,official-ts,^1.0.0,fail,direct,1.30.1,cmd,depsdev,
withheld-474d07f41755,npm,withheld-474d07f41755,official-ts,^1.0.0,fail,direct,1.30.1,cmd,depsdev,
withheld-d44c6f4992f6,npm,withheld-d44c6f4992f6,official-ts,^1.0.0,fail,direct,1.30.1,cmd,depsdev,
withheld-debba0a364f0,npm,withheld-debba0a364f0,official-ts,^1.0.0,fail,direct,1.30.1,cmd,depsdev,
withheld-36c1ccdf9960,npm,withheld-36c1ccdf9960,official-ts,^1.0.0,fail,direct,1.30.1,cmd,depsdev,
io.github.clouatre-labs/math-mcp-learning-server,pypi,math-mcp-learning-server,fastmcp-py,>=3.0.0,error-as-result,direct,4.0.9,cmd,depsdev,0.12.1
io.github.cmdenney/logicnodes-mcp-bridge,npm,@logicnodez/mcp-bridge,official-ts,^1.29.0,error-as-result,direct,1.30.1,cmd,depsdev,1.0.5
io.github.cmeans/mcp-clipboard,pypi,mcp-clipboard,official-py,>=1.2.0,error-as-result,direct,2.2.0,cmd,depsdev,2.6.1
io.github.cmendezs/mcp-einvoicing-be,pypi,mcp-einvoicing-be,fastmcp-py,>=2.0.0,error-as-result,indirect,4.0.9,cmd,depsdev,0.5.0
io.github.cmendezs/mcp-einvoicing-de,pypi,mcp-einvoicing-de,fastmcp-py,>=2.0.0,error-as-result,indirect,4.0.9,cmd,depsdev,0.7.1
io.github.cmendezs/mcp-facture-electronique-fr,pypi,mcp-facture-electronique-fr,fastmcp-py,>=2.0.0,error-as-result,direct,4.0.9,cmd,depsdev,0.8.0
io.github.cmendezs/mcp-fattura-elettronica-it,pypi,mcp-fattura-elettronica-it,fastmcp-py,>=2.0.0,error-as-result,direct,4.0.9,cmd,depsdev,0.5.0
io.github.cmendezs/mcp-ksef-pl,pypi,mcp-ksef-pl,fastmcp-py,>=0.1.0,error-as-result,direct,4.0.9,cmd,depsdev,0.5.0
io.github.cmendezs/mcp-nfe-br,pypi,mcp-nfe-br,fastmcp-py,>=2.0.0,error-as-result,indirect,4.0.9,cmd,depsdev,0.6.2
io.github.cmoonagent/vocce-agent,npm,vocce-transcribe-mcp,official-ts,^1.0.0,error-as-result,direct,1.30.1,cmd,depsdev,1.1.0
io.github.cnghockey/sats4ai,npm,sats4ai-mcp,none-handrolled,,warn,,,cmd,depsdev-no-sdk,1.5.5
io.github.cocaxcode/api-testing-mcp,npm,@cocaxcode/api-testing-mcp,official-ts,^1.27.0,error-as-result,direct,1.30.1,cmd,depsdev,0.11.12
io.github.cocaxcode/database-mcp,npm,@cocaxcode/database-mcp,official-ts,^1.27.0,error-as-result,direct,1.30.1,cmd,depsdev,0.1.14
io.github.cocaxcode/devflow-mcp,npm,@cocaxcode/devflow-mcp,official-ts,^1.27.0,error-as-result,direct,1.30.1,cmd,depsdev,0.1.8
io.github.codeFi/mcp-nano-banana,npm,mcp-nano-banana,official-ts,^1.0.0,error-as-result,direct,1.30.1,cmd,depsdev,1.2.2
io.github.codelipenghui/mcp-mat,npm,mcp-mat,official-ts,^1.0.0,error-as-result,direct,1.30.1,cmd,depsdev,0.1.0
io.github.coder-ka/procm-mcp,npm,procm-mcp,official-ts,^1.12.3,error-as-result,direct,1.30.1,cmd,depsdev,0.0.43
io.github.codespar/mcp-bcra,npm,@codespar/mcp-bcra,official-ts,^1.0.0,error-as-result,direct,1.30.1,cmd,depsdev,0.2.2
io.github.codespar/mcp-brasil-api,npm,@codespar/mcp-brasil-api,official-ts,^1.0.0,error-as-result,direct,1.30.1,cmd,depsdev,0.2.2
io.github.codespar/mcp-khipu,npm,@codespar/mcp-khipu,official-ts,^1.0.0,error-as-result,direct,1.30.1,cmd,depsdev,0.2.0-alpha.3
io.github.codyz123/schelling-protocol,npm,@schelling/mcp-server,official-ts,^1.12.0,error-as-result,direct,1.30.1,cmd,depsdev,3.0.1
io.github.cogswellspacely8-star/simengine,pypi,simengine-mcp,none-handrolled,,error-as-result,,,cmd,depsdev-no-sdk,3.0.1
io.github.colapsis/transfa,npm,transfa-mcp,official-ts,^1.0.0,error-as-result,direct,1.30.1,cmd,depsdev,1.0.1
io.github.collapseindex/ci1t-mcp,npm,@collapseindex/ci1t-mcp,official-ts,^1.12.1,error-as-result,direct,1.30.1,cmd,depsdev,1.7.1
io.github.colophon-group/jobseek,npm,@jseek/mcp-server,official-ts,^1.12.0,error-as-result,direct,1.30.1,cmd,depsdev,0.1.1
io.github.commet/argus-decision-mcp,npm,argus-decision-mcp,official-ts,^1.0.0,error-as-result,direct,1.30.1,cmd,depsdev,1.4.2
io.github.commiegod/commonersdao-mcp,npm,commonersdao-mcp,official-ts,^1.27.1,error-as-result,direct,1.30.1,cmd,depsdev,1.0.1
io.github.commit-check/commit-check-mcp,pypi,commit-check-mcp,official-py,"<2,>=1.27.0",error-as-result,direct,1.30.0,cmd,depsdev,0.1.9
io.github.commitshow/audit,npm,commitshow-mcp,official-ts,^1.0.0,error-as-result,direct,1.30.1,cmd,depsdev,0.1.2
io.github.companybetatel/mcp-server,npm,betatel-mcp-server,official-ts,^1.0.4,error-as-result,direct,1.30.1,cmd,depsdev,0.2.1
withheld-7db62a5b4f55,npm,withheld-7db62a5b4f55,official-ts,^1.17.5,fail,direct,1.30.1,cmd,depsdev,
io.github.composable-delivery/snowfakery-mcp,pypi,snowfakery-mcp,fastmcp-py,>=2.14.3,error-as-result,direct,4.0.9,cmd,depsdev,0.0.6
io.github.compute-finance/mcp,npm,@compute-finance/mcp,official-ts,^1.0.4,error-as-result,direct,1.30.1,cmd,depsdev,0.6.2
io.github.conaman/unreal-mcp-ue4,npm,unreal-mcp-ue4,official-ts,^1.12.1,error-as-result,direct,1.30.1,cmd,depsdev,2026.4.1-2
io.github.conorbronsdon/gws-mcp-server,npm,gws-mcp-server,official-ts,^1.12.0,error-as-result,direct,1.30.1,cmd,depsdev,0.2.0
withheld-9f4c3a1260f1,npm,withheld-9f4c3a1260f1,official-ts,^1.12.1,error-as-result,direct,1.30.1,cmd,depsdev,
io.github.contextium-io/mcp-server,npm,@contextium/mcp-server,official-ts,^1.0.0,error-as-result,direct,1.30.1,cmd,depsdev,1.10.5
io.github.continuewith-ai/continuewith,npm,@continuewith/mcp,official-ts,^1.25.1,error-as-result,direct,1.30.1,cmd,depsdev,0.1.4
io.github.coo-quack/calc-mcp,npm,@coo-quack/calc-mcp,official-ts,^1.26.0,error-as-result,direct,1.30.1,cmd,depsdev,2.0.2
io.github.copus-io/copus,npm,copus-mcp-server,official-ts,^1.0.0,error-as-result,direct,1.30.1,cmd,depsdev,1.0.1
io.github.corbat-tech/coding-standards,npm,@corbat-tech/coding-standards-mcp,official-ts,^1.0.0,error-as-result,direct,1.30.1,cmd,depsdev,1.0.3
io.github.costkits/costkits-mcp,npm,@costkits/costkits-mcp,official-ts,^1.12.0,error-as-result,direct,1.30.1,cmd,depsdev,1.0.7
io.github.couchbase/mcp-server-couchbase,pypi,couchbase-mcp-server,fastmcp-py,"<4.0.0,>=3.2.0",error-as-result,direct,3.4.7,cmd,depsdev,1.0.0
io.github.counterpoint-studio/audio-file-mcp-app,npm,@counterpoint-studio/audio-file-mcp-app,official-ts,^1.29.0,error-as-result,direct,1.30.1,cmd,depsdev,1.1.0
io.github.courtio/courtapi-mcp,npm,@courtio/courtapi-mcp,official-ts,^1.12.0,error-as-result,direct,1.30.1,cmd,depsdev,0.1.0
io.github.coyaSONG/youtube-research,npm,@coyasong/youtube-mcp-server,official-ts,^1.29.0,error-as-result,direct,1.30.1,cmd,depsdev,1.2.0
io.github.crawde/chartforge,npm,chartforge-mcp,official-ts,^1.12.1,error-as-result,direct,1.30.1,cmd,depsdev,0.1.1
io.github.crony-io/2d-assets-mcp,npm,2d-assets-mcp,official-ts,^1.29.0,error-as-result,direct,1.30.1,cmd,depsdev,0.1.4
io.github.crunchtools/cloudflare,pypi,mcp-cloudflare-crunchtools,fastmcp-py,>=2.0,error-as-result,direct,4.0.9,cmd,depsdev,0.1.1
io.github.crunchtools/feed-reader,pypi,mcp-feed-reader-crunchtools,fastmcp-py,>=2.0,error-as-result,direct,4.0.9,cmd,depsdev,0.1.2
io.github.crunchtools/gemini,pypi,mcp-gemini-crunchtools,fastmcp-py,>=2.0,error-as-result,direct,4.0.9,cmd,depsdev,0.3.0
io.github.crunchtools/gitlab,pypi,mcp-gitlab-crunchtools,fastmcp-py,>=2.0,error-as-result,direct,4.0.9,cmd,depsdev,0.4.1
io.github.crunchtools/google-search-console,pypi,mcp-google-search-console-crunchtools,fastmcp-py,>=2.0,error-as-result,direct,4.0.9,cmd,depsdev,0.1.0
io.github.crunchtools/mediawiki,pypi,mcp-mediawiki-crunchtools,fastmcp-py,>=2.0,error-as-result,direct,4.0.9,cmd,depsdev,0.1.2
io.github.crunchtools/podman,pypi,mcp-podman-crunchtools,fastmcp-py,>=2.0,error-as-result,direct,4.0.9,cmd,depsdev,0.1.1
io.github.crunchtools/request-tracker,pypi,mcp-request-tracker-crunchtools,fastmcp-py,>=2.0,error-as-result,direct,4.0.9,cmd,depsdev,0.1.1
io.github.crunchtools/slack,pypi,mcp-slack-crunchtools,fastmcp-py,>=2.0,error-as-result,direct,4.0.9,cmd,depsdev,0.1.2
io.github.crunchtools/trentina,pypi,mcp-trentina-crunchtools,fastmcp-py,>=2.0,error-as-result,direct,4.0.9,cmd,depsdev,0.5.0
io.github.crunchtools/wordpress,pypi,mcp-wordpress-crunchtools,fastmcp-py,>=2.0,error-as-result,direct,4.0.9,cmd,depsdev,0.4.1
io.github.crunchtools/workboard,pypi,mcp-workboard-crunchtools,fastmcp-py,>=2.0,error-as-result,direct,4.0.9,cmd,depsdev,0.6.1
io.github.cryptoeights/hyre-mcp,npm,hyre-mcp,official-ts,^1.29.0,error-as-result,direct,1.30.1,cmd,depsdev,2.1.0
io.github.csacanam/comprabtc,npm,comprabtc-mcp,official-ts,^1.12.0,error-as-result,direct,1.30.1,cmd,depsdev,0.1.0
io.github.csacanam/hashproof,npm,hashproof-mcp,official-ts,^1.12.0,error-as-result,direct,1.30.1,cmd,depsdev,0.1.2
io.github.csacanam/lotero,npm,lotero-mcp,official-ts,^1.12.0,error-as-result,direct,1.30.1,cmd,depsdev,0.1.0
io.github.csacanam/voulti,npm,voulti-mcp,official-ts,^1.12.0,error-as-result,direct,1.30.1,cmd,depsdev,0.1.0
io.github.cturkieh/france-data-mcp,npm,france-data-mcp,none-handrolled,,pass,,,cmd,depsdev-no-sdk,0.26.3
withheld-d918fcfa7610,pypi,withheld-d918fcfa7610,official-py,>=1.0.0,fail,direct,2.2.0,cmd,depsdev,
withheld-f4fb16530e23,pypi,withheld-f4fb16530e23,official-py,>=1.0.0,fail,direct,2.2.0,cmd,depsdev,
io.github.curlymolelabs/supericons,npm,supericons-mcp,official-ts,^1.12.0,error-as-result,direct,1.30.1,cmd,depsdev,0.4.1
io.github.cxk280/locksmith,npm,locksmith-mcp,official-ts,^1.12.0,error-as-result,direct,1.30.1,cmd,depsdev,0.1.1
io.github.cyanheads/anime-mcp-server,npm,@cyanheads/anime-mcp-server,official-ts,^1.29.0,error-as-result,indirect,1.30.1,cmd,depsdev,0.1.3
io.github.cyanheads/arxiv-mcp-server,npm,@cyanheads/arxiv-mcp-server,official-ts,^1.29.0,error-as-result,indirect,1.30.1,cmd,depsdev,1.2.15
io.github.cyanheads/astronomy-mcp-server,npm,@cyanheads/astronomy-mcp-server,official-ts,^1.29.0,error-as-result,indirect,1.30.1,cmd,depsdev,0.1.3
io.github.cyanheads/attack-surface-mcp-server,npm,@cyanheads/attack-surface-mcp-server,official-ts,^1.29.0,error-as-result,indirect,1.30.1,cmd,depsdev,0.1.1
io.github.cyanheads/aviation-weather-mcp-server,npm,@cyanheads/aviation-weather-mcp-server,official-ts,^1.29.0,error-as-result,indirect,1.30.1,cmd,depsdev,0.1.8
io.github.cyanheads/biorxiv-mcp-server,npm,@cyanheads/biorxiv-mcp-server,official-ts,^1.29.0,error-as-result,indirect,1.30.1,cmd,depsdev,0.2.0
io.github.cyanheads/bluesky-mcp-server,npm,@cyanheads/bluesky-mcp-server,official-ts,^1.29.0,error-as-result,indirect,1.30.1,cmd,depsdev,0.1.5
io.github.cyanheads/calculator-mcp-server,npm,@cyanheads/calculator-mcp-server,official-ts,^1.29.0,error-as-result,indirect,1.30.1,cmd,depsdev,0.4.0
io.github.cyanheads/cdc-health-mcp-server,npm,@cyanheads/cdc-health-mcp-server,official-ts,^1.29.0,error-as-result,indirect,1.30.1,cmd,depsdev,0.8.0
io.github.cyanheads/census-mcp-server,npm,@cyanheads/census-mcp-server,official-ts,^1.29.0,error-as-result,indirect,1.30.1,cmd,depsdev,0.1.11
io.github.cyanheads/clinicaltrialsgov-mcp-server,npm,clinicaltrialsgov-mcp-server,official-ts,^1.29.0,error-as-result,indirect,1.30.1,cmd,depsdev,2.8.2
io.github.cyanheads/coingecko-mcp-server,npm,@cyanheads/coingecko-mcp-server,official-ts,^1.29.0,error-as-result,indirect,1.30.1,cmd,depsdev,0.1.1
io.github.cyanheads/congressgov-mcp-server,npm,@cyanheads/congressgov-mcp-server,official-ts,^1.29.0,error-as-result,indirect,1.30.1,cmd,depsdev,0.4.1
io.github.cyanheads/cpsc-recalls-mcp-server,npm,@cyanheads/cpsc-recalls-mcp-server,official-ts,^1.29.0,error-as-result,indirect,1.30.1,cmd,depsdev,0.1.4
io.github.cyanheads/crossref-mcp-server,npm,@cyanheads/crossref-mcp-server,official-ts,^1.29.0,error-as-result,indirect,1.30.1,cmd,depsdev,0.2.0
io.github.cyanheads/devops-status-mcp-server,npm,@cyanheads/devops-status-mcp-server,official-ts,^1.29.0,error-as-result,indirect,1.30.1,cmd,depsdev,0.5.4
io.github.cyanheads/docgen-mcp-server,npm,@cyanheads/docgen-mcp-server,official-ts,^1.29.0,error-as-result,indirect,1.30.1,cmd,depsdev,0.2.1
io.github.cyanheads/earthquake-mcp-server,npm,@cyanheads/earthquake-mcp-server,official-ts,^1.29.0,error-as-result,indirect,1.30.1,cmd,depsdev,0.1.16
io.github.cyanheads/ensembl-mcp-server,npm,@cyanheads/ensembl-mcp-server,official-ts,^1.29.0,error-as-result,indirect,1.30.1,cmd,depsdev,0.4.2
io.github.cyanheads/epa-mcp-server,npm,@cyanheads/epa-mcp-server,official-ts,^1.29.0,error-as-result,indirect,1.30.1,cmd,depsdev,0.3.0
io.github.cyanheads/eur-lex-mcp-server,npm,@cyanheads/eur-lex-mcp-server,official-ts,^1.29.0,error-as-result,indirect,1.30.1,cmd,depsdev,0.9.8
io.github.cyanheads/eurostat-mcp-server,npm,@cyanheads/eurostat-mcp-server,official-ts,^1.29.0,error-as-result,indirect,1.30.1,cmd,depsdev,0.1.15
io.github.cyanheads/evals-mcp-server,npm,@cyanheads/evals-mcp-server,official-ts,^1.29.0,error-as-result,indirect,1.30.1,cmd,depsdev,0.1.2
io.github.cyanheads/faa-aircraft-registry-mcp-server,npm,@cyanheads/faa-aircraft-registry-mcp-server,official-ts,^1.29.0,error-as-result,indirect,1.30.1,cmd,depsdev,0.1.7
io.github.cyanheads/fcc-broadband-mcp-server,npm,@cyanheads/fcc-broadband-mcp-server,official-ts,^1.29.0,error-as-result,indirect,1.30.1,cmd,depsdev,0.1.12
io.github.cyanheads/federal-regulations-mcp-server,npm,@cyanheads/federal-regulations-mcp-server,official-ts,^1.29.0,error-as-result,indirect,1.30.1,cmd,depsdev,0.1.2
io.github.cyanheads/gbif-biodiversity-mcp-server,npm,@cyanheads/gbif-biodiversity-mcp-server,official-ts,^1.29.0,error-as-result,indirect,1.30.1,cmd,depsdev,0.5.2
io.github.cyanheads/gdelt-mcp-server,npm,@cyanheads/gdelt-mcp-server,official-ts,^1.29.0,error-as-result,indirect,1.30.1,cmd,depsdev,0.2.5
io.github.cyanheads/git-mcp-server,npm,@cyanheads/git-mcp-server,none-handrolled,,error-as-result,,,cmd,dev-only-sdk:official-ts,2.15.1
io.github.cyanheads/gutenberg-mcp-server,npm,@cyanheads/gutenberg-mcp-server,official-ts,^1.29.0,error-as-result,indirect,1.30.1,cmd,depsdev,0.1.6
io.github.cyanheads/hn-mcp-server,npm,@cyanheads/hn-mcp-server,official-ts,^1.29.0,error-as-result,indirect,1.30.1,cmd,depsdev,0.5.11
io.github.cyanheads/internet-archive-mcp-server,npm,@cyanheads/internet-archive-mcp-server,official-ts,^1.29.0,error-as-result,indirect,1.30.1,cmd,depsdev,0.1.3
io.github.cyanheads/libofcongress-mcp-server,npm,@cyanheads/libofcongress-mcp-server,official-ts,^1.29.0,error-as-result,indirect,1.30.1,cmd,depsdev,0.2.16
io.github.cyanheads/macos-mcp-server,npm,@cyanheads/macos-mcp-server,official-ts,^1.29.0,error-as-result,indirect,1.30.1,cmd,depsdev,0.1.4
io.github.cyanheads/mcp-ts-template,npm,mcp-ts-template,official-ts,^1.27.1,error-as-result,direct,1.30.1,cmd,depsdev,3.0.9
io.github.cyanheads/medical-codes-mcp-server,npm,@cyanheads/medical-codes-mcp-server,official-ts,^1.29.0,error-as-result,indirect,1.30.1,cmd,depsdev,0.2.3
io.github.cyanheads/met-museum-mcp-server,npm,@cyanheads/met-museum-mcp-server,official-ts,^1.29.0,error-as-result,indirect,1.30.1,cmd,depsdev,0.2.5
io.github.cyanheads/musicbrainz-mcp-server,npm,@cyanheads/musicbrainz-mcp-server,official-ts,^1.29.0,error-as-result,indirect,1.30.1,cmd,depsdev,0.1.5
io.github.cyanheads/nhtsa-vehicle-safety-mcp-server,npm,@cyanheads/nhtsa-vehicle-safety-mcp-server,official-ts,^1.29.0,error-as-result,indirect,1.30.1,cmd,depsdev,0.8.4
io.github.cyanheads/nist-nvd-mcp-server,npm,@cyanheads/nist-nvd-mcp-server,official-ts,^1.29.0,error-as-result,indirect,1.30.1,cmd,depsdev,0.1.14
io.github.cyanheads/noaa-marine-mcp-server,npm,@cyanheads/noaa-marine-mcp-server,official-ts,^1.29.0,error-as-result,indirect,1.30.1,cmd,depsdev,0.3.0
io.github.cyanheads/noaa-spaceweather-mcp-server,npm,@cyanheads/noaa-spaceweather-mcp-server,official-ts,^1.29.0,error-as-result,indirect,1.30.1,cmd,depsdev,0.1.11
io.github.cyanheads/nonprofit-explorer-mcp-server,npm,@cyanheads/nonprofit-explorer-mcp-server,official-ts,^1.29.0,error-as-result,indirect,1.30.1,cmd,depsdev,0.1.4
io.github.cyanheads/npi-providers-mcp-server,npm,@cyanheads/npi-providers-mcp-server,official-ts,^1.29.0,error-as-result,indirect,1.30.1,cmd,depsdev,0.1.7
io.github.cyanheads/ntfy-mcp-server,npm,ntfy-mcp-server,official-ts,^1.29.0,error-as-result,indirect,1.30.1,cmd,depsdev,2.1.1
io.github.cyanheads/nws-weather-mcp-server,npm,@cyanheads/nws-weather-mcp-server,official-ts,^1.29.0,error-as-result,indirect,1.30.1,cmd,depsdev,0.7.2
io.github.cyanheads/onebusaway-mcp-server,npm,@cyanheads/onebusaway-mcp-server,official-ts,^1.29.0,error-as-result,indirect,1.30.1,cmd,depsdev,0.1.13
io.github.cyanheads/openalex-mcp-server,npm,@cyanheads/openalex-mcp-server,official-ts,^1.29.0,error-as-result,indirect,1.30.1,cmd,depsdev,0.7.4
io.github.cyanheads/openfec-mcp-server,npm,@cyanheads/openfec-mcp-server,official-ts,^1.29.0,error-as-result,indirect,1.30.1,cmd,depsdev,0.4.13
io.github.cyanheads/openfoodfacts-mcp-server,npm,@cyanheads/openfoodfacts-mcp-server,official-ts,^1.29.0,error-as-result,indirect,1.30.1,cmd,depsdev,0.1.8
io.github.cyanheads/openlibrary-mcp-server,npm,@cyanheads/openlibrary-mcp-server,official-ts,^1.29.0,error-as-result,indirect,1.30.1,cmd,depsdev,0.1.18
io.github.cyanheads/openstreetmap-mcp-server,npm,@cyanheads/openstreetmap-mcp-server,official-ts,^1.29.0,error-as-result,indirect,1.30.1,cmd,depsdev,0.2.13
io.github.cyanheads/orcid-mcp-server,npm,@cyanheads/orcid-mcp-server,official-ts,^1.29.0,error-as-result,indirect,1.30.1,cmd,depsdev,0.2.11
io.github.cyanheads/osv-advisory-mcp-server,npm,@cyanheads/osv-advisory-mcp-server,official-ts,^1.29.0,error-as-result,indirect,1.30.1,cmd,depsdev,0.1.12
io.github.cyanheads/ourairports-mcp-server,npm,@cyanheads/ourairports-mcp-server,official-ts,^1.29.0,error-as-result,indirect,1.30.1,cmd,depsdev,0.2.1
io.github.cyanheads/pentest-mcp-server,npm,@cyanheads/pentest-mcp-server,official-ts,^1.29.0,error-as-result,indirect,1.30.1,cmd,depsdev,0.1.6
io.github.cyanheads/pixoo-mcp-server,npm,@cyanheads/pixoo-mcp-server,official-ts,^1.29.0,error-as-result,indirect,1.30.1,cmd,depsdev,1.0.0
io.github.cyanheads/pokeapi-mcp-server,npm,@cyanheads/pokeapi-mcp-server,official-ts,^1.29.0,error-as-result,indirect,1.30.1,cmd,depsdev,0.1.7
io.github.cyanheads/pubchem-mcp-server,npm,@cyanheads/pubchem-mcp-server,official-ts,^1.29.0,error-as-result,indirect,1.30.1,cmd,depsdev,0.4.1
io.github.cyanheads/pubmed-mcp-server,npm,@cyanheads/pubmed-mcp-server,official-ts,^1.29.0,error-as-result,indirect,1.30.1,cmd,depsdev,2.9.8
io.github.cyanheads/reference-data-mcp-server,npm,@cyanheads/reference-data-mcp-server,official-ts,^1.29.0,error-as-result,indirect,1.30.1,cmd,depsdev,0.1.14
io.github.cyanheads/ris-austria-mcp-server,npm,@cyanheads/ris-austria-mcp-server,official-ts,^1.29.0,error-as-result,indirect,1.30.1,cmd,depsdev,0.2.0
io.github.cyanheads/sanctions-screening-mcp-server,npm,@cyanheads/sanctions-screening-mcp-server,official-ts,^1.29.0,error-as-result,indirect,1.30.1,cmd,depsdev,0.1.7
io.github.cyanheads/shift-mcp-server,npm,@cyanheads/shift-mcp-server,official-ts,^1.27.1,error-as-result,indirect,1.30.1,cmd,depsdev,0.1.5
io.github.cyanheads/sports-mcp-server,npm,@cyanheads/sports-mcp-server,official-ts,^1.29.0,error-as-result,indirect,1.30.1,cmd,depsdev,0.1.3
io.github.cyanheads/stackexchange-mcp-server,npm,@cyanheads/stackexchange-mcp-server,official-ts,^1.29.0,error-as-result,indirect,1.30.1,cmd,depsdev,0.1.9
withheld-d85238b979ac,npm,withheld-d85238b979ac,none-handrolled,,pass,,,cmd,dev-only-sdk:official-ts,
io.github.cyanheads/toolkit-mcp-server,npm,@cyanheads/toolkit-mcp-server,official-ts,^1.29.0,error-as-result,indirect,1.30.1,cmd,depsdev,2.0.1
io.github.cyanheads/un-comtrade-mcp-server,npm,@cyanheads/un-comtrade-mcp-server,official-ts,^1.29.0,error-as-result,indirect,1.30.1,cmd,depsdev,0.1.5
io.github.cyanheads/uniprot-mcp-server,npm,@cyanheads/uniprot-mcp-server,official-ts,^1.29.0,error-as-result,indirect,1.30.1,cmd,depsdev,0.2.1
io.github.cyanheads/usaspending-mcp-server,npm,@cyanheads/usaspending-mcp-server,official-ts,^1.29.0,error-as-result,indirect,1.30.1,cmd,depsdev,0.3.0
io.github.cyanheads/who-gho-mcp-server,npm,@cyanheads/who-gho-mcp-server,official-ts,^1.29.0,error-as-result,indirect,1.30.1,cmd,depsdev,0.1.14
io.github.cyanheads/whois-mcp-server,npm,@cyanheads/whois-mcp-server,official-ts,^1.29.0,error-as-result,indirect,1.30.1,cmd,depsdev,0.1.3
io.github.cyanheads/wikidata-mcp-server,npm,@cyanheads/wikidata-mcp-server,official-ts,^1.29.0,error-as-result,indirect,1.30.1,cmd,depsdev,0.1.17
io.github.cyanheads/wikipedia-mcp-server,npm,@cyanheads/wikipedia-mcp-server,official-ts,^1.29.0,error-as-result,indirect,1.30.1,cmd,depsdev,0.1.13
io.github.cyanheads/workflows-mcp-server,npm,@cyanheads/workflows-mcp-server,official-ts,^1.29.0,error-as-result,indirect,1.30.1,cmd,depsdev,0.2.0
io.github.cyanheads/worldbank-mcp-server,npm,@cyanheads/worldbank-mcp-server,official-ts,^1.29.0,error-as-result,indirect,1.30.1,cmd,depsdev,0.1.14
io.github.cybeleri/database-admin,npm,database-admin-mcp,official-ts,^1.0.0,error-as-result,direct,1.30.1,cmd,depsdev,1.0.1
io.github.cybeleri/finance,npm,finance-mcp-server,official-ts,^1.0.0,error-as-result,direct,1.30.1,cmd,depsdev,1.0.1
io.github.cybort360/cairn-mcp,pypi,cairn-mcp,official-py,>=1.0.0,error-as-result,direct,2.2.0,cmd,depsdev,0.1.2
io.github.dKosarevsky/albu-mcp,pypi,albumentationsx-mcp,official-py,"<2,>=1.24.0",error-as-result,direct,1.30.0,cmd,depsdev,1.19.0
io.github.daanielcruz/gsearch,npm,@daanielcruz/gsearch-mcp,none-handrolled,,pass,,,cmd,depsdev-no-sdk,1.1.0
io.github.dabito/hledit-mcp,npm,hledit-mcp,official-ts,^1.29.0,error-as-result,direct,1.30.1,cmd,depsdev,0.1.4
io.github.dachhack/stathead-mcp,npm,stathead-mcp,none-handrolled,,error-as-result,,,cmd,depsdev-no-sdk,1.0.33
io.github.daedalus/mcp-cryptography,pypi,mcp-cryptography,fastmcp-py,,error-as-result,direct,4.0.9,cmd,depsdev,0.1.1
io.github.daedalus/mcp-ecdsa,pypi,mcp-ecdsa,official-py,>=1.1.0,error-as-result,direct,2.2.0,cmd,depsdev,0.1.1
io.github.daedalus/mcp-epochs,pypi,mcp-epochs,official-py,>=1.0.0,error-as-result,direct,2.2.0,cmd,depsdev,0.1.0
io.github.daedalus/mcp-exa,pypi,mcp-exa,fastmcp-py,,error-as-result,direct,4.0.9,cmd,depsdev,0.1.1
io.github.daedalus/mcp-external-memory,pypi,mcp-external-memory,official-py,>=1.4.0,error-as-result,direct,2.2.0,cmd,depsdev,0.1.2
io.github.daedalus/mcp-hashlib,pypi,mcp-hashlib,fastmcp-py,>=2.0,error-as-result,direct,4.0.9,cmd,depsdev,0.1.2
io.github.daedalus/mcp-kicad,pypi,mcp-kicad,fastmcp-py,>=2.0,error-as-result,direct,4.0.9,cmd,depsdev,0.1.1
withheld-5c65b1720e0c,pypi,withheld-5c65b1720e0c,fastmcp-py,,error-as-result,direct,4.0.9,cmd,depsdev,
io.github.daedalus/mcp-manimgl,pypi,mcp-manimgl,fastmcp-py,>=3.3,error-as-result,direct,4.0.9,cmd,depsdev,0.1.2
io.github.daedalus/mcp-mdns,pypi,mcp-mdns,official-py,>=1.1.0,error-as-result,direct,2.2.0,cmd,depsdev,0.1.2
io.github.daedalus/mcp-number-theory,pypi,mcp-number-theory,fastmcp-py,,error-as-result,direct,4.0.9,cmd,depsdev,0.1.0
io.github.daedalus/mcp-numpy,pypi,mcp-numpy,fastmcp-py,,error-as-result,direct,4.0.9,cmd,depsdev,0.1.0
io.github.daedalus/mcp-oeis,pypi,mcp-oeis,fastmcp-py,,error-as-result,direct,4.0.9,cmd,depsdev,0.1.0
io.github.daedalus/mcp-parigp,pypi,mcp-parigp,fastmcp-py,>=2.0.0,error-as-result,direct,4.0.9,cmd,depsdev,0.1.0
io.github.daedalus/mcp-pwntools,pypi,mcp-pwntools,fastmcp-py,,error-as-result,direct,4.0.9,cmd,depsdev,0.1.0
io.github.daedalus/mcp-pyright,pypi,mcp-pyright,fastmcp-py,,error-as-result,direct,4.0.9,cmd,depsdev,0.1.0
io.github.daedalus/mcp-python-bitcoinlib,pypi,mcp-python-bitcoinlib,fastmcp-py,,error-as-result,direct,4.0.9,cmd,depsdev,0.1.0
io.github.daedalus/mcp-redis-server,pypi,mcp-redis-server,fastmcp-py,,error-as-result,direct,4.0.9,cmd,depsdev,0.1.0
withheld-f06b28d2ccc5,pypi,withheld-f06b28d2ccc5,official-py,>=1.0.0,fail,direct,2.2.0,cmd,depsdev,
io.github.daedalus/mcp-rpn,pypi,mcp-rpn,fastmcp-py,>=2.0.0,error-as-result,direct,4.0.9,cmd,depsdev,0.1.1
io.github.daedalus/mcp-rs232,pypi,mcp-rs232,fastmcp-py,,error-as-result,direct,4.0.9,cmd,depsdev,0.1.0
io.github.daedalus/mcp-shodan,pypi,mcp-shodan,fastmcp-py,,error-as-result,direct,4.0.9,cmd,depsdev,0.1.0
io.github.daedalus/mcp-sparql,pypi,mcp-sparql,fastmcp-py,,error-as-result,direct,4.0.9,cmd,depsdev,0.1.0
io.github.daedalus/mcp-sympy,pypi,mcp-sympy,fastmcp-py,>=2.0,error-as-result,direct,4.0.9,cmd,depsdev,0.1.0
io.github.daedalus/mcp-telegram-bot,pypi,mcp-telegram-bot,fastmcp-py,,error-as-result,direct,4.0.9,cmd,depsdev,0.1.0
io.github.daedalus/mcp-z3-prover,pypi,mcp-z3-prover,fastmcp-py,>=2.0.0,error-as-result,direct,4.0.9,cmd,depsdev,0.1.0
io.github.daedalus/mcp-zabbix,pypi,mcp-zabbix,fastmcp-py,,error-as-result,direct,4.0.9,cmd,depsdev,0.1.0
io.github.daedalus/mcp-zmq,pypi,mcp-zmq,fastmcp-py,,error-as-result,direct,4.0.9,cmd,depsdev,0.1.0
io.github.daedalusdevelopmentgroup/ddg-agent-services-mcp,pypi,ddg-agent-services-mcp,official-py,>=1.23.0,error-as-result,direct,2.2.0,cmd,depsdev,0.5.0
io.github.daleweaver1981/cockpit-mcp,npm,cockpit-mcp,official-ts,^1.29.0,pass,direct,1.30.1,cmd,depsdev,0.3.0
io.github.daleweaver1981/dealflow-mcp,npm,dealflow-mcp,official-ts,^1.29.0,pass,direct,1.30.1,cmd,depsdev,0.3.0
io.github.daleweaver1981/listingflow-mcp,npm,listingflow-mcp,official-ts,^1.29.0,pass,direct,1.30.1,cmd,depsdev,0.3.0
withheld-57ad3fa32886,npm,withheld-57ad3fa32886,official-ts,^1.29.0,fail,direct,1.30.1,cmd,depsdev,
io.github.damiancolo/banco-de-ideas-mcp,npm,banco-de-ideas-mcp,official-ts,^1.0.0,error-as-result,direct,1.30.1,cmd,depsdev,1.0.2
io.github.dan24ou-cpu/agent-signal,npm,agent-signal,official-ts,^1.12.1,error-as-result,direct,1.30.1,cmd,depsdev,0.2.1
io.github.dan94k/brazilian-dev-mcp,npm,brazilian-dev-mcp,official-ts,^1.29.0,error-as-result,direct,1.30.1,cmd,depsdev,1.1.0
io.github.danboabes/mcpdomain,npm,mcpdomain,none-handrolled,,pass,,,cmd,depsdev-no-sdk,1.0.7
io.github.danbones33/clawcast,npm,mcp-server-clawcast,official-ts,^1.0.0,error-as-result,direct,1.30.1,cmd,depsdev,1.0.1
io.github.dancumberland/kit-mcp,npm,@dancumberland/kit-mcp,official-ts,^1.25.0,error-as-result,direct,1.30.1,cmd,depsdev,1.0.1
io.github.dangamsoft/cafe-mcp,npm,@dangamsoft/cafe-mcp,official-ts,^1.29.0,error-as-result,direct,1.30.1,cmd,depsdev,0.6.4
io.github.danielecr/realssh-mcp,npm,@danielecr/realssh-mcp,official-ts,^1.29.0,error-as-result,direct,1.30.1,cmd,depsdev,1.0.6
io.github.danioni/servicialo,npm,@servicialo/mcp-server,official-ts,^1.12.1,error-as-result,direct,1.30.1,cmd,depsdev,0.5.2
withheld-9b1a503a8ebe,npm,withheld-9b1a503a8ebe,official-ts,^1.26.0,error-as-result,direct,1.30.1,cmd,depsdev,
io.github.dannykeane/figmanage,npm,figmanage,official-ts,^1.27.0,error-as-result,direct,1.30.1,cmd,depsdev,1.4.2
io.github.dappros/ethora-mcp-cli,npm,@ethora/mcp-server,official-ts,^1.16.0,error-as-result,direct,1.30.1,cmd,depsdev,26.5.2
io.github.dappros/ethora-mcp-server,npm,@ethora/mcp-server,official-ts,^1.16.0,error-as-result,direct,1.30.1,cmd,depsdev,26.5.3
io.github.darrenjrobinson/entra-news,npm,entra-news-mcp,official-ts,^1.10.1,error-as-result,direct,1.30.1,cmd,depsdev,0.1.4
io.github.darrenjrobinson/entra-news-podcast,npm,entra-news-podcast-mcp,official-ts,^1.10.1,error-as-result,direct,1.30.1,cmd,depsdev,0.1.2
io.github.darrenjrobinson/microsoft-ai-roundup,npm,microsoft-ai-roundup-mcp,official-ts,^1.10.1,error-as-result,direct,1.30.1,cmd,depsdev,0.1.1
io.github.darshjoshi/pitwall,pypi,f1pitwall,official-py,>=1.0.0,error-as-result,direct,2.2.0,cmd,depsdev,1.1.0
io.github.darwinphi/ph-schools,npm,@darwinphi/ph-schools-mcp-server,official-ts,^1.29.0,error-as-result,direct,1.30.1,cmd,depsdev,1.0.3
io.github.dashi96/chromium-bridge,npm,chromium-bridge,official-ts,^1.29.0,error-as-result,direct,1.30.1,cmd,depsdev,0.5.2
io.github.datahogo/datahogo,npm,@datahogo/mcp,official-ts,^1.29.0,error-as-result,direct,1.30.1,cmd,depsdev,0.1.3
io.github.datalattice/mcp-chainladder,pypi,mcp-chainladder,official-py,>=1.0.0,error-as-result,direct,2.2.0,cmd,depsdev,1.2.2
io.github.david-steel/otp-mcp-server,npm,@orgtp/mcp-server,official-ts,^1.0.4,error-as-result,direct,1.30.1,cmd,depsdev,0.1.1
io.github.davidandradebar/ghl-master,npm,ghl-master,official-ts,^1.12.1,error-as-result,direct,1.30.1,cmd,depsdev,1.0.4
io.github.davidmosiah/apple-health-mcp,npm,apple-health-mcp-unofficial,official-ts,^1.21.0,error-as-result,direct,1.30.1,cmd,depsdev,0.5.0
io.github.davidmosiah/astral-mcp,npm,astral-mcp,official-ts,^1.29.0,error-as-result,direct,1.30.1,cmd,depsdev,0.2.0
io.github.davidmosiah/delx-living-body,npm,delx-living-body,official-ts,^1.21.0,error-as-result,direct,1.30.1,cmd,depsdev,0.3.0
io.github.davidmosiah/delx-mcp-server,npm,delx-mcp-server,none-handrolled,,error-as-result,,,cmd,depsdev-no-sdk,0.2.8
io.github.davidmosiah/delx-memory,npm,delx-memory,official-ts,^1.21.0,error-as-result,direct,1.30.1,cmd,depsdev,0.2.3
io.github.davidmosiah/eight-sleep-mcp,npm,eight-sleep-mcp-unofficial,official-ts,^1.29.0,error-as-result,direct,1.30.1,cmd,depsdev,0.2.5
io.github.davidmosiah/fitbitmcp,npm,fitbit-mcp-unofficial,official-ts,^1.29.0,error-as-result,direct,1.30.1,cmd,depsdev,0.4.5
io.github.davidmosiah/garminmcp,npm,garmin-mcp-unofficial,official-ts,^1.29.0,error-as-result,direct,1.30.1,cmd,depsdev,0.5.3
io.github.davidmosiah/google-ads-mcp,npm,google-ads-mcp-unofficial,official-ts,^1.21.0,error-as-result,direct,1.30.1,cmd,depsdev,0.1.3
io.github.davidmosiah/google-health-mcp,npm,google-health-mcp-unofficial,official-ts,^1.29.0,error-as-result,direct,1.30.1,cmd,depsdev,0.5.2
io.github.davidmosiah/ouramcp,npm,oura-mcp-unofficial,official-ts,^1.29.0,error-as-result,direct,1.30.1,cmd,depsdev,0.4.6
io.github.davidmosiah/polarmcp,npm,polar-mcp-unofficial,official-ts,^1.21.0,error-as-result,direct,1.30.1,cmd,depsdev,0.3.6
io.github.davidmosiah/samsung-health-mcp,npm,samsung-health-mcp-unofficial,official-ts,^1.21.0,error-as-result,direct,1.30.1,cmd,depsdev,0.5.0
io.github.davidmosiah/strava-mcp,npm,strava-mcp-unofficial,official-ts,^1.29.0,error-as-result,direct,1.30.1,cmd,depsdev,0.4.6
io.github.davidmosiah/timeline-pulse,npm,timeline-pulse,official-ts,^1.12.0,error-as-result,direct,1.30.1,cmd,depsdev,0.1.1
io.github.davidmosiah/wellness-air,npm,wellness-air,official-ts,^1.29.0,error-as-result,direct,1.30.1,cmd,depsdev,0.5.6
io.github.davidmosiah/wellness-cgm-mcp,npm,wellness-cgm-mcp,official-ts,^1.29.0,error-as-result,direct,1.30.1,cmd,depsdev,0.4.0
io.github.davidmosiah/wellness-cycle-coach,npm,wellness-cycle-coach,official-ts,^1.29.0,error-as-result,direct,1.30.1,cmd,depsdev,0.3.5
io.github.davidmosiah/wellness-nourish,npm,wellness-nourish,official-ts,^1.29.0,error-as-result,direct,1.30.1,cmd,depsdev,0.7.0
io.github.davidmosiah/whoop-mcp,npm,whoop-mcp-unofficial,official-ts,^1.29.0,error-as-result,direct,1.30.1,cmd,depsdev,0.5.3
io.github.davidmosiah/withingsmcp,npm,withings-mcp-unofficial,official-ts,^1.29.0,error-as-result,direct,1.30.1,cmd,depsdev,0.4.7
io.github.davidscoreal/univercity-mcp,pypi,univercity-mcp,official-py,>=1.0.0,error-as-result,direct,2.2.0,cmd,depsdev,0.2.1
io.github.davidweb3-ctrl/mcp-git-enhanced,npm,@davidweb3-ctrl/mcp-git-enhanced,official-ts,^1.29.0,error-as-result,direct,1.30.1,cmd,depsdev,1.0.0
io.github.dearlordylord/voila-mcp,npm,@firfi/voila-mcp,official-ts,^1.29.0,error-as-result,direct,1.30.1,cmd,depsdev,0.1.7
io.github.debridge-finance/debridge-mcp,npm,@debridge-finance/debridge-mcp,official-ts,^1.26.0,error-as-result,direct,1.30.1,cmd,depsdev,0.1.5
io.github.debu-sinha/excalidraw,npm,excalidraw-mcp-server,official-ts,^1.26.0,error-as-result,direct,1.30.1,cmd,depsdev,1.0.2
io.github.decantr-ai/mcp-server,npm,@decantr/mcp-server,official-ts,^1.29.0,error-as-result,direct,1.30.1,cmd,depsdev,3.8.3
io.github.deckbase/deckbase-mcp-server,npm,deckbase-mcp-server,none-handrolled,,error-as-result,,,cmd,depsdev-no-sdk,1.0.0
io.github.deficlow/hyperstore-mcp,pypi,hyperstore-mcp,official-py,>=1.2.0,error-as-result,direct,2.2.0,cmd,depsdev,0.1.1
io.github.degenlegion-com/waxseal,npm,@waxseal/mcp,official-ts,^1.12.0,error-as-result,direct,1.30.1,cmd,depsdev,1.0.2
io.github.den-indance/google-trends-mcp,npm,@den.dance/google-trends-mcp,official-ts,^1.0.0,error-as-result,direct,1.30.1,cmd,depsdev,1.0.0
io.github.den-indance/network-diagram-mcp,npm,@den.dance/network-diagram-mcp,official-ts,^1.0.0,error-as-result,direct,1.30.1,cmd,depsdev,1.0.7
io.github.derNif/payanagent,npm,@payanagent/mcp,official-ts,^1.0.0,error-as-result,direct,1.30.1,cmd,depsdev,0.3.1
io.github.desper/quick-html-share-mcp,npm,quick-html-share-mcp,official-ts,^1.0.4,error-as-result,direct,1.30.1,cmd,depsdev,0.2.3
io.github.devag7/linkedin-mcp,npm,linkedin-mcp-tools,official-ts,^1.12.1,error-as-result,direct,1.30.1,cmd,depsdev,2.0.3
io.github.devlint/gitwand,npm,@gitwand/mcp,official-ts,^1.12.1,error-as-result,direct,1.30.1,cmd,depsdev,3.5.0
io.github.devp1/personalinsights-feed,npm,personalinsights-feed-mcp,official-ts,^1.0.0,error-as-result,direct,1.30.1,cmd,depsdev,1.0.1
io.github.devzspy/discourse-mcp-extended,npm,@devzspy/discourse-mcp-extended,official-ts,^1.0.0,error-as-result,direct,1.30.1,cmd,depsdev,0.1.0
io.github.dgahagan/weather-mcp,npm,@dangahagan/weather-mcp,official-ts,^1.21.1,error-as-result,direct,1.30.1,cmd,depsdev,1.13.0
io.github.dhanushs1912-svg/agent-receipts-mcp,npm,agent-receipts-mcp,official-ts,^1.12.0,error-as-result,direct,1.30.1,cmd,depsdev,0.1.2
io.github.dhardestylewis/homecastr,npm,homecastr-mcp-server,official-ts,^1.12.0,error-as-result,direct,1.30.1,cmd,depsdev,1.0.0
io.github.diagrammo/dgmo-mcp,npm,@diagrammo/dgmo-mcp,official-ts,^1.29.0,error-as-result,direct,1.30.1,cmd,depsdev,0.12.0
io.github.digitamaz/clarvia,npm,clarvia-mcp-server,official-ts,^1.12.1,error-as-result,direct,1.30.1,cmd,depsdev,1.1.2
withheld-6b3b9626bff1,npm,withheld-6b3b9626bff1,official-ts,^1.29.0,error-as-result,direct,1.30.1,cmd,depsdev,
io.github.dilshaus/stitch-wand,npm,@stitchwand/mcp-server,official-ts,^1.12.1,error-as-result,direct,1.30.1,cmd,depsdev,0.1.1
io.github.dingdawg/agent-wallet,npm,dingdawg-agent-wallet,official-ts,^1.0.0,error-as-result,direct,1.30.1,cmd,depsdev,1.0.6
io.github.dingdawg/dingdawg-code-review,npm,dingdawg-code-review,official-ts,^1.0.0,error-as-result,direct,1.30.1,cmd,depsdev,2.0.6
io.github.dingdawg/dingdawg-compliance,npm,dingdawg-compliance,official-ts,^1.0.0,error-as-result,direct,1.30.1,cmd,depsdev,2.0.11
io.github.dingdawg/dingdawg-data-agent,npm,dingdawg-data-agent,official-ts,^1.0.0,error-as-result,direct,1.30.1,cmd,depsdev,2.0.7
io.github.dingdawg/dingdawg-devops-agent,npm,dingdawg-devops-agent,official-ts,^1.0.0,error-as-result,direct,1.30.1,cmd,depsdev,2.0.7
io.github.dingdawg/dingdawg-finance-agent,npm,dingdawg-finance-agent,official-ts,^1.0.0,error-as-result,direct,1.30.1,cmd,depsdev,2.0.7
io.github.dingdawg/dingdawg-governance,npm,dingdawg-governance,official-ts,^1.0.0,error-as-result,direct,1.30.1,cmd,depsdev,2.1.6
io.github.dingdawg/dingdawg-healthcare-agent,npm,dingdawg-healthcare-agent,official-ts,^1.0.0,error-as-result,direct,1.30.1,cmd,depsdev,2.0.7
io.github.dingdawg/dingdawg-legal-agent,npm,dingdawg-legal-agent,official-ts,^1.0.0,error-as-result,direct,1.30.1,cmd,depsdev,2.0.7
io.github.dingdawg/dingdawg-loop,npm,dingdawg-loop,official-ts,^1.0.0,error-as-result,direct,1.30.1,cmd,depsdev,2.0.8
io.github.dingdawg/dingdawg-marketing-agent,npm,dingdawg-marketing-agent,official-ts,^1.0.0,error-as-result,direct,1.30.1,cmd,depsdev,2.0.6
io.github.dingdawg/dingdawg-planning-agent,npm,dingdawg-planning-agent,official-ts,^1.0.0,error-as-result,direct,1.30.1,cmd,depsdev,2.0.6
io.github.dingdawg/dingdawg-sales-agent,npm,dingdawg-sales-agent,official-ts,^1.0.0,error-as-result,direct,1.30.1,cmd,depsdev,2.0.6
io.github.dingdawg/dingdawg-shield,npm,dingdawg-shield,official-ts,^1.0.0,error-as-result,direct,1.30.1,cmd,depsdev,1.0.4
io.github.dingdawg/dingdawg-support-agent,npm,dingdawg-support-agent,official-ts,^1.0.0,error-as-result,direct,1.30.1,cmd,depsdev,2.0.6
io.github.dinosaur24/mockhero,npm,@mockherodev/mcp-server,official-ts,^1.12.1,error-as-result,direct,1.30.1,cmd,depsdev,0.2.0
io.github.discourse/mcp,npm,@discourse/mcp,official-ts,^1.0.0,error-as-result,direct,1.30.1,cmd,depsdev,0.2.9
io.github.dizzydes/0pi,npm,@0pi/mcp-server,official-ts,^0.5.0,error-as-result,direct,0.5.0,cmd,depsdev,1.0.3
io.github.djanacek/coverageshield,npm,coverageshield-mcp,official-ts,^1.12.1,error-as-result,direct,1.30.1,cmd,depsdev,1.0.1
io.github.dma9527/irs-taxpayer,npm,irs-taxpayer-mcp,official-ts,^1.12.1,error-as-result,direct,1.30.1,cmd,depsdev,0.5.3
io.github.dmsnavin/grandline-mcp,pypi,grandline-mcp,unknown,,error-as-result,,,cmd,no-graph,0.2.1
io.github.dmytrome/groundhog-mcp,pypi,groundhog-mcp,official-py,"<2,>=1.28",error-as-result,direct,1.30.0,cmd,depsdev,0.7.0
io.github.doazvjettu/leakguard-mcp,pypi,leakguard-mcp,fastmcp-py,>=2.0,error-as-result,direct,4.0.9,cmd,depsdev,0.1.1
io.github.docfork/docfork,npm,docfork,official-ts,1.25.2,error-as-result,direct,1.25.2,cmd,depsdev,1.3.2
io.github.domdomegg/barcode-scanner-mcp,npm,barcode-scanner-mcp,official-ts,~1.24.0,error-as-result,direct,1.24.3,cmd,depsdev,1.2.0
io.github.domdomegg/downdetector-mcp,npm,downdetector-mcp,official-ts,^1.17.1,error-as-result,direct,1.30.1,cmd,depsdev,1.0.1
io.github.domdomegg/filesystem-mcp,npm,filesystem-mcp,official-ts,^1.24.0,error-as-result,direct,1.30.1,cmd,depsdev,1.3.0
io.github.domdomegg/shell-exec-mcp,npm,shell-exec-mcp,official-ts,^1.24.0,error-as-result,direct,1.30.1,cmd,depsdev,1.2.0
io.github.domdomegg/time-mcp-pypi,pypi,time-mcp-pypi,official-py,==1.13.1,error-as-result,direct,1.13.1,cmd,depsdev,1.1.1
io.github.dominic-righthere/envibe,npm,envibe-mcp,official-ts,^1.0.0,error-as-result,direct,1.30.1,cmd,depsdev,0.2.7
io.github.dongdongbh/mindwtr,npm,mindwtr-mcp,none-handrolled,,error-as-result,,,cmd,dev-only-sdk:official-ts,1.1.1
io.github.donggyun112/keymem,npm,keymem,official-ts,^1.0.0,error-as-result,direct,1.30.1,cmd,depsdev,0.16.1
io.github.donjguido/ai-dictionary-mcp,pypi,ai-dictionary-mcp,official-py,>=1.0.0,error-as-result,direct,2.2.0,cmd,depsdev,0.13.0
io.github.donovan-jasper/sl-mcp,npm,sl-mcp,official-ts,^1.27.1,error-as-result,direct,1.30.1,cmd,depsdev,0.1.2
io.github.donovanh/mcp-server,npm,@lightning-tools/mcp-server,official-ts,^1.0.0,error-as-result,direct,1.30.1,cmd,depsdev,0.3.3
io.github.dorukardahan/domain-search-mcp,npm,domain-search-mcp,official-ts,^1.0.0,error-as-result,direct,1.30.1,cmd,depsdev,1.12.2
io.github.dorukardahan/twitterapi-docs-mcp,npm,twitterapi-docs-mcp,official-ts,^1.0.0,error-as-result,direct,1.30.1,cmd,depsdev,1.0.3
io.github.dorukardahan/twitterapi-io-mcp,npm,twitterapi-io-mcp,official-ts,^1.0.0,error-as-result,direct,1.30.1,cmd,depsdev,1.5.10
io.github.dpozimski/faktuj-mcp,npm,faktuj-mcp,official-ts,^1.26.0,error-as-result,direct,1.30.1,cmd,depsdev,1.2.0
io.github.dpozimski/linkmeta-mcp,npm,linkmeta-mcp,official-ts,^1.26.0,error-as-result,direct,1.30.1,cmd,depsdev,1.2.0
io.github.dpozimski/linkshrink-mcp,npm,linkshrink-mcp,official-ts,^1.26.0,error-as-result,direct,1.30.1,cmd,depsdev,1.2.0
io.github.dpozimski/ogforge-mcp,npm,ogforge-mcp,official-ts,^1.26.0,error-as-result,direct,1.30.1,cmd,depsdev,1.2.0
io.github.dpozimski/pagedrop-mcp,npm,pagedrop-mcp,official-ts,^1.26.0,error-as-result,direct,1.30.1,cmd,depsdev,1.2.0
io.github.dpozimski/pageshot-mcp,npm,pageshot-mcp,official-ts,^1.26.0,error-as-result,direct,1.30.1,cmd,depsdev,1.2.0
io.github.dpozimski/pdfspark-mcp,npm,pdfspark-mcp,official-ts,^1.26.0,error-as-result,direct,1.30.1,cmd,depsdev,1.2.0
io.github.dpozimski/qrmint-mcp,npm,qrmint-mcp,official-ts,^1.26.0,error-as-result,direct,1.30.1,cmd,depsdev,1.2.0
io.github.drQedwards/pmll-memory-mcp,npm,pmll-memory-mcp,official-ts,^1.27.1,error-as-result,direct,1.30.1,cmd,depsdev,0.1.1
io.github.dragnoir/shopify-theme-inspector,npm,shopify-theme-inspector-mcp,official-ts,^1.0.0,error-as-result,direct,1.30.1,cmd,depsdev,0.5.1
io.github.dreliq9/fcp-mcp,pypi,fcp-mcp,official-py,>=1.0.0,error-as-result,direct,2.2.0,cmd,depsdev,0.2.0
withheld-bdf7da973b6d,pypi,withheld-bdf7da973b6d,official-py,>=1.9.0,fail,direct,2.2.0,cmd,depsdev,
io.github.drivenrajat/f1,pypi,f1-mcp,fastmcp-py,>=0.1.0,error-as-result,direct,4.0.9,cmd,depsdev,0.1.0
io.github.drjerryrelth/ghl-command,npm,@elitedcs/ghl-mcp,official-ts,^1.12.1,error-as-result,direct,1.30.1,cmd,depsdev,3.52.1
withheld-1b3f2cc6dbed,npm,withheld-1b3f2cc6dbed,official-ts,latest,fail,direct,1.30.1,cmd,depsdev,
io.github.dsbissett/excel-webview2-mcp,npm,@dsbissett/excel-webview2-mcp,none-handrolled,,error-as-result,,,cmd,dev-only-sdk:official-ts,0.0.13
io.github.dumbspacecookie/stickies,npm,stickies-mcp,official-ts,^1.12.0,error-as-result,direct,1.30.1,cmd,depsdev,0.12.0
io.github.dushyant30suthar/endiagram-mcp,npm,@endiagram/mcp,official-ts,^1.12.1,error-as-result,direct,1.30.1,cmd,depsdev,0.3.16
io.github.dweekly/quicken-mac-mcp,npm,quicken-mac-mcp,official-ts,^1.27.1,error-as-result,direct,1.30.1,cmd,depsdev,1.0.3
io.github.eaisdevelopment/cc-bridge-mcp-server,npm,@essentialai/cc-bridge-mcp-server,official-ts,^1.6.1,error-as-result,direct,1.30.1,cmd,depsdev,0.3.0
io.github.eaisdevelopment/mcp-multi-edit,npm,@essentialai/mcp-multi-edit,official-ts,^1.0.0,error-as-result,direct,1.30.1,cmd,depsdev,0.2.7
io.github.ebadros/sidearm,npm,@sidearmdrm/mcp,official-ts,^1.11.2,error-as-result,direct,1.30.1,cmd,depsdev,0.9.2
io.github.echojobsio/jdl-mcp-server,npm,@jobdatalake/mcp-server,official-ts,^1.12.1,error-as-result,direct,1.30.1,cmd,depsdev,1.0.14
io.github.edgarfloresguerra2011-a11y/marketnow,npm,marketnow-mcp,official-ts,^0.5.0,error-as-result,direct,0.5.0,cmd,depsdev,1.4.1
io.github.edgeedgehq/coverageunlocked,npm,coverageunlocked-mcp,official-ts,^1.12.0,error-as-result,direct,1.30.1,cmd,depsdev,1.0.4
io.github.edgeedgehq/denialbot,npm,@coverage-unlocked/denialbot-mcp,official-ts,^1.0.0,error-as-result,direct,1.30.1,cmd,depsdev,1.0.1
withheld-2284553bad65,pypi,withheld-2284553bad65,official-py,>=1.26.0,fail,direct,2.2.0,cmd,depsdev,
io.github.educlopez/sparkbites,npm,sparkbites-mcp,official-ts,^1.29.0,error-as-result,direct,1.30.1,cmd,depsdev,0.1.1
io.github.efranceschetti/festo-codesys-mcp,npm,festo-codesys-mcp,official-ts,^1.29.0,error-as-result,direct,1.30.1,cmd,depsdev,1.0.1
withheld-f30b2c13dbb4,pypi,withheld-f30b2c13dbb4,official-py,>=1.0.0,fail,direct,2.2.0,cmd,depsdev,
io.github.egorthinks/perception,pypi,perception-mcp,official-py,>=1.0,error-as-result,direct,2.2.0,cmd,depsdev,0.1.7
io.github.egoughnour/code-firewall-mcp,pypi,code-firewall-mcp,fastmcp-py,>=2.0.0,error-as-result,direct,4.0.9,cmd,depsdev,0.7.0
io.github.egoughnour/cowork-history,pypi,cowork-history,fastmcp-py,>=2.0.0,error-as-result,direct,4.0.9,cmd,depsdev,4.0.3
io.github.egoughnour/curate-ipsum,pypi,curate-ipsum,official-py,>=1.0.0,error-as-result,direct,2.2.0,cmd,depsdev,2.5.1
io.github.egoughnour/massive-context-mcp,pypi,massive-context-mcp,fastmcp-py,>=2.0.0,error-as-result,direct,4.0.9,cmd,depsdev,3.0.1
io.github.eidetic-works/nucleus,pypi,nucleus-mcp,fastmcp-py,,error-as-result,direct,4.0.9,cmd,depsdev,1.15.0
io.github.einiba/canyougrab,pypi,mcp-server-canyougrab,official-py,>=1.1.3,error-as-result,direct,2.2.0,cmd,depsdev,1.1.1
withheld-05f3eb4ee660,npm,withheld-05f3eb4ee660,official-ts,^1.29.0,error-as-result,direct,1.30.1,cmd,depsdev,
io.github.ejentum/self-inspect-mcp,npm,self-inspect-mcp,official-ts,^1.10.0,error-as-result,direct,1.30.1,cmd,depsdev,0.1.1
io.github.ejfkdev/zread-mcp,npm,zread-mcp,official-ts,^1.12.0,error-as-result,direct,1.30.1,cmd,depsdev,1.0.1
io.github.ejwhite7/brandkit-mcp,npm,brandkit-mcp,official-ts,^1.0.0,error-as-result,direct,1.30.1,cmd,depsdev,2.1.0
io.github.electron-stagewright/core,npm,@electron-stagewright/core,official-ts,^1.29.0,error-as-result,direct,1.30.1,cmd,depsdev,0.4.1
io.github.elis132/everything-mcp,pypi,everything-mcp,official-py,>=1.0.0,error-as-result,direct,2.2.0,cmd,depsdev,1.0.6
io.github.elisymlabs/elisym,npm,@elisym/mcp,official-ts,~1.28.0,error-as-result,direct,1.28.0,cmd,depsdev,0.16.1
io.github.elnicaise/validatefin,npm,@validatefin/mcp,official-ts,^1,error-as-result,direct,1.30.1,cmd,depsdev,1.2.1
io.github.elsahafy/ux-mcp-server,npm,@elsahafy/ux-mcp-server,official-ts,^1.0.4,error-as-result,direct,1.30.1,cmd,depsdev,4.1.1
io.github.elyngved/failmodes,npm,failmodes-mcp,official-ts,^1.4.0,error-as-result,direct,1.30.1,cmd,depsdev,0.1.0
io.github.emailens/mcp,npm,@emailens/mcp,official-ts,^1.12.0,error-as-result,direct,1.30.1,cmd,depsdev,0.4.1
withheld-4e0d561ac290,npm,withheld-4e0d561ac290,official-ts,^1.29.0,fail,direct,1.30.1,cmd,depsdev,
io.github.emircbngl/blender-optics-simulator,pypi,blender-optics-mcp,official-py,>=1.2,error-as-result,direct,2.2.0,cmd,depsdev,0.24.4
io.github.emretheus/claude-remind-mcp,npm,claude-remind-mcp,official-ts,^1.29.0,error-as-result,direct,1.30.1,cmd,depsdev,0.1.1
io.github.engrmaziz/git-archaeologist,npm,git-archaeologist-mcp,official-ts,^1.0.0,error-as-result,direct,1.30.1,cmd,depsdev,0.1.1
io.github.enrichgateagent-png/beacon-mcp,npm,beacon-mcp,official-ts,^1.29.0,error-as-result,direct,1.30.1,cmd,depsdev,0.1.1
io.github.eralpozcan/vision-squeezer,npm,vision-squeezer,none-handrolled,,pass,,,cmd,depsdev-no-sdk,0.6.0
io.github.ericm1018/skillfm-byok-vault-api-key-provider-usage,npm,@skillfm/byok-vault-mcp,none-handrolled,,error-as-result,,,cmd,depsdev-no-sdk,0.1.0
io.github.ericm1018/skillfm-claude-code-token-usage-cost,npm,@skillfm/claude-code-token-usage-mcp,none-handrolled,,error-as-result,,,cmd,depsdev-no-sdk,0.1.0
io.github.ericm1018/skillfm-llm-cost-optimizer-openai-anthropic-usage,npm,@skillfm/llm-cost-optimizer-mcp,none-handrolled,,error-as-result,,,cmd,depsdev-no-sdk,0.1.0
withheld-a1bda9ab776a,pypi,withheld-a1bda9ab776a,official-py,>=1.0,fail,indirect,2.2.0,cmd,depsdev,
io.github.estruyf/vscode-demo-time,npm,@demotime/mcp,official-ts,^1.11.5,error-as-result,direct,1.30.1,cmd,depsdev,0.0.55
io.github.etairl/parallel-browser-mcp,npm,parallel-browser-mcp,official-ts,^1.29.0,error-as-result,direct,1.30.1,cmd,depsdev,0.1.14
io.github.eterdis/strategy-skills,npm,@eterdis/strategy-skills-mcp,official-ts,^1.29.0,pass,direct,1.30.1,cmd,depsdev,1.0.1
io.github.ethan-hub26/embedcalc-mcp,npm,embedcalc-mcp,official-ts,^1.6.1,error-as-result,direct,1.30.1,cmd,depsdev,0.5.0
io.github.ethanjyx/openbrand,npm,openbrand-mcp,official-ts,^1.12.1,error-as-result,direct,1.30.1,cmd,depsdev,0.1.2
io.github.etymolt/mcp-server,npm,@etymolt/mcp-server,official-ts,^1.0.0,error-as-result,direct,1.30.1,cmd,depsdev,2.1.0
io.github.evefromwayback/govee-mcp,pypi,govee-mcp,official-py,>=1.2,error-as-result,direct,2.2.0,cmd,depsdev,0.2.0
io.github.evidai/agent-payment,npm,agent-payment-mcp,official-ts,^1.10.2,error-as-result,direct,1.30.1,cmd,depsdev,0.9.1
io.github.evidai/alpaca-guard,npm,alpaca-guard-mcp,official-ts,^1.10.2,error-as-result,direct,1.30.1,cmd,depsdev,0.1.1
io.github.evidai/polymarket-guard,npm,polymarket-guard-mcp,official-ts,^1.10.0,error-as-result,direct,1.30.1,cmd,depsdev,0.1.0
io.github.evidai/tokenized-stock,npm,tokenized-stock-mcp,official-ts,^1.10.2,error-as-result,direct,1.30.1,cmd,depsdev,0.1.4
io.github.evidai/xstocks,npm,xstocks-mcp,official-ts,^1.10.2,error-as-result,direct,1.30.1,cmd,depsdev,0.1.4
io.github.ex3lite/mcp-rzd-tickets,npm,mcp-rzd-tickets,official-ts,^1.29.0,error-as-result,direct,1.30.1,cmd,depsdev,0.1.2
io.github.extensiondev/mcp,npm,@extension.dev/mcp,official-ts,^1.12.1,error-as-result,direct,1.30.1,cmd,depsdev,4.4.0
io.github.ezrabrilliant/staruml-mcp,npm,staruml-mcp,official-ts,^1.0.0,error-as-result,direct,1.30.1,cmd,depsdev,0.2.0
io.github.f/prompts.chat-mcp,npm,@fkadev/prompts.chat-mcp,official-ts,^1.24.3,error-as-result,direct,1.30.1,cmd,depsdev,1.0.9
io.github.fabionfsc/nuzo-memory,npm,@nuzo/memory-mcp,official-ts,^1.29.0,error-as-result,direct,1.30.1,cmd,depsdev,1.1.0
io.github.failed33/paraview-mcp-server,pypi,paraview-mcp-server,fastmcp-py,"<4,>=3.0.0",error-as-result,direct,3.4.7,cmd,depsdev,0.2.0
io.github.farestrabs/agentnet,npm,mcp-novarail,none-handrolled,,pass,,,cmd,depsdev-no-sdk,1.0.1
io.github.farukkolip/tiktapdown-mcp,npm,tiktapdown-mcp,official-ts,^1.10.2,error-as-result,direct,1.30.1,cmd,depsdev,1.0.1
io.github.farukkolip/xtapdown-mcp,npm,xtapdown-mcp,official-ts,^1.10.2,error-as-result,direct,1.30.1,cmd,depsdev,1.2.1
io.github.fauguste/boondmanager-mcp-server,npm,boondmanager-mcp-server,official-ts,^1.29.0,error-as-result,direct,1.30.1,cmd,depsdev,2.8.1
io.github.fboldo/openscad-mcp-server,npm,openscad-mcp-server,official-ts,^1.26.0,error-as-result,direct,1.30.1,cmd,depsdev,1.0.5
io.github.fdcommercial/property-finance-mcp,npm,@fdcommercial/property-finance-mcp,official-ts,^1.0.4,error-as-result,direct,1.30.1,cmd,depsdev,0.1.1
io.github.feedthrough/feedthrough,npm,@feedthrough/mcp,official-ts,^1.29.0,error-as-result,direct,1.30.1,cmd,depsdev,0.3.2
io.github.fegalvezg/skaut-mcp,npm,skaut-mcp,official-ts,^1.27.1,error-as-result,direct,1.30.1,cmd,depsdev,1.0.2
io.github.ferm-ai/agentwork-mcp,pypi,agentwork-mcp,official-py,>=1.0.0,error-as-result,direct,2.2.0,cmd,depsdev,0.1.3
io.github.fernforge/alchemy,npm,@fernforge/alchemy-mcp,official-ts,^1.12.0,error-as-result,direct,1.30.1,cmd,depsdev,0.1.1
io.github.fetchsandbox/mcp,npm,fetchsandbox-mcp,official-ts,^1.0.0,error-as-result,direct,1.30.1,cmd,depsdev,0.3.2
withheld-a7a88a57d75d,npm,withheld-a7a88a57d75d,official-ts,^1.29.0,error-as-result,direct,1.30.1,cmd,depsdev,
io.github.file-kiwi/filekiwi-mcp-server,npm,@file-kiwi/filekiwi-mcp-server,official-ts,^1.0.0,error-as-result,direct,1.30.1,cmd,depsdev,1.0.10
io.github.filearchitect/blankfiles-mcp,npm,@filearchitect/blankfiles-mcp,official-ts,^1.26.0,error-as-result,direct,1.30.1,cmd,depsdev,1.0.1
io.github.finfin/mermaid-mcp-app,npm,mermaid-mcp-app,official-ts,^1.27.1,error-as-result,direct,1.30.1,cmd,depsdev,0.3.2
io.github.finstacklabs/finstack-mcp,pypi,finstack-mcp,official-py,>=1.0.0,error-as-result,direct,2.2.0,cmd,depsdev,0.3.2
withheld-d43d52c9cf8b,pypi,withheld-d43d52c9cf8b,official-py,">=1.6.0,<2.0.0",fail,direct,1.30.0,cmd,depsdev,
io.github.firecrawl/firecrawl-mcp-server,npm,firecrawl-mcp,fastmcp-ts,4.3.2,pass,direct,4.3.2,cmd,depsdev,3.22.3
io.github.fjnunezp75/gpu-bridge,npm,@gpu-bridge/mcp-server,official-ts,^1.27.0,error-as-result,direct,1.30.1,cmd,depsdev,2.4.3
io.github.flarelink-dev/mcp,npm,@flarelink/mcp,official-ts,^1.29.0,error-as-result,direct,1.30.1,cmd,depsdev,0.1.1
io.github.flinker-app/ifc-mcp,npm,ifc-mcp,official-ts,^1.29.0,error-as-result,direct,1.30.1,cmd,depsdev,0.1.16
io.github.flowiesner/fronius-mcp,pypi,fronius-mcp,official-py,>=1.0.0,error-as-result,direct,2.2.0,cmd,depsdev,0.1.2
io.github.flowzap-xyz/flowzap,npm,flowzap-mcp,official-ts,^1.0.0,warn,direct,1.30.1,cmd,depsdev,1.4.3
io.github.forcedreamai/mcp-server,npm,@forcedream/mcp-server,official-ts,^1.29.0,error-as-result,direct,1.30.1,cmd,depsdev,0.5.1
io.github.forever-healthy/evipedia-mcp,npm,evipedia-mcp,official-ts,^1.0.0,error-as-result,direct,1.30.1,cmd,depsdev,0.1.26
io.github.forgemeshlabs/disruption-intelligence-mcp,npm,@forgemeshlabs/disruption-intelligence-mcp,official-ts,^1.29.0,warn,direct,1.30.1,cmd,depsdev,0.1.4
io.github.forgemeshlabs/x402-ads-mcp,npm,@forgemeshlabs/x402-ads-mcp,official-ts,^1.10.1,error-as-result,direct,1.30.1,cmd,depsdev,0.1.4
io.github.forgemeshlabs/x402-notary-mcp,npm,@forgemeshlabs/x402-notary-mcp,official-ts,^1.10.1,error-as-result,direct,1.30.1,cmd,depsdev,0.1.2
withheld-bb44fbff02ed,npm,withheld-bb44fbff02ed,official-ts,^1.10.1,error-as-result,direct,1.30.1,cmd,depsdev,
io.github.formulahendry/mcp-server-mcp-registry,npm,mcp-server-mcp-registry,official-ts,^1.18.0,error-as-result,direct,1.30.1,cmd,depsdev,0.1.0
io.github.formulahendry/spec-driven-development,npm,mcp-server-spec-driven-development,official-ts,^1.17.0,pass,direct,1.30.1,cmd,depsdev,0.1.1
io.github.fouomene/mcp-server-geodata-placefinder,npm,mcp-server-geodata-placefinder,official-ts,^1.29.0,error-as-result,direct,1.30.1,cmd,depsdev,2.0.0
io.github.foxdavidson/property-mortgage-mcp,npm,@foxdavidson/property-mortgage-mcp,official-ts,^1.0.4,error-as-result,direct,1.30.1,cmd,depsdev,0.2.0
io.github.fr1sk/tmux-mcp,npm,@fr1sk/tmux-mcp,official-ts,^1.29.0,error-as-result,direct,1.30.1,cmd,depsdev,0.3.3
io.github.fr33dr4g0n/agentry-observability,npm,@agentrysh/mcp,none-handrolled,,pass,,,cmd,depsdev-no-sdk,0.1.0
io.github.frangelbarrera/osint-agent-skills,npm,@frangelbarrera/osint-agent-skills,none-handrolled,,error-as-result,,,cmd,depsdev-no-sdk,1.4.1
io.github.fredpsantos33/iteratools,npm,iteratools-mcp,official-ts,^1.27.1,error-as-result,direct,1.30.1,cmd,depsdev,1.0.5
io.github.friendlygeorge/coingecko-mcp-server,npm,@supernova123/coingecko-mcp-server,official-ts,^1.0.0,error-as-result,direct,1.30.1,cmd,depsdev,1.0.1
io.github.friendlygeorge/defillama-mcp-server,npm,defillama-mcp-server,official-ts,^1.0.0,error-as-result,direct,1.30.1,cmd,depsdev,1.0.0
io.github.friendlygeorge/etherscan-mcp-server,npm,etherscan-mcp-server,official-ts,^1.0.0,error-as-result,direct,1.30.1,cmd,depsdev,1.0.0
io.github.fstubner/npm-run-mcp-server,npm,npm-run-mcp-server,official-ts,^1.25.1,pass,direct,1.30.1,cmd,depsdev,0.2.12
io.github.fullread/deepadb,npm,deepadb,official-ts,^1.24.0,error-as-result,direct,1.30.1,cmd,depsdev,1.1.3
io.github.fullstackdegen/agent-audit,npm,@fullstackdegen/agent-audit,official-ts,1.29.0,pass,direct,1.29.0,cmd,depsdev,0.3.1
io.github.furkanisikay/ardupilot-mcp,pypi,ardupilot-mcp,official-py,>=1.27,error-as-result,direct,2.2.0,cmd,depsdev,0.1.2
io.github.fyllepo/qubic-mcp,npm,mcp-server-qubic,official-ts,^1.0.0,error-as-result,direct,1.30.1,cmd,depsdev,0.2.0
io.github.g-digital-by-Garrigues/ead-enterprise-suite,npm,@g-digital/mcp-ead-enterprise-suite,official-ts,^1.29.0,error-as-result,direct,1.30.1,cmd,depsdev,1.6.0
io.github.g-digital-by-Garrigues/gocertius,npm,@g-digital/mcp-gocertius,official-ts,^1.29.0,error-as-result,direct,1.30.1,cmd,depsdev,1.5.0
io.github.gabrielmahia/afya-mcp,pypi,afya-mcp,fastmcp-py,>=0.9,error-as-result,direct,4.0.9,cmd,depsdev,0.1.3
io.github.gabrielmahia/afya-ya-akili-mcp,pypi,afya-ya-akili-mcp,fastmcp-py,>=0.9,error-as-result,direct,4.0.9,cmd,depsdev,0.1.3
io.github.gabrielmahia/ardhi-mcp,pypi,ardhi-mcp,fastmcp-py,>=0.9,error-as-result,direct,4.0.9,cmd,depsdev,0.1.4
io.github.gabrielmahia/bima-mcp,pypi,bima-mcp,fastmcp-py,>=2.0.0,error-as-result,direct,4.0.9,cmd,depsdev,0.1.3
io.github.gabrielmahia/church-mcp,pypi,church-mcp,fastmcp-py,>=0.9,error-as-result,direct,4.0.9,cmd,depsdev,0.1.4
io.github.gabrielmahia/county-mcp,pypi,county-mcp,fastmcp-py,>=0.9,error-as-result,direct,4.0.9,cmd,depsdev,0.1.4
io.github.gabrielmahia/decision-intelligence-mcp,pypi,decision-intelligence-mcp,fastmcp-py,>=2.0.0,error-as-result,direct,4.0.9,cmd,depsdev,0.1.2
io.github.gabrielmahia/diaspora-mcp,pypi,diaspora-mcp,fastmcp-py,>=0.9,error-as-result,direct,4.0.9,cmd,depsdev,0.1.3
io.github.gabrielmahia/elimu-mcp,pypi,elimu-mcp,fastmcp-py,>=0.9,error-as-result,direct,4.0.9,cmd,depsdev,0.1.5
io.github.gabrielmahia/faida-mcp,pypi,faida-mcp,fastmcp-py,>=0.9,error-as-result,direct,4.0.9,cmd,depsdev,0.1.3
io.github.gabrielmahia/familia-mcp,pypi,familia-mcp,fastmcp-py,>=0.9,error-as-result,direct,4.0.9,cmd,depsdev,0.1.5
io.github.gabrielmahia/fomu-mcp,pypi,fomu-mcp,fastmcp-py,>=0.9,error-as-result,direct,4.0.9,cmd,depsdev,0.1.4
io.github.gabrielmahia/habari-mcp,pypi,habari-mcp,fastmcp-py,>=0.9,error-as-result,direct,4.0.9,cmd,depsdev,0.1.3
io.github.gabrielmahia/haki-ya-kazi-mcp,pypi,haki-ya-kazi-mcp,fastmcp-py,>=0.9,error-as-result,direct,4.0.9,cmd,depsdev,0.1.3
io.github.gabrielmahia/historia-mcp,pypi,historia-mcp,fastmcp-py,>=0.9,error-as-result,direct,4.0.9,cmd,depsdev,0.1.4
io.github.gabrielmahia/jumuia-mcp,pypi,jumuia-mcp,fastmcp-py,>=0.9,error-as-result,direct,4.0.9,cmd,depsdev,0.1.5
io.github.gabrielmahia/kazi-mcp,pypi,kazi-mcp,fastmcp-py,>=0.9,error-as-result,direct,4.0.9,cmd,depsdev,0.1.3
io.github.gabrielmahia/kenya-health-mcp,pypi,kenya-health-mcp,official-py,>=1.0.0,error-as-result,direct,2.2.0,cmd,depsdev,0.1.3
io.github.gabrielmahia/kilimo-mcp,pypi,kilimo-mcp,fastmcp-py,>=0.9,error-as-result,direct,4.0.9,cmd,depsdev,0.1.3
io.github.gabrielmahia/kra-mcp,pypi,kra-mcp,fastmcp-py,>=0.9,error-as-result,direct,4.0.9,cmd,depsdev,0.1.3
io.github.gabrielmahia/mazingira-mcp,pypi,mazingira-mcp,fastmcp-py,>=0.9,error-as-result,direct,4.0.9,cmd,depsdev,0.1.4
io.github.gabrielmahia/mkopo-mcp,pypi,mkopo-mcp,fastmcp-py,>=2.0.0,error-as-result,direct,4.0.9,cmd,depsdev,0.1.3
io.github.gabrielmahia/mpesa-mcp,pypi,mpesa-mcp,fastmcp-py,>=2.0.0,error-as-result,direct,4.0.9,cmd,depsdev,0.2.4
io.github.gabrielmahia/nishati-mcp,pypi,nishati-mcp,fastmcp-py,>=0.9,error-as-result,direct,4.0.9,cmd,depsdev,0.1.3
io.github.gabrielmahia/nyumba-mcp,pypi,nyumba-mcp,fastmcp-py,>=0.9,error-as-result,direct,4.0.9,cmd,depsdev,0.1.4
io.github.gabrielmahia/offline-mcp,pypi,offline-mcp,fastmcp-py,>=0.9,error-as-result,direct,4.0.9,cmd,depsdev,0.1.4
io.github.gabrielmahia/remit-mcp,pypi,remit-mcp,fastmcp-py,>=0.9,error-as-result,direct,4.0.9,cmd,depsdev,0.1.3
io.github.gabrielmahia/sifa-mcp,pypi,sifa-mcp,fastmcp-py,>=2.0.0,error-as-result,direct,4.0.9,cmd,depsdev,0.1.4
io.github.gabrielmahia/soko-mcp,pypi,soko-mcp,fastmcp-py,>=2.0.0,error-as-result,direct,4.0.9,cmd,depsdev,0.1.4
io.github.gabrielmahia/swahili-health-mcp,pypi,swahili-health-mcp,none-handrolled,,error-as-result,,,cmd,depsdev-no-sdk,0.1.2
io.github.gabrielmahia/tafsiri-mcp,pypi,tafsiri-mcp,fastmcp-py,>=0.9,error-as-result,direct,4.0.9,cmd,depsdev,0.1.4
io.github.gabrielmahia/usafiri-mcp,pypi,usafiri-mcp,fastmcp-py,>=0.9,error-as-result,direct,4.0.9,cmd,depsdev,0.1.6
io.github.gabrielmahia/wapimaji-mcp,pypi,wapimaji-mcp,official-py,>=1.0.0,error-as-result,direct,2.2.0,cmd,depsdev,0.1.6
io.github.gaforov/selenium-mcp,npm,@gaforov/selenium-mcp,official-ts,^1.29.0,error-as-result,direct,1.30.1,cmd,depsdev,0.2.1
io.github.galavoxx/phaedo-mcp,npm,phaedo-mcp,official-ts,^1.0.0,error-as-result,direct,1.30.1,cmd,depsdev,0.1.1
io.github.gamercc-apps/mockscreenshots-mcp,npm,@gamercc-apps/mockscreenshots-mcp,official-ts,^1.0.0,error-as-result,direct,1.30.1,cmd,depsdev,0.1.6
io.github.gander-tools/osm-tagging-schema-mcp,npm,@gander-tools/osm-tagging-schema-mcp,official-ts,~1.23.0,error-as-result,direct,1.23.1,cmd,depsdev,3.0.1
io.github.gaopengbin/cesium-mcp-dev,npm,cesium-mcp-dev,official-ts,^1.0.0,error-as-result,direct,1.30.1,cmd,depsdev,1.139.2
io.github.gaopengbin/cesium-mcp-runtime,npm,cesium-mcp-runtime,official-ts,^1.0.0,error-as-result,direct,1.30.1,cmd,depsdev,1.139.2
io.github.gapra/usevyre-context,npm,@usevyre/mcp-server,official-ts,^1.0.0,error-as-result,direct,1.30.1,cmd,depsdev,1.0.3
io.github.gatefareio/mcp-server,npm,@gatefare/mcp,official-ts,^1.12.0,error-as-result,direct,1.30.1,cmd,depsdev,1.1.0
io.github.gauravfs-14/lit-mcp,pypi,lit-mcp,official-py,>=1.14.1,error-as-result,direct,2.2.0,cmd,depsdev,1.0.0
io.github.gautamgb/mcp-server-mcpindex,npm,mcp-server-mcpindex,official-ts,^1.0.0,error-as-result,direct,1.30.1,cmd,depsdev,0.3.9
io.github.gavxm/ani-mcp,npm,ani-mcp,fastmcp-ts,^4.0.0,pass,direct,4.20.17,cmd,depsdev,0.15.7
io.github.geeks-accelerator/animalhouse,npm,mcp-animalhouse,official-ts,^1.12.1,error-as-result,direct,1.30.1,cmd,depsdev,1.0.0
io.github.geeks-accelerator/drifts,npm,mcp-drifts,official-ts,^1.12.1,error-as-result,direct,1.30.1,cmd,depsdev,1.0.2
io.github.geeks-accelerator/inbed,npm,mcp-inbed-dating,official-ts,^1.12.1,error-as-result,direct,1.30.1,cmd,depsdev,1.0.0
io.github.geeks-accelerator/live-music,npm,mcp-live-music,official-ts,^1.12.1,error-as-result,direct,1.30.1,cmd,depsdev,1.0.0
io.github.genecell/piaso-mcp,pypi,piaso-mcp,official-py,>=1.2.0,error-as-result,direct,2.2.0,cmd,depsdev,0.0.2
io.github.geniuskey/mcp-server-xlwings,pypi,mcp-server-xlwings,official-py,>=1.0.0,error-as-result,direct,2.2.0,cmd,depsdev,0.4.1
io.github.george-bobby/mcp-modal,pypi,mcp-modal,official-py,>=1.9.2,error-as-result,direct,2.2.0,cmd,depsdev,0.2.4
io.github.geowire/geowire,npm,@geowirehq/mcp,official-ts,^1.29.0,error-as-result,direct,1.30.1,cmd,depsdev,0.1.5
io.github.geraservicesuk/mcp-gera-clinic,npm,@gera-services/mcp-gera-clinic,official-ts,^1.12.0,error-as-result,direct,1.30.1,cmd,depsdev,0.1.0
io.github.geraservicesuk/mcp-gera-clone,npm,@gera-services/mcp-gera-clone,official-ts,^1.12.0,error-as-result,direct,1.30.1,cmd,depsdev,0.1.1
io.github.geraservicesuk/mcp-gera-nexus,npm,@gera-services/mcp-gera-nexus,official-ts,^1.12.0,error-as-result,direct,1.30.1,cmd,depsdev,0.1.0
io.github.geraservicesuk/mcp-gera-persona,npm,@gera-services/mcp-gera-persona,official-ts,^1.12.0,error-as-result,direct,1.30.1,cmd,depsdev,0.1.1
io.github.geraservicesuk/mcp-gera-skills,npm,@gera-services/mcp-gera-skills,official-ts,^1.12.0,error-as-result,direct,1.30.1,cmd,depsdev,0.1.0
io.github.getnable/finops-mcp,pypi,finops-mcp,official-py,>=1.28.1,error-as-result,direct,2.2.0,cmd,depsdev,0.8.181
withheld-d0e134539528,npm,withheld-d0e134539528,official-ts,^1.27.1,fail,direct,1.30.1,cmd,depsdev,
io.github.getrelove/solve,npm,@useagentstore/solve-mcp,official-ts,^1.0.0,warn,direct,1.30.1,cmd,depsdev,0.1.1
io.github.getvari/vari-mcp,npm,@getvari/mcp,official-ts,^1.0.4,pass,direct,1.30.1,cmd,depsdev,1.0.1
io.github.giancarloerra/socraticode,npm,socraticode,official-ts,^1.26.0,error-as-result,direct,1.30.1,cmd,depsdev,1.0.1
io.github.girik-chadha/interviewer-mcp,npm,interviewer-mcp,official-ts,^1.29.0,error-as-result,direct,1.30.1,cmd,depsdev,0.4.0
io.github.gitcookman/earth-2-elevation-mcp,npm,earth-2-elevation-mcp,none-handrolled,,warn,,,cmd,depsdev-no-sdk,0.1.1
io.github.gitmem-dev/gitmem,npm,gitmem-mcp,official-ts,^1.0.0,error-as-result,direct,1.30.1,cmd,depsdev,1.2.1
io.github.gitscrum-core/mcp-server,npm,@gitscrum-studio/mcp-server,official-ts,^1.0.0,error-as-result,direct,1.30.1,cmd,depsdev,1.0.1
io.github.gitwormq/datasieve,npm,datasieve-mcp,official-ts,1.29.0,error-as-result,direct,1.29.0,cmd,depsdev,0.4.1
io.github.gkcogz/1trippulse,npm,1trippulse-mcp-server,official-ts,^1.12.1,error-as-result,direct,1.30.1,cmd,depsdev,7.0.0
io.github.globallayer/mcp-server,npm,@merk.a2a/mcp-server,unknown,,error-as-result,,,cmd,no-graph,1.0.8
withheld-99f0562816ba,npm,withheld-99f0562816ba,official-ts,^1.0.4,warn,direct,1.30.1,cmd,depsdev,
io.github.goklab/guardvibe,npm,guardvibe,official-ts,^1.26.0,error-as-result,direct,1.30.1,cmd,depsdev,3.30.0
io.github.goldbergyoni/test-coverage-mcp,npm,test-coverage-mcp,official-ts,1.20.2,warn,direct,1.20.2,cmd,depsdev,1.1.0
withheld-549cf0fafd22,npm,withheld-549cf0fafd22,none-handrolled,,pass,,,cmd,depsdev-no-sdk,
io.github.goww7/acttrace,pypi,acttrace-mcp,official-py,>=1.2,error-as-result,direct,2.2.0,cmd,depsdev,0.1.0
io.github.gradion-ai/ipybox,pypi,ipybox,official-py,>=1.26.0,error-as-result,indirect,2.2.0,cmd,depsdev,0.9.2
io.github.grahammccain/chart-library,pypi,chartlibrary-mcp,official-py,>=1.0.0,error-as-result,direct,2.2.0,cmd,depsdev,6.1.0
io.github.gregario/astronomy-oracle,npm,astronomy-oracle,official-ts,^1.12,error-as-result,direct,1.30.1,cmd,depsdev,0.1.0
io.github.gregario/brewers-almanack,npm,brewers-almanack,official-ts,^1.12,error-as-result,direct,1.30.1,cmd,depsdev,0.1.0
io.github.gregario/godot-forge,npm,godot-forge,official-ts,^1.12.1,error-as-result,direct,1.30.1,cmd,depsdev,0.1.2
io.github.gregario/hearthstone-oracle,npm,hearthstone-oracle,official-ts,^1.12.1,error-as-result,direct,1.30.1,cmd,depsdev,0.1.0
io.github.gregario/lego-oracle,npm,lego-oracle,official-ts,^1.12,error-as-result,direct,1.30.1,cmd,depsdev,0.1.1
io.github.gregario/tft-oracle,npm,tft-oracle,official-ts,^1.12.1,error-as-result,direct,1.30.1,cmd,depsdev,0.1.0
io.github.gregario/warhammer-oracle,npm,warhammer-oracle,official-ts,^1.12,error-as-result,direct,1.30.1,cmd,depsdev,0.1.1
io.github.gswardman/giveready,npm,giveready-mcp,official-ts,^1.0.0,error-as-result,direct,1.30.1,cmd,depsdev,0.2.0
io.github.gtorreal/buda-mcp,npm,@guiie/buda-mcp,official-ts,^1.29.0,error-as-result,direct,1.30.1,cmd,depsdev,2.0.0
io.github.guanqun-yang/mcp-server-r-counter,pypi,mcp-server-r-counter,official-py,>=1.4.1,error-as-result,direct,2.2.0,cmd,depsdev,0.0.3
io.github.gudlab/gud-api-mcp,npm,@gudlab/gud-api-mcp,official-ts,^1.29.0,error-as-result,direct,1.30.1,cmd,depsdev,0.1.3
withheld-293b7e0dce47,pypi,withheld-293b7e0dce47,official-py,>=1.17.0,fail,direct,2.2.0,cmd,depsdev,
io.github.guzz-labs/epwforge-mcp,pypi,epwforge-mcp,official-py,>=1.2.0,error-as-result,direct,2.2.0,cmd,depsdev,0.3.1
io.github.gybob/aai-gateway,npm,aai-gateway,official-ts,^1.27.1,warn,direct,1.30.1,cmd,depsdev,1.1.10
io.github.gzucob/docauto-mcp,pypi,docauto-mcp,official-py,"<2,>=1.12",error-as-result,direct,1.30.0,cmd,depsdev,0.2.1
io.github.h2-papers/mcp-server,npm,@h2-papers/mcp-server,official-ts,^1.0.0,error-as-result,direct,1.30.1,cmd,depsdev,0.1.0
io.github.halfkey/obol,npm,obol-mcp,official-ts,^1.29.0,error-as-result,direct,1.30.1,cmd,depsdev,2.0.1
io.github.hampsterx/claude-mcp-bridge,npm,claude-mcp-bridge,official-ts,^1.12.1,error-as-result,direct,1.30.1,cmd,depsdev,0.6.1
io.github.hampsterx/codex-mcp-bridge,npm,codex-mcp-bridge,official-ts,^1.12.1,error-as-result,direct,1.30.1,cmd,depsdev,0.8.0
io.github.hampsterx/gemini-mcp-bridge,npm,gemini-mcp-bridge,unknown,,error-as-result,,,cmd,no-graph,0.6.0
io.github.hanicker/solematica-mcp,npm,@solematica/mcp-server,official-ts,^1.0.0,error-as-result,direct,1.30.1,cmd,depsdev,1.0.2
io.github.hans6883/cert-atlas,npm,cert-atlas-mcp,official-ts,^1.29.0,error-as-result,direct,1.30.1,cmd,depsdev,1.2.3
io.github.haomingkoo/japan-seasons,npm,japan-seasons-mcp,official-ts,^1.29.0,error-as-result,direct,1.30.1,cmd,depsdev,0.5.0
io.github.hardware-mcp/arduino-mcp-server,npm,arduino-mcp-server,official-ts,^1.17.4,error-as-result,direct,1.30.1,cmd,depsdev,0.2.8
io.github.harrybin/visuals-mcp,npm,@harrybin/visuals-mcp,official-ts,^1.29.0,warn,direct,1.30.1,cmd,depsdev,1.6.0
io.github.harshithsunku/mcp-gtags-server,pypi,mcp-gtags-server,official-py,>=1.14.0,error-as-result,direct,2.2.0,cmd,depsdev,1.4.2
io.github.hashchecked/crypto-derivatives-mcp,npm,crypto-derivatives-mcp,official-ts,^1.29.0,error-as-result,direct,1.30.1,cmd,depsdev,0.6.0
io.github.hawthornhollows/passage-protocol,npm,@cellar-door/mcp-server,official-ts,^1.26.0,error-as-result,direct,1.30.1,cmd,depsdev,0.1.7
io.github.heavyblotto/caelus-mcp,npm,caelus-mcp,official-ts,^1.26.0,error-as-result,direct,1.30.1,cmd,depsdev,0.23.0
io.github.hedging8563/tokenlab,npm,@tokenlabai/mcp-server,official-ts,^1.29.0,error-as-result,direct,1.30.1,cmd,depsdev,0.6.6
io.github.helderpgoncalves/apple-stocks-mcp,npm,apple-stocks-mcp,official-ts,^1.18.0,error-as-result,direct,1.30.1,cmd,depsdev,1.1.5
io.github.helloderekg/skim-mcp,pypi,skim-mcp,official-py,>=1.0,error-as-result,direct,2.2.0,cmd,depsdev,0.1.1
io.github.hellosverre/brreg,npm,brreg-mcp,official-ts,^1.29.0,error-as-result,direct,1.30.1,cmd,depsdev,0.1.1
io.github.hellovelop/limelink-mcp-server,npm,limelink-mcp-server,official-ts,^1.12.0,error-as-result,direct,1.30.1,cmd,depsdev,0.0.5
io.github.henilcalagiya/google-sheets-mcp,pypi,google-sheets-mcp,official-py,>=1.12.1,error-as-result,direct,2.2.0,cmd,depsdev,0.1.6
io.github.henilcalagiya/mcp-apple-notes,pypi,mcp-apple-notes,official-py,>=1.12.4,error-as-result,direct,2.2.0,cmd,depsdev,0.1.2
io.github.henryjrobinson/eve-mentor-mcp,npm,eve-mentor-mcp,official-ts,^1.29.0,error-as-result,direct,1.30.1,cmd,depsdev,0.1.2
io.github.henu-wang/tokrepo-mcp-server,npm,tokrepo-mcp-server,none-handrolled,,error-as-result,,,cmd,depsdev-no-sdk,2.16.1
io.github.hermitsh-ai/shrimp,npm,@hermitsh/shrimp-mcp,official-ts,^1.6.1,error-as-result,direct,1.30.1,cmd,depsdev,1.0.7
io.github.hernan-cc/csjn-mcp,pypi,csjn-mcp,official-py,>=1.0.0,error-as-result,direct,2.2.0,cmd,depsdev,0.3.0
io.github.hernan-cc/juba-mcp,pypi,juba-mcp,official-py,>=1.0.0,error-as-result,direct,2.2.0,cmd,depsdev,0.3.0
io.github.hernan-cc/juscaba-mcp,pypi,juscaba-mcp,official-py,>=1.0,error-as-result,direct,2.2.0,cmd,depsdev,0.3.1
io.github.hernan-cc/saij-mcp,pypi,saij-mcp,official-py,>=1.0.0,error-as-result,direct,2.2.0,cmd,depsdev,0.3.0
io.github.hernaninverso/costwright-mcp,npm,costwright-mcp,official-ts,^1.12.0,error-as-result,direct,1.30.1,cmd,depsdev,0.1.1
io.github.heungmangoo-art/saju,npm,saju-mcp-server,official-ts,^1.12.0,error-as-result,direct,1.30.1,cmd,depsdev,1.0.1
io.github.hezeclark/devkits,npm,devkits-mcp-server,official-ts,^1.0.0,error-as-result,direct,1.30.1,cmd,depsdev,1.0.0
io.github.hifriendbot/ailist-mcp,npm,ailist-mcp,official-ts,^1.11.4,error-as-result,direct,1.30.1,cmd,depsdev,1.0.3
io.github.higherbeing/gasfeepredictor-mcp,npm,gasfeepredictor-mcp,official-ts,^1.0.0,error-as-result,direct,1.30.1,cmd,depsdev,1.0.1
io.github.himanshusaleria/events-mcp,npm,events-mcp,official-ts,^1.12.1,error-as-result,direct,1.30.1,cmd,depsdev,0.1.1
io.github.hiroshic9-png/edition-api,npm,edition-mcp-server,official-ts,^1.12.1,error-as-result,direct,1.30.1,cmd,depsdev,0.1.3
io.github.hiroshic9-png/japan-business-operations,npm,edition-mcp-server,official-ts,^1.12.1,error-as-result,direct,1.30.1,cmd,depsdev,0.1.5
io.github.hj1003862396/draw-flow-mcp-server,npm,@io.github.hj1003862396/draw-flow-mcp-server,official-ts,^1.25.2,error-as-result,direct,1.30.1,cmd,depsdev,1.0.2
io.github.hoainho/podium-mcp,npm,podium-mcp,official-ts,^1.29.0,error-as-result,direct,1.30.1,cmd,depsdev,0.4.0
io.github.hoklims/stacksfinder,npm,@stacksfinder/mcp-server,official-ts,^1.25.1,error-as-result,direct,1.30.1,cmd,depsdev,1.3.7
io.github.holetron/hindsight-mempalace,npm,hindsight-mempalace-mcp,official-ts,^1.12.1,error-as-result,direct,1.30.1,cmd,depsdev,1.0.0
io.github.holmesclaw-hash/dead-drop-content,npm,dead-drop-mcp,official-ts,latest,error-as-result,direct,1.30.1,cmd,depsdev,0.1.1
io.github.hoodsy/solar-data-mcp,pypi,solar-data-mcp,official-py,"<2,>=1.26",error-as-result,direct,1.30.0,cmd,depsdev,0.1.1
io.github.hoon1983/seismic-mcp,pypi,seismic-mcp,fastmcp-py,>=3.0,error-as-result,direct,4.0.9,cmd,depsdev,0.1.0
io.github.hoon1983/spaceweather-mcp,pypi,spaceweather-mcp,fastmcp-py,>=3.0,error-as-result,direct,4.0.9,cmd,depsdev,0.1.0
io.github.hostinger/hostinger-api-mcp,npm,hostinger-api-mcp,official-ts,^1.10.0,warn,direct,1.30.1,cmd,depsdev,1.8.0
io.github.hostsmith/mcp-server,npm,@hostsmith/mcp-server,official-ts,^1.12.1,error-as-result,direct,1.30.1,cmd,depsdev,1.5.2
io.github.houtini-ai/fanout,npm,@houtini/fanout-mcp,official-ts,latest,warn,direct,1.30.1,cmd,depsdev,0.2.6
io.github.howardpen9/grok-mcp,npm,grok-cli-mcp,official-ts,^1.0.4,error-as-result,direct,1.30.1,cmd,depsdev,0.2.0
io.github.hrandhawa02/squad_up,pypi,squad-up-mcp,official-py,>=1.0.0,error-as-result,direct,2.2.0,cmd,depsdev,0.1.1
io.github.hrishikesh-thakre/ai-workbench-mcp,pypi,ai-workbench-mcp,official-py,"<2,>=1.25.0",error-as-result,direct,1.30.0,cmd,depsdev,0.6.0a0
io.github.hrvoje0099/git-leaderboard,npm,@gitleaderboard/mcp-server,official-ts,^1.12.1,error-as-result,direct,1.30.1,cmd,depsdev,0.1.4
io.github.huangdun/tempmd,npm,tempmd-mcp,official-ts,^1.29.0,error-as-result,direct,1.30.1,cmd,depsdev,0.2.0
io.github.hubertgajewski/playwright-report-mcp,npm,playwright-report-mcp,official-ts,^1.12.0,error-as-result,direct,1.30.1,cmd,depsdev,3.2.2
io.github.human-pages-ai/humanpages,npm,humanpages,official-ts,^1.0.0,error-as-result,direct,1.30.1,cmd,depsdev,1.4.6
io.github.hunterpercival/apex,npm,apex-mcp-server,official-ts,^1.12.1,warn,direct,1.30.1,cmd,depsdev,1.0.2
io.github.huseyinstif/klaket-mcp,npm,klaket-mcp,official-ts,^1.12.0,error-as-result,direct,1.30.1,cmd,depsdev,0.7.1
io.github.hypawave/mcp,npm,@hypawave/mcp,official-ts,^1.12.0,error-as-result,direct,1.30.1,cmd,depsdev,0.2.0
io.github.hypeprinter007-stack/signalfuse,npm,signalfuse-mcp,official-ts,^1.0.0,error-as-result,direct,1.30.1,cmd,depsdev,1.1.2
io.github.hypothesi/mcp-server-tauri,npm,@hypothesi/tauri-mcp-server,official-ts,0.6.1,error-as-result,direct,0.6.1,cmd,depsdev,0.12.0
withheld-caf6cf0180e9,npm,withheld-caf6cf0180e9,official-ts,^1.0.0,fail,direct,1.30.1,cmd,depsdev,
io.github.iTophua/iterminal,npm,iterminal-mcp-server,official-ts,^1.0.0,error-as-result,direct,1.30.1,cmd,depsdev,2.0.0
io.github.iamjrmh/mcpbridge,npm,@iamjrmh/mcpbridge,official-ts,^1.10.2,error-as-result,direct,1.30.1,cmd,depsdev,1.0.0
io.github.iamredmh/volta-mcp-server,npm,@voltanotes/mcp,official-ts,~1.29.0,error-as-result,direct,1.29.0,cmd,depsdev,1.1.1
io.github.iamvibhorsingh/bbox-mcp-server,npm,bbox-mcp-server,official-ts,^1.27.1,error-as-result,direct,1.30.1,cmd,depsdev,1.2.6
io.github.iancollins27/mailsnail,npm,mailsnail,official-ts,^1.0.0,error-as-result,direct,1.30.1,cmd,depsdev,0.6.0
io.github.iarfhlaith/gaff-check,npm,gaff-check,official-ts,^1.12.0,error-as-result,direct,1.30.1,cmd,depsdev,0.1.1
io.github.idoco2003/vincikit,npm,@vincikit/mcp-server,official-ts,^1.10.0,warn,direct,1.30.1,cmd,depsdev,2.0.0
io.github.ie3jp/illustrator-mcp-server,npm,illustrator-mcp-server,official-ts,^1.29.0,error-as-result,direct,1.30.1,cmd,depsdev,1.5.1
io.github.iggredible/vim-mcp,npm,vim-mcp,official-ts,^1.0.0,warn,direct,1.30.1,cmd,depsdev,0.1.2
io.github.igmizo/auseklis,npm,auseklis,official-ts,^1.29.0,error-as-result,direct,1.30.1,cmd,depsdev,0.4.0
withheld-5831f0da68d2,npm,withheld-5831f0da68d2,official-ts,^1.2.0,fail,direct,1.30.1,cmd,depsdev,
io.github.iinniitt/defi-guard-mcp,npm,@iniit/defi-guard-mcp,official-ts,^1.0.0,error-as-result,direct,1.30.1,cmd,depsdev,0.2.0
io.github.ilo415/research,npm,ilo415-research-mcp,official-ts,^1.8.0,error-as-result,direct,1.30.1,cmd,depsdev,1.1.0
io.github.ilyautov/marketplaces-mcp-ru,pypi,marketplaces-mcp-ru,official-py,>=1.2.0,error-as-result,direct,2.2.0,cmd,depsdev,0.3.3
io.github.im-sham/aegis-protocol,npm,@aegis-protocol/mcp-server,official-ts,^1.26.0,error-as-result,direct,1.30.1,cmd,depsdev,0.1.3
io.github.imdinu/apple-mail-mcp,pypi,apple-mail-mcp,fastmcp-py,"<4,>=3.0.0b1",error-as-result,direct,4.0.0b5,cmd,depsdev,0.4.2
io.github.imkemit-ops/comparedge-llm-cost,npm,@comparedge/llm-cost-mcp,none-handrolled,,error-as-result,,,cmd,depsdev-no-sdk,1.0.0
io.github.imkemit-ops/comparedge-mcp,npm,@comparedge/mcp-server,none-handrolled,,error-as-result,,,cmd,depsdev-no-sdk,2.7.1
io.github.imkemit-ops/comparedge-price-watch,npm,@comparedge/price-watch-mcp,none-handrolled,,error-as-result,,,cmd,depsdev-no-sdk,1.0.0
io.github.imperalcloud/imperal-mcp,pypi,imperal-mcp,official-py,>=1.2.0,error-as-result,direct,2.2.0,cmd,depsdev,0.2.3
io.github.imran-siddique/agentos,npm,agentos-mcp-server,official-ts,^1.0.0,error-as-result,direct,1.30.1,cmd,depsdev,1.0.1
io.github.imviky-ctrl/tickerr,npm,tickerr-mcp,official-ts,^1.0.0,error-as-result,direct,1.30.1,cmd,depsdev,1.0.1
io.github.inSideos-designs/cowork-qa,npm,cowork-qa-mcp,official-ts,^1.0.4,error-as-result,direct,1.30.1,cmd,depsdev,0.1.1
io.github.inavi-systems/inavi-mcp,npm,@inavi-maps/mcp-server,official-ts,^1.21.0,error-as-result,direct,1.30.1,cmd,depsdev,0.3.9
io.github.index9-org/mcp,npm,@index9/mcp,official-ts,^1.29.0,error-as-result,direct,1.30.1,cmd,depsdev,6.5.2
io.github.infai-tech/vulnfeed,pypi,vulnfeed-mcp,official-py,>=1.0,error-as-result,direct,2.2.0,cmd,depsdev,0.3.3
io.github.infoinlet-marketplace/mcp-browser-research,npm,@infoinlet/mcp-browser-research,official-ts,^1.0.0,error-as-result,direct,1.30.1,cmd,depsdev,0.1.1
io.github.infoinlet-marketplace/mcp-calendar,npm,@infoinlet/mcp-calendar,official-ts,^1.0.0,error-as-result,direct,1.30.1,cmd,depsdev,0.1.1
io.github.infoinlet-marketplace/mcp-clickhouse,npm,@infoinlet/mcp-clickhouse,official-ts,^1.0.0,error-as-result,direct,1.30.1,cmd,depsdev,0.1.1
io.github.infoinlet-marketplace/mcp-codeaudit,npm,@infoinlet/mcp-codeaudit,official-ts,^1.0.0,error-as-result,direct,1.30.1,cmd,depsdev,0.1.1
io.github.infoinlet-marketplace/mcp-data,npm,@infoinlet/mcp-data,official-ts,^1.0.0,error-as-result,direct,1.30.1,cmd,depsdev,0.1.1
io.github.infoinlet-marketplace/mcp-elasticsearch,npm,@infoinlet/mcp-elasticsearch,official-ts,^1.0.0,error-as-result,direct,1.30.1,cmd,depsdev,0.1.1
io.github.infoinlet-marketplace/mcp-email,npm,@infoinlet/mcp-email,official-ts,^1.0.0,error-as-result,direct,1.30.1,cmd,depsdev,0.1.1
io.github.infoinlet-marketplace/mcp-fetch,npm,@infoinlet/mcp-fetch,official-ts,^1.0.0,error-as-result,direct,1.30.1,cmd,depsdev,0.1.1
io.github.infoinlet-marketplace/mcp-filesystem,npm,@infoinlet/mcp-filesystem,official-ts,^1.0.0,error-as-result,direct,1.30.1,cmd,depsdev,0.1.1
io.github.infoinlet-marketplace/mcp-git,npm,@infoinlet/mcp-git,official-ts,^1.0.0,error-as-result,direct,1.30.1,cmd,depsdev,0.1.1
io.github.infoinlet-marketplace/mcp-github,npm,@infoinlet/mcp-github,official-ts,^1.0.0,error-as-result,direct,1.30.1,cmd,depsdev,0.1.1
io.github.infoinlet-marketplace/mcp-image,npm,@infoinlet/mcp-image,official-ts,^1.0.0,error-as-result,direct,1.30.1,cmd,depsdev,0.1.1
io.github.infoinlet-marketplace/mcp-jp-doc-intel,npm,@infoinlet/mcp-jp-doc-intel,official-ts,^1.0.0,error-as-result,direct,1.30.1,cmd,depsdev,0.1.0
io.github.infoinlet-marketplace/mcp-kafka,npm,@infoinlet/mcp-kafka,official-ts,^1.0.0,error-as-result,direct,1.30.1,cmd,depsdev,0.1.1
io.github.infoinlet-marketplace/mcp-knowledge-rag,npm,@infoinlet/mcp-knowledge-rag,official-ts,^1.0.0,error-as-result,direct,1.30.1,cmd,depsdev,0.1.0
io.github.infoinlet-marketplace/mcp-memory,npm,@infoinlet/mcp-memory,official-ts,^1.0.0,error-as-result,direct,1.30.1,cmd,depsdev,0.1.1
io.github.infoinlet-marketplace/mcp-mongodb,npm,@infoinlet/mcp-mongodb,official-ts,^1.0.0,error-as-result,direct,1.30.1,cmd,depsdev,0.1.1
io.github.infoinlet-marketplace/mcp-mysql,npm,@infoinlet/mcp-mysql,official-ts,^1.0.0,error-as-result,direct,1.30.1,cmd,depsdev,0.1.1
io.github.infoinlet-marketplace/mcp-notion,npm,@infoinlet/mcp-notion,official-ts,^1.0.0,error-as-result,direct,1.30.1,cmd,depsdev,0.1.1
io.github.infoinlet-marketplace/mcp-observability,npm,@infoinlet/mcp-observability,official-ts,^1.0.0,error-as-result,direct,1.30.1,cmd,depsdev,0.1.1
io.github.infoinlet-marketplace/mcp-openapi,npm,@infoinlet/mcp-openapi,official-ts,^1.0.0,error-as-result,direct,1.30.1,cmd,depsdev,0.1.1
io.github.infoinlet-marketplace/mcp-qdrant,npm,@infoinlet/mcp-qdrant,official-ts,^1.0.0,error-as-result,direct,1.30.1,cmd,depsdev,0.1.1
io.github.infoinlet-marketplace/mcp-redis,npm,@infoinlet/mcp-redis,official-ts,^1.0.0,error-as-result,direct,1.30.1,cmd,depsdev,0.1.1
io.github.infoinlet-marketplace/mcp-s3,npm,@infoinlet/mcp-s3,official-ts,^1.0.0,error-as-result,direct,1.30.1,cmd,depsdev,0.1.1
io.github.infoinlet-marketplace/mcp-social,npm,@infoinlet/mcp-social,official-ts,^1.0.0,error-as-result,direct,1.30.1,cmd,depsdev,0.1.1
io.github.infoinlet-marketplace/mcp-stripe,npm,@infoinlet/mcp-stripe,official-ts,^1.0.0,error-as-result,direct,1.30.1,cmd,depsdev,0.1.1
io.github.infoinlet-marketplace/mcp-time,npm,@infoinlet/mcp-time,official-ts,^1.0.0,error-as-result,direct,1.30.1,cmd,depsdev,0.1.1
io.github.infoinlet-marketplace/mcp-translate,npm,@infoinlet/mcp-translate,official-ts,^1.0.0,error-as-result,direct,1.30.1,cmd,depsdev,0.1.1
io.github.infoinlet-marketplace/mcp-workflow,npm,@infoinlet/mcp-workflow,official-ts,^1.0.0,error-as-result,direct,1.30.1,cmd,depsdev,0.1.1
io.github.infolegalge/legal-ge,npm,@legalge/mcp,official-ts,^1.0.0,pass,direct,1.30.1,cmd,depsdev,0.1.1
io.github.infraveilhq/agent-guard,pypi,infraveil-guard,unknown,,error-as-result,,,cmd,no-graph,0.1.1
io.github.instagitai/instagit,npm,instagit,official-ts,^1.12.1,error-as-result,direct,1.30.1,cmd,depsdev,0.1.5
io.github.intenttext/intenttext-mcp,npm,@intenttext/mcp-server,official-ts,^1.0.0,error-as-result,direct,1.30.1,cmd,depsdev,1.0.1
io.github.intlpull/intlpull,npm,@intlpullhq/mcp-server,official-ts,^1.0.0,pass,direct,1.30.1,cmd,depsdev,0.2.1
io.github.introfini/mcp-server-zotero-dev,npm,@introfini/mcp-server-zotero-dev,official-ts,^1.0.0,error-as-result,direct,1.30.1,cmd,depsdev,1.1.2
io.github.iris-eval/mcp-server,npm,@iris-eval/mcp-server,official-ts,^1.29.0,error-as-result,direct,1.30.1,cmd,depsdev,0.4.4
io.github.irrenwill/secret-safe-env,npm,secret-safe-env,official-ts,^1.29.0,error-as-result,direct,1.30.1,cmd,depsdev,0.1.2
io.github.isaac-levine/forage,npm,forage-mcp,official-ts,^1.12.1,error-as-result,direct,1.30.1,cmd,depsdev,0.1.1
io.github.isaacviannadev/spikeme,npm,spikeme-mcp,none-handrolled,,error-as-result,,,cmd,depsdev-no-sdk,0.5.5
io.github.isakskogstad/kolada-mcp,npm,kolada-mcp-server,official-ts,^1.23.0,warn,direct,1.30.1,cmd,depsdev,2.2.1
io.github.isamu/mulmocast-vision,npm,mulmocast-vision,official-ts,^1.17.5,error-as-result,direct,1.30.1,cmd,depsdev,1.0.1
io.github.iseppo/e-arveldaja-mcp,npm,e-arveldaja-mcp,official-ts,^1.29.0,error-as-result,direct,1.30.1,cmd,depsdev,0.21.0
io.github.isgudtek/mycrab-mcp,pypi,mycrab-mcp,official-py,>=1.0.0,error-as-result,direct,2.2.0,cmd,depsdev,0.1.1
io.github.ishan-maheshwari/dicepdf,npm,@dicepdf/mcp,official-ts,^1.29.0,error-as-result,direct,1.30.1,cmd,depsdev,0.1.0
io.github.islobodan/cotforce-mcp,npm,@slbdn/cotforce-mcp,official-ts,^1.0.0,pass,direct,1.30.1,cmd,depsdev,1.1.3
io.github.islobodan/cruncher-mcp,npm,@slbdn/cruncher-mcp,none-handrolled,,pass,,,cmd,depsdev-no-sdk,1.2.29
io.github.issuecapture/mcp-server,npm,@issuecapture/mcp-server,official-ts,^1.25.1,error-as-result,direct,1.30.1,cmd,depsdev,1.0.4
io.github.ivangr1/walletap,npm,@walletap/mcp-server,official-ts,^1.12.0,error-as-result,direct,1.30.1,cmd,depsdev,0.1.3
io.github.izworskic/openclaw-registry,npm,agentbase-mcp,official-ts,^1.0.0,error-as-result,direct,1.30.1,cmd,depsdev,1.0.1
io.github.izzzzzi/codewiki-mcp,npm,codewiki-mcp,official-ts,^1.19.0,error-as-result,direct,1.30.1,cmd,depsdev,1.1.1
io.github.j-east/pixel-surgeon,npm,pixel-surgeon-mcp,official-ts,^1.27.1,error-as-result,direct,1.30.1,cmd,depsdev,1.1.1
io.github.j0hanz/code-assistant,npm,@j0hanz/code-assistant,official-ts,^1.27.1,error-as-result,direct,1.30.1,cmd,depsdev,2.0.0
io.github.j0hanz/code-lens,npm,@j0hanz/code-lens-mcp,official-ts,^1.27.1,error-as-result,direct,1.30.1,cmd,depsdev,0.12.0
io.github.j0hanz/cortex-mcp,npm,@j0hanz/cortex-mcp,official-ts,^1.27.1,error-as-result,direct,1.30.1,cmd,depsdev,1.11.0
io.github.j0hanz/memory-mcp,npm,@j0hanz/memory-mcp,official-ts,^1.27.1,error-as-result,direct,1.30.1,cmd,depsdev,1.7.0
io.github.j4th/mtg-mcp-server,pypi,mtg-mcp-server,fastmcp-py,>=3.2.0,error-as-result,direct,4.0.9,cmd,depsdev,3.0.0
io.github.jack1590/RokuMCP,npm,roku-mcp,official-ts,^1.28.0,error-as-result,direct,1.30.1,cmd,depsdev,1.3.2
withheld-c7474f2df119,npm,withheld-c7474f2df119,official-ts,^1.20.1,error-as-result,direct,1.30.1,cmd,depsdev,
io.github.jackgillen15-dev/scope-mcp,npm,@jackgillen15-dev/scope-mcp,official-ts,^1.0.0,error-as-result,direct,1.30.1,cmd,depsdev,0.1.1
io.github.jacklenzotti/pullpush-mcp,npm,pullpush-mcp,official-ts,^1.20.2,error-as-result,direct,1.30.1,cmd,depsdev,1.0.1
io.github.jackmmaher/sic-codes,npm,sic-codes-mcp,official-ts,^1.12.0,error-as-result,direct,1.30.1,cmd,depsdev,1.0.0
io.github.jacobsd32-cpu/djd-agent-score,npm,djd-agent-score-mcp,official-ts,^1.6.1,error-as-result,direct,1.30.1,cmd,depsdev,1.0.1
io.github.jagilber-org/index-server,npm,@jagilber-org/index-server,official-ts,^1.28.0,pass,direct,1.30.1,cmd,depsdev,1.32.0
io.github.jakeyoung1/veris,npm,veris-mcp,official-ts,^1.12.0,error-as-result,direct,1.30.1,cmd,depsdev,0.2.0
io.github.james-see/mcp-drawthings,npm,mcp-drawthings,official-ts,^1.0.0,error-as-result,direct,1.30.1,cmd,depsdev,1.1.2
io.github.jamhimself/robinx-mcp,npm,robinx-mcp,official-ts,^1.29.0,error-as-result,direct,1.30.1,cmd,depsdev,0.2.0
io.github.jams24/inventpay-mcp,npm,inventpay-mcp,official-ts,^1.12.1,error-as-result,direct,1.30.1,cmd,depsdev,1.0.1
io.github.jananadiw/codex-tldraw-mcp,npm,codex-tldraw-mcp,official-ts,^1.29.0,error-as-result,direct,1.30.1,cmd,depsdev,0.4.0
io.github.janeksm/mcp-digger,npm,mcp-digger,official-ts,^1.29.0,error-as-result,direct,1.30.1,cmd,depsdev,1.1.3
withheld-76061d2be7f8,npm,withheld-76061d2be7f8,official-ts,^1.0.0,fail,direct,1.30.1,cmd,depsdev,
io.github.janus-ubos-republic/janus-kinematic-drive,pypi,ubos-janus-mcp,none-handrolled,,error-as-result,,,cmd,depsdev-no-sdk,0.1.3
io.github.jaredhobbs/cronalert,npm,cronalert-mcp,official-ts,^1.27.1,error-as-result,direct,1.30.1,cmd,depsdev,1.0.6
io.github.jarekpiot/provenonce,npm,@provenonce/mcp,official-ts,^1.5.0,error-as-result,direct,1.30.1,cmd,depsdev,1.1.4
io.github.jarmstrong158/agentsync,pypi,agentsync-mcp,official-py,>=1.2,error-as-result,direct,2.2.0,cmd,depsdev,0.1.0
io.github.jarmstrong158/cambium,pypi,cambium-mcp,official-py,>=1.2,error-as-result,direct,2.2.0,cmd,depsdev,0.1.0
io.github.jarmstrong158/skillmatch-mcp,pypi,skillmatch-mcp,none-handrolled,,error-as-result,,,cmd,depsdev-no-sdk,1.0.1
io.github.jascal/orca-mcp-server,npm,@orcalang/orca-mcp-server,official-ts,^1.28.0,error-as-result,direct,1.30.1,cmd,depsdev,0.1.30
io.github.jasoncbraatz/fintable-mcp,pypi,fintable-mcp,official-py,>=1.0.0,error-as-result,direct,2.2.0,cmd,depsdev,0.1.1
io.github.jasonstockman/warmio,npm,@warmio/mcp,official-ts,^1.27.1,pass,direct,1.30.1,cmd,depsdev,7.0.1
io.github.jasonwagao-bit/xuanxue-bazi-matching,npm,xuanxue-bazi-matching,official-ts,^1.0.0,warn,direct,1.30.1,cmd,depsdev,0.2.0
io.github.jasonwilbur/cloud-regions,npm,mcp-server-cloud-regions,official-ts,^1.0.0,error-as-result,direct,1.30.1,cmd,depsdev,1.0.4
io.github.jasonwilbur/oci-pricing-mcp,npm,oci-pricing-mcp,official-ts,^1.0.0,pass,direct,1.30.1,cmd,depsdev,1.2.2
io.github.jasp-nerd/marktplaats-mcp,pypi,marktplaats-mcp,fastmcp-py,"<4,>=3.4",error-as-result,direct,3.4.7,cmd,depsdev,0.1.1
io.github.jawdat6/fixgraph-mcp,npm,fixgraph-mcp,official-ts,^1.0.0,error-as-result,direct,1.30.1,cmd,depsdev,1.0.2
io.github.jaygould/getpronto,npm,getpronto-mcp,official-ts,^1.12.1,error-as-result,direct,1.30.1,cmd,depsdev,1.0.2
withheld-6e4ff2f57fbe,pypi,withheld-6e4ff2f57fbe,official-py,>=1.0.0,fail,direct,2.2.0,cmd,depsdev,
io.github.jaysinailabs/aperture-mcp,pypi,aperture-mcp,official-py,"<2,>=1.27.2",error-as-result,direct,1.30.0,cmd,depsdev,0.2.0
io.github.jayvee6/apple-mail-mcp,npm,@jdot6/apple-mail-mcp,official-ts,^1.28.0,error-as-result,direct,1.30.1,cmd,depsdev,0.1.0
io.github.jazib/homebase,npm,homebase-mcp,official-ts,^1.12.1,error-as-result,direct,1.30.1,cmd,depsdev,1.0.4
io.github.jcislo/moltalyzer-mcp,npm,moltalyzer-mcp,official-ts,^1.27.0,error-as-result,direct,1.30.1,cmd,depsdev,1.7.0
withheld-ad82f773f485,npm,withheld-ad82f773f485,official-ts,^1.0.0,fail,direct,1.30.1,cmd,depsdev,
io.github.jefdiesel/clawphunks,npm,clawphunks-mcp,official-ts,^1.0.0,error-as-result,direct,1.30.1,cmd,depsdev,1.1.0
withheld-87c6d5bff284,npm,withheld-87c6d5bff284,official-ts,^1.25.3,fail,direct,1.30.1,cmd,depsdev,
io.github.jellewas/eu-audit-mcp,pypi,eu-audit-mcp,fastmcp-py,>=2.2,error-as-result,direct,4.0.9,cmd,depsdev,0.1.1
io.github.jeongho54/loadbench,pypi,loadbench-mcp,official-py,"<2,>=1.27",error-as-result,direct,1.30.0,cmd,depsdev,0.1.0
io.github.jeresalmisto/calcfi-mcp,npm,calcfi-mcp-server,official-ts,~1.13.0,error-as-result,direct,1.13.3,cmd,depsdev,0.1.6
io.github.jflamb/fdic-mcp-server,npm,fdic-mcp-server,official-ts,^1.0.0,error-as-result,direct,1.30.1,cmd,depsdev,1.30.2
io.github.jgalea/mailbox-mcp,npm,mailbox-mcp,official-ts,1.29.0,error-as-result,direct,1.29.0,cmd,depsdev,0.9.2
io.github.jghiringhelli/forgecraft,npm,forgecraft-mcp,official-ts,^1.12.1,error-as-result,direct,1.30.1,cmd,depsdev,1.0.0
withheld-5bdce598433b,pypi,withheld-5bdce598433b,official-py,"<2.0.0,>=1.10.0",fail,direct,1.30.0,cmd,depsdev,
withheld-45301a94540e,pypi,withheld-45301a94540e,official-py,"<2.0.0,>=1.10.0",fail,direct,1.30.0,cmd,depsdev,
withheld-45f0465b9b45,npm,withheld-45f0465b9b45,official-ts,^1.27.1,fail,direct,1.30.1,cmd,depsdev,
io.github.jkakar/recipe-mcp,npm,@cookwith/recipe-mcp,official-ts,^1.17.2,error-as-result,direct,1.30.1,cmd,depsdev,1.0.4
io.github.jmedure/talkback,npm,talkback-mcp,official-ts,^1.12.1,error-as-result,direct,1.30.1,cmd,depsdev,0.1.3
io.github.jmeyer1980/neurodivergent-memory,npm,neurodivergent-memory,official-ts,1.28.0,warn,direct,1.28.0,cmd,depsdev,0.1.8
io.github.jmsaavedra/rendermark,npm,@rendermark/mcp-server,official-ts,^1.29.0,error-as-result,direct,1.30.1,cmd,depsdev,0.1.9
io.github.jmthomasofficial/x402-agent-tools,npm,@jmthomasofficial/x402-mcp-server,official-ts,^1.29.0,error-as-result,direct,1.30.1,cmd,depsdev,1.0.0
io.github.jmthomasofficial/x402-mcp-server,npm,@jmthomasofficial/x402-mcp-server,official-ts,^1.29.0,error-as-result,direct,1.30.1,cmd,depsdev,2.0.1
io.github.jobrayan/codmir,npm,@codmir/mcp,official-ts,^1.0.0,error-as-result,direct,1.30.1,cmd,depsdev,0.2.2
io.github.joe-watkins/magentaa11y,npm,magentaa11y-mcp,official-ts,^1.0.4,warn,direct,1.30.1,cmd,depsdev,1.0.2
io.github.joegra2003/metamodel,npm,metamodel-mcp,official-ts,^1.27.0,error-as-result,direct,1.30.1,cmd,depsdev,1.1.2
io.github.joepangallo/mcp-server-agent-analytics,npm,mcp-server-agent-analytics,official-ts,^1.27.0,error-as-result,direct,1.30.1,cmd,depsdev,1.1.1
io.github.joepangallo/mcp-server-indexforge,npm,mcp-server-indexforge,official-ts,^1.27.0,error-as-result,direct,1.30.1,cmd,depsdev,1.0.2
io.github.joepangallo/mcp-server-research-signals,npm,mcp-server-research-signals,official-ts,^1.27.0,error-as-result,direct,1.30.1,cmd,depsdev,1.2.0
io.github.joepangallo/mcp-server-security-audit,npm,mcp-server-security-audit,official-ts,^1.27.0,error-as-result,direct,1.30.1,cmd,depsdev,1.0.3
io.github.john-broadway/proximo-proxmox,pypi,proximo-proxmox,official-py,>=1.2.0,error-as-result,direct,2.2.0,cmd,depsdev,0.25.0
io.github.johnbeans/ten,pypi,ten-mcp-server,official-py,>=1.0.0,error-as-result,direct,2.2.0,cmd,depsdev,0.1.0
io.github.johnnywuj81/tokenknows,pypi,tokenknows-mcp,official-py,>=1.2.0,error-as-result,direct,2.2.0,cmd,depsdev,0.3.0
io.github.joinwell52-AI/fcop,pypi,fcop-mcp,fastmcp-py,>=3.2.0,error-as-result,direct,4.0.9,cmd,depsdev,3.2.5
io.github.jojo-labs/smart-web,npm,smart-web-mcp,official-ts,^1.18.1,error-as-result,direct,1.30.1,cmd,depsdev,0.43.1
io.github.jojo-labs/web-task-api,npm,web-task-api,official-ts,1.29.0,error-as-result,direct,1.29.0,cmd,depsdev,0.10.1
io.github.jonnyblankinship/hue-ble-mcp,pypi,hue-ble-mcp,official-py,>=1.0.0,error-as-result,direct,2.2.0,cmd,depsdev,0.1.3
io.github.jonnybottles/azure-updates,pypi,azure-updates-mcp,fastmcp-py,"<3,>=2.14",error-as-result,direct,2.14.7,cmd,depsdev,0.1.1
io.github.jonnybottles/m365-roadmap,pypi,m365-roadmap-mcp,fastmcp-py,,error-as-result,direct,4.0.9,cmd,depsdev,0.4.0
io.github.jonnybottles/patch-tuesday,pypi,patch-tuesday-mcp,fastmcp-py,"<3,>=2.14",error-as-result,direct,2.14.7,cmd,depsdev,0.8.1
io.github.jordanburke/reddit-mcp-server,npm,reddit-mcp-server,fastmcp-ts,^4.3.2,pass,direct,4.20.17,cmd,depsdev,1.5.1
io.github.jordanlyall/wc26,npm,wc26-mcp,official-ts,^1.26.0,error-as-result,direct,1.30.1,cmd,depsdev,0.3.0
io.github.jordantete/verychic-mcp,pypi,verychic-mcp,official-py,>=1.2,error-as-result,direct,2.2.0,cmd,depsdev,0.1.3
io.github.jorgen-k/reddit-mcp,pypi,reddit-rss-mcp,official-py,>=1.2.0,error-as-result,direct,2.2.0,cmd,depsdev,1.1.2
io.github.josefdc/uniprot-mcp,pypi,uniprot-mcp,official-py,>=1.19.0,error-as-result,direct,2.2.0,cmd,depsdev,0.1.0
io.github.jpazvd/unicefstats-mcp,pypi,unicefstats-mcp,fastmcp-py,"<4,>=3.0",error-as-result,direct,3.4.7,cmd,depsdev,1.5.5
withheld-306df289b703,npm,withheld-306df289b703,official-ts,^1,fail,direct,1.30.1,cmd,depsdev,
io.github.jschoemaker/mcpgo,npm,@exfil/mcpgo,official-ts,^1.29.0,error-as-result,direct,1.30.1,cmd,depsdev,0.1.6
io.github.json-contracts/json-contracts,npm,json-contracts,official-ts,1.29.0,error-as-result,direct,1.29.0,cmd,depsdev,0.1.2
io.github.jtalk22/slack-mcp-server,npm,@jtalk22/slack-mcp,official-ts,^1.27.0,error-as-result,direct,1.30.1,cmd,depsdev,4.4.3
io.github.jtl-neo/crossref-mcp,pypi,crossref-mcp,official-py,>=1.2.0,error-as-result,direct,2.2.0,cmd,depsdev,0.1.0
io.github.juan-cinto-infracommerce/magento-cloud,npm,mcp-magento-cloud,official-ts,^1.12.1,error-as-result,direct,1.30.1,cmd,depsdev,2.4.0
io.github.juanisidoro/securecode,npm,@securecode/mcp-server,official-ts,^1.0.0,error-as-result,direct,1.30.1,cmd,depsdev,0.15.2
io.github.jugbeep/lustre,npm,lustre-mcp,official-ts,^0.7.0,error-as-result,direct,0.7.0,cmd,depsdev,1.0.1
io.github.justadityaraj/amazon-in-mcp-server,npm,amazon-in-mcp-server,official-ts,^1.6.1,error-as-result,direct,1.30.1,cmd,depsdev,0.1.1
io.github.justfsl50/expense-mcp,pypi,expense-mcp,official-py,"<2.0.0,>=1.26.0",error-as-result,direct,1.30.0,cmd,depsdev,1.0.1
io.github.justinmont84/loyaltyvip,npm,@loyaltyvip/mcp,official-ts,^1.12.0,error-as-result,direct,1.30.1,cmd,depsdev,1.0.1
io.github.justjlee/omnarai-mcp,npm,omnarai-mcp,official-ts,^1.0.0,error-as-result,direct,1.30.1,cmd,depsdev,1.6.1
io.github.juyterman1000/entroly,pypi,entroly,official-py,"<2,>=1.6.0",error-as-result,direct,1.30.0,cmd,depsdev,1.0.63
io.github.jwill824/nudge-mcp,pypi,nudge-mcp,fastmcp-py,>=2.0.0,error-as-result,direct,4.0.9,cmd,depsdev,0.2.0
io.github.jwulff/apple-voice-memo-mcp,npm,apple-voice-memo-mcp,official-ts,^1.0.0,error-as-result,direct,1.30.1,cmd,depsdev,0.1.1
io.github.jwulff/whisper-mcp,npm,whisper-mcp,official-ts,^1.0.0,error-as-result,direct,1.30.1,cmd,depsdev,0.1.1
io.github.jztan/pdf-mcp,pypi,pdf-mcp,fastmcp-py,>=3.0.0,error-as-result,direct,3.4.7,cmd,depsdev,1.21.0
io.github.k8ika0s/mcp-tmux,npm,@k8ika0s/mcp-tmux,official-ts,^1.24.3,error-as-result,direct,1.30.1,cmd,depsdev,0.1.7
io.github.kaael1/mcp-power-automate,npm,@kaael1/mcp-power-automate,official-ts,^1.29.0,error-as-result,direct,1.30.1,cmd,depsdev,0.4.1
io.github.kaaustubh/project-memory-mcp,npm,@kaaustubh/project-memory-mcp,official-ts,^1.0.0,error-as-result,direct,1.30.1,cmd,depsdev,1.6.0
io.github.kadam-official/mcp-server,npm,@kadam-net/mcp-server,official-ts,^1.27.1,pass,direct,1.30.1,cmd,depsdev,0.3.4
io.github.kaditang/agent-wallet-mcp,npm,@kaditang/agent-wallet-mcp,official-ts,^1.0.4,error-as-result,direct,1.30.1,cmd,depsdev,0.3.1
io.github.kael-bit/engram,npm,engram-rs-mcp,official-ts,^1.12.1,error-as-result,direct,1.30.1,cmd,depsdev,0.10.0
io.github.kakarot-dev/deepmiro,npm,deepmiro-mcp,official-ts,^1.29.0,error-as-result,direct,1.30.1,cmd,depsdev,0.1.2
io.github.kalki-kgp/whatsapp-macos,pypi,whatsapp-mcp-macos,official-py,>=1.0.0,error-as-result,direct,2.2.0,cmd,depsdev,0.1.1
withheld-faa7bc6b4424,npm,withheld-faa7bc6b4424,official-ts,^1.12.0,error-as-result,direct,1.30.1,cmd,depsdev,
io.github.kapillamba4/code-memory,pypi,code-memory,official-py,>=1.26.0,error-as-result,direct,2.2.0,cmd,depsdev,1.0.33
io.github.kapillamba4/meta-prompt-mcp,pypi,meta-prompt-mcp,official-py,>=1.0.0,error-as-result,direct,2.2.0,cmd,depsdev,1.0.11
io.github.kapruka/reviewguru,pypi,reviewguru-mcp,official-py,>=1.1.0,error-as-result,direct,2.2.0,cmd,depsdev,0.1.2
io.github.karanb192/reddit-buddy-mcp,npm,@karanb192/reddit-buddy-mcp,official-ts,^1.17.5,error-as-result,direct,1.30.1,cmd,depsdev,1.0.6-test.7
io.github.karanb192/reddit-mcp-buddy,npm,reddit-mcp-buddy,official-ts,^1.17.5,error-as-result,direct,1.30.1,cmd,depsdev,1.1.12
io.github.karanivincent/telitask-mcp,npm,@telitask/mcp-server,official-ts,^1.29.0,error-as-result,direct,1.30.1,cmd,depsdev,0.2.3
io.github.kasathur/energyatit,npm,energyatit-mcp-server,official-ts,^1.12.1,error-as-result,direct,1.30.1,cmd,depsdev,1.0.0
io.github.kemalersin/fonparam-mcp,npm,fonparam-mcp,official-ts,^0.4.0,warn,direct,0.4.0,cmd,depsdev,1.0.4
io.github.kenneives/design-token-bridge-mcp,npm,design-token-bridge-mcp,official-ts,^1.26.0,error-as-result,direct,1.30.1,cmd,depsdev,1.0.2
io.github.keshrath/agent-comm,npm,agent-comm,none-handrolled,,error-as-result,,,cmd,depsdev-no-sdk,1.3.11
io.github.keshrath/agent-discover,npm,agent-discover,official-ts,^1.12.1,error-as-result,direct,1.30.1,cmd,depsdev,1.4.0
io.github.keshrath/agent-knowledge,npm,agent-knowledge,official-ts,^1.0.0,error-as-result,direct,1.30.1,cmd,depsdev,1.9.7
io.github.keshrath/agent-tasks,npm,agent-tasks,none-handrolled,,error-as-result,,,cmd,depsdev-no-sdk,1.10.11
io.github.khalidsaidi/a2abench,npm,@khalidsaidi/a2abench-mcp,official-ts,^1.28.0,error-as-result,direct,1.30.1,cmd,depsdev,1.0.1
io.github.khalidsaidi/ragmap,npm,@khalidsaidi/ragmap-mcp,official-ts,^1.26.0,error-as-result,direct,1.30.1,cmd,depsdev,1.0.1
io.github.khalomsky/syke,npm,@syke1/mcp-server,official-ts,^1.12.1,error-as-result,direct,1.30.1,cmd,depsdev,1.5.4
io.github.kindrat86/vc-deal-flow-signal,npm,@gitdealflow/mcp-signal,official-ts,^1.29.0,error-as-result,direct,1.30.1,cmd,depsdev,2.2.0
io.github.kingbbs/yiditu-mcp,npm,yiditu-mcp,official-ts,^1.28.0,error-as-result,direct,1.30.1,cmd,depsdev,1.1.0
io.github.kira-autonoma/agent-memory-mcp,npm,@kiraautonoma/agent-memory-mcp,official-ts,^1.0.0,error-as-result,direct,1.30.1,cmd,depsdev,0.1.3
io.github.kira-autonoma/devtools,npm,mcp-devtools-server,official-ts,^1.12.0,error-as-result,direct,1.30.1,cmd,depsdev,1.0.1
io.github.kirbah/mcp-youtube,npm,@kirbah/mcp-youtube,official-ts,^1.27.1,error-as-result,direct,1.30.1,cmd,depsdev,1.1.11
io.github.kirill-sviridov/handoff-mcp,pypi,handoff-mcp,official-py,"<2,>=1.27",error-as-result,direct,1.30.0,cmd,depsdev,0.4.0
io.github.kiro0x/five-mcp,pypi,five-mcp,official-py,>=1.0.0,error-as-result,direct,2.2.0,cmd,depsdev,1.1.1
io.github.kirrrr-2423/shapewords-mcp,npm,shapewords-mcp,official-ts,^1.29.0,error-as-result,direct,1.30.1,cmd,depsdev,0.2.2
io.github.kitao/pyxel-mcp,pypi,pyxel-mcp,official-py,"<2.0.0,>=1.27.0",error-as-result,direct,1.30.0,cmd,depsdev,1.2.0
io.github.kitepon-rgb/aiterm-mcp,npm,aiterm-mcp,official-ts,^1.29.0,error-as-result,direct,1.30.1,cmd,depsdev,0.18.1
io.github.kitsune-de/hyperliquid-mcp,npm,@kitsune-de/hyperliquid-mcp,official-ts,^1.12.0,error-as-result,direct,1.30.1,cmd,depsdev,0.1.0
io.github.kivanccakmak/yaver,npm,yaver-cli,official-ts,^0.6.0,error-as-result,indirect,0.6.1,cmd,depsdev,1.99.309
withheld-52d613b10904,npm,withheld-52d613b10904,official-ts,^1.27.1,fail,direct,1.30.1,cmd,depsdev,
io.github.kmalakoff/mcp-pdf,npm,@mcp-z/mcp-pdf,official-ts,^1.19.1,error-as-result,direct,1.30.1,cmd,depsdev,1.0.3
io.github.kobuta23/cabin-flights,npm,cabin-flights,official-ts,^1.26.0,error-as-result,direct,1.30.1,cmd,depsdev,0.1.1
io.github.kobzevvv/moldsim-mcp,npm,moldsim-mcp,official-ts,^1.12.0,error-as-result,direct,1.30.1,cmd,depsdev,0.4.1
io.github.kochetkov-ma/brewpage-mcp,npm,brewpage-mcp,official-ts,^1.12.0,error-as-result,direct,1.30.1,cmd,depsdev,1.3.2
io.github.koraykoylu/ibanchecker-mcp,npm,@ibanchecker/mcp,official-ts,^1.12.1,error-as-result,direct,1.30.1,cmd,depsdev,1.1.2
io.github.korovin-aa97/talkthrough-mcp,pypi,talkthrough-mcp,official-py,>=1.28.1,error-as-result,direct,2.2.0,cmd,depsdev,0.2.3
io.github.kota1026/bridgeguard-mcp,npm,bridgeguard-mcp,official-ts,^1.27.1,error-as-result,direct,1.30.1,cmd,depsdev,0.1.1
io.github.kota1026/cryptodata-mcp,npm,cryptodata-mcp,official-ts,^1.27.1,error-as-result,direct,1.30.1,cmd,depsdev,0.1.1
io.github.kota1026/defiguard-mcp,npm,defiguard-mcp,official-ts,^1.27.1,error-as-result,direct,1.30.1,cmd,depsdev,0.1.1
io.github.kota1026/quantumguard-mcp,npm,quantumguard-mcp,official-ts,^1.27.1,error-as-result,direct,1.30.1,cmd,depsdev,0.1.1
io.github.kota1026/smartguard-mcp,npm,smartguard-mcp,official-ts,^1.27.1,error-as-result,direct,1.30.1,cmd,depsdev,0.1.1
io.github.kota1026/vaultguard-mcp,npm,vaultguard-mcp,official-ts,^1.27.1,error-as-result,direct,1.30.1,cmd,depsdev,0.1.1
io.github.kovoor/vueuse-mcp,npm,vueuse-mcp,official-ts,^1.12.1,error-as-result,direct,1.30.1,cmd,depsdev,1.0.0
io.github.kpanuragh/xdebug,npm,xdebug-mcp,official-ts,^1.0.0,error-as-result,direct,1.30.1,cmd,depsdev,1.2.1
io.github.krampslaag/uniteddepin,npm,uniteddepin-mcp-server,official-ts,^1.0.0,warn,direct,1.30.1,cmd,depsdev,1.0.3
io.github.krishnabhat/indian-food-nutrition-mcp,npm,indian-food-nutrition-mcp,official-ts,^1.0.0,error-as-result,direct,1.30.1,cmd,depsdev,1.0.2
withheld-2181b8aa4aee,pypi,withheld-2181b8aa4aee,official-py,"<2.0,>=1.0",fail,direct,1.30.0,cmd,depsdev,
io.github.krumjahn/health-analyzer-mcp,npm,health-analyzer-mcp,official-ts,^1.0.0,error-as-result,direct,1.30.1,cmd,depsdev,1.1.1
io.github.ksaslam311/agentpedia-mcp-server,npm,@agentpedia/mcp-server,official-ts,^1.29.0,error-as-result,direct,1.30.1,cmd,depsdev,1.1.2
io.github.ksimback/hermes-atlas-mcp,npm,hermes-atlas-mcp,official-ts,^1.0.0,error-as-result,direct,1.30.1,cmd,depsdev,0.2.0
io.github.kts982/mcp-sap-gui,pypi,mcp-sap-gui,fastmcp-py,"<4,>=3.4.1",error-as-result,direct,3.4.7,cmd,depsdev,0.2.2
io.github.kumarprobeops/probeops-mcp-server,npm,@probeops/mcp-server,official-ts,^1.12.1,error-as-result,direct,1.30.1,cmd,depsdev,1.2.3
io.github.kumoproductions/mcp-cinema4d,npm,@kumoproductions/mcp-cinema4d,official-ts,^1.29.0,error-as-result,direct,1.30.1,cmd,depsdev,0.3.1
io.github.l-agence/agence,npm,@l-agence/mcp-server-agence,official-ts,^1.29.0,error-as-result,direct,1.30.1,cmd,depsdev,1.0.0
io.github.l10n-dev/ai-l10n-mcp,npm,ai-l10n-mcp,official-ts,^1.0.0,error-as-result,direct,1.30.1,cmd,depsdev,1.1.2
io.github.labarilem/brainfaq-mcp,npm,brainfaq-mcp,official-ts,^1.25.2,error-as-result,direct,1.30.1,cmd,depsdev,1.0.2
io.github.labelgrid/labelgrid-mcp,npm,@labelgrid/mcp,official-ts,^1.12.0,error-as-result,direct,1.30.1,cmd,depsdev,0.2.1
io.github.lacausecrypto/datamuse-mcp,npm,datamuse-mcp,official-ts,^1.0.0,error-as-result,direct,1.30.1,cmd,depsdev,1.0.0
io.github.lacausecrypto/mcp-belgium,npm,mcp-belgium,official-ts,^1.29.0,error-as-result,direct,1.30.1,cmd,depsdev,1.0.4
io.github.lacausecrypto/mcp-nbb,pypi,mcp-nbb,official-py,>=1.0.0,error-as-result,direct,2.2.0,cmd,depsdev,0.1.2
io.github.lacausecrypto/mcp-new-caledonia,npm,mcp-new-caledonia,official-ts,^1.0.0,error-as-result,direct,1.30.1,cmd,depsdev,1.0.2
io.github.lacausecrypto/poetrydb,npm,mcp-poetry,official-ts,^1.17.5,error-as-result,direct,1.30.1,cmd,depsdev,1.0.1
io.github.lacausecrypto/sports-hub,npm,mcp-sports-hub,official-ts,^1.29.0,error-as-result,direct,1.30.1,cmd,depsdev,1.3.0
io.github.laf-rge/quickbooks-mcp,npm,quickbooks-mcp,official-ts,^1.0.0,warn,direct,1.30.1,cmd,depsdev,0.5.2
io.github.las7/mcp,npm,@reachpad/mcp,unknown,,error-as-result,,,cmd,no-graph,2.0.3
io.github.las7/memharness,npm,@memharness/mcp,official-ts,^1.12.0,error-as-result,direct,1.30.1,cmd,depsdev,0.1.2
io.github.laveeshb/logicapps-mcp,npm,logicapps-mcp,official-ts,^1.0.0,error-as-result,direct,1.30.1,cmd,depsdev,0.4.3
io.github.lazyants/hetzner,npm,@lazyants/hetzner-mcp-server,official-ts,^1.29.0,error-as-result,direct,1.30.1,cmd,depsdev,2.3.1
io.github.lazyants/lexware,npm,@lazyants/lexware-mcp-server,official-ts,^1.29.0,error-as-result,direct,1.30.1,cmd,depsdev,4.1.0
io.github.lazyants/transkribus,npm,@lazyants/transkribus-mcp-server,official-ts,^1.29.0,error-as-result,direct,1.30.1,cmd,depsdev,3.0.0
io.github.lazymac2x/mcpwatch,npm,mcpwatch-mcp,official-ts,^1.0.0,error-as-result,direct,1.30.1,cmd,depsdev,0.1.1
io.github.legalithm/legalithm-mcp-server,npm,legalithm-mcp-server,official-ts,^1.0.0,error-as-result,direct,1.30.1,cmd,depsdev,0.1.2
io.github.leochong/visus-mcp,npm,visus-mcp,official-ts,^1.0.4,pass,direct,1.30.1,cmd,depsdev,0.6.1
io.github.leojg/rihla,pypi,rihla-mcp,official-py,>=1.0,error-as-result,indirect,2.2.0,cmd,depsdev,0.1.0
io.github.lesofi/handinloop-mcp-server,npm,handinloop-mcp-server,official-ts,^1.6.1,error-as-result,direct,1.30.1,cmd,depsdev,0.4.0
io.github.letom1176-spec/orchard-data-mcp,npm,orchard-data-mcp,official-ts,^1.29.0,error-as-result,direct,1.30.1,cmd,depsdev,1.2.0
withheld-9f11d9e63cb5,npm,withheld-9f11d9e63cb5,official-ts,^1.0.0,fail,direct,1.30.1,cmd,depsdev,
io.github.levnikolaevich/hex-graph-mcp,npm,@levnikolaevich/hex-graph-mcp,official-ts,^1.29.0,error-as-result,direct,1.30.1,cmd,depsdev,0.21.1
io.github.levnikolaevich/hex-line-mcp,npm,@levnikolaevich/hex-line-mcp,official-ts,^1.29.0,error-as-result,direct,1.30.1,cmd,depsdev,1.31.0
io.github.levnikolaevich/hex-research-mcp,npm,@levnikolaevich/hex-research-mcp,official-ts,^1.29.0,error-as-result,direct,1.30.1,cmd,depsdev,0.2.1
io.github.levnikolaevich/hex-ssh-mcp,npm,@levnikolaevich/hex-ssh-mcp,official-ts,^1.29.0,error-as-result,direct,1.30.1,cmd,depsdev,1.9.2
io.github.lexwhiting/settlegrid-discovery,npm,@settlegrid/discovery,official-ts,^1.0.0,error-as-result,direct,1.30.1,cmd,depsdev,1.0.1
io.github.lfhillesheim/contai-mcp-server,npm,@contai-evoluke/mcp-server,official-ts,^1.0.0,error-as-result,direct,1.30.1,cmd,depsdev,0.5.1
io.github.lhf552004/cloudpulse,npm,cloudpulse-mcp,official-ts,^1.10.0,error-as-result,direct,1.30.1,cmd,depsdev,0.1.2
io.github.lightningfaucet/lightning-wallet-mcp,npm,lightning-wallet-mcp,official-ts,^1.27.0,error-as-result,direct,1.30.1,cmd,depsdev,1.5.0
io.github.lightningfaucet/mcp-server,npm,lightning-faucet-mcp,official-ts,^1.0.0,error-as-result,direct,1.30.1,cmd,depsdev,2.0.5
io.github.lihtness/gnomon-mcp,pypi,gnomon-mcp,official-py,>=1.2.0,error-as-result,direct,2.2.0,cmd,depsdev,0.1.2
io.github.likhithreddy/fittok,pypi,fittok,official-py,>=1.0.0,error-as-result,direct,2.2.0,cmd,depsdev,0.10.1
io.github.linagora/llng-mcp,npm,llng-mcp,official-ts,^1.12.1,error-as-result,direct,1.30.1,cmd,depsdev,0.1.1
io.github.lisamaraventano-spine/firstdollar,npm,firstdollar,official-ts,^1.0.0,error-as-result,direct,1.30.1,cmd,depsdev,1.0.7
io.github.lithvall/trustbench,npm,@trustbench/mcp,none-handrolled,,pass,,,cmd,depsdev-no-sdk,1.1.1
io.github.lixiaolin94/skia-studio,npm,skia-studio-mcp,official-ts,^1.29.0,error-as-result,direct,1.30.1,cmd,depsdev,0.2.1
io.github.lixiaowww/veragent,pypi,veragent-mcp,official-py,>=1.2.0,error-as-result,direct,2.2.0,cmd,depsdev,0.1.1
io.github.llmops-pro/l402-search-mcp,npm,l402-search-mcp,official-ts,^1.0.0,error-as-result,direct,1.30.1,cmd,depsdev,0.1.0
withheld-7f975c4b5a11,npm,withheld-7f975c4b5a11,official-ts,^1.0.0,fail,direct,1.30.1,cmd,depsdev,
withheld-752cb570042d,npm,withheld-752cb570042d,official-ts,^1.0.0,fail,direct,1.30.1,cmd,depsdev,
io.github.loaditoutadmin/loaditout,npm,loaditout-mcp-server,none-handrolled,,pass,,,cmd,depsdev-no-sdk,0.2.4
io.github.localgov-jp/mcp-server,npm,@localgov-jp/mcp-server,official-ts,^1.0.0,error-as-result,direct,1.30.1,cmd,depsdev,0.2.3
io.github.looptech-ai/understand-quickly,npm,@looptech-ai/understand-quickly-mcp,official-ts,^1.29.0,error-as-result,direct,1.30.1,cmd,depsdev,0.1.1
io.github.lordbasilaiassistant-sudo/base-price-oracle-mcp,npm,base-price-oracle-mcp,official-ts,^1.12.1,error-as-result,direct,1.30.1,cmd,depsdev,1.0.3
io.github.lordbasilaiassistant-sudo/base-security-scanner-mcp,npm,base-security-scanner-mcp,official-ts,^1.0.0,error-as-result,direct,1.30.1,cmd,depsdev,1.0.3
io.github.lordbasilaiassistant-sudo/base-wallet-toolkit,npm,base-wallet-toolkit-mcp,official-ts,^1.0.0,error-as-result,direct,1.30.1,cmd,depsdev,1.0.1
io.github.lordbasilaiassistant-sudo/broke2built-skills-mcp,npm,broke2built-skills-mcp,official-ts,^1.0.0,error-as-result,direct,1.30.1,cmd,depsdev,1.1.1
io.github.lordbasilaiassistant-sudo/contract-scanner,npm,@thryx/contract-scanner-mcp-server,official-ts,^1.12.0,error-as-result,direct,1.30.1,cmd,depsdev,1.0.2
io.github.lordbasilaiassistant-sudo/defi-orchestrator,npm,@thryx/defi-orchestrator-mcp-server,official-ts,^1.12.0,error-as-result,direct,1.30.1,cmd,depsdev,1.0.2
io.github.lordbasilaiassistant-sudo/gas-paymaster,npm,@thryx/gas-paymaster-mcp-server,official-ts,^1.12.0,error-as-result,direct,1.30.1,cmd,depsdev,1.0.2
io.github.lordbasilaiassistant-sudo/multi-wallet,npm,@thryx/multi-wallet-mcp-server,official-ts,^1.12.0,error-as-result,direct,1.30.1,cmd,depsdev,1.0.2
io.github.lordbasilaiassistant-sudo/thryx-portfolio,npm,@thryx/portfolio-mcp-server,official-ts,^1.29.0,error-as-result,direct,1.30.1,cmd,depsdev,1.0.0
io.github.lostnumber07/shearline,pypi,shearline,official-py,>=1.27.2,error-as-result,direct,2.2.0,cmd,depsdev,1.1.0
io.github.lsequeiraa/mcp-sidecar,npm,mcp-sidecar,none-handrolled,,pass,,,cmd,depsdev-no-sdk,0.3.2
io.github.lu-zhengda/mcp-python-exec-sandbox,pypi,mcp-python-exec-sandbox,fastmcp-py,"<3,>=2.0",error-as-result,direct,2.14.7,cmd,depsdev,0.1.5
io.github.luarss/openroad-mcp,pypi,openroad-mcp,fastmcp-py,==3.2.0,error-as-result,direct,3.2.0,cmd,depsdev,0.5.3
io.github.lucatrevisanii/colpero-mcp,npm,@colpero/mcp,official-ts,^1.29.0,error-as-result,direct,1.30.1,cmd,depsdev,0.0.2
io.github.luckyjackluo/cairn,pypi,cairn-mcp-server,official-py,>=1.6.0,error-as-result,direct,2.2.0,cmd,depsdev,0.2.0
io.github.luke-fairbanks/broll,npm,broll-mcp,official-ts,^1.29.0,error-as-result,direct,1.30.1,cmd,depsdev,0.1.1
io.github.lukisch/bach-codecommander-mcp,npm,bach-codecommander-mcp,official-ts,^1.0.0,error-as-result,direct,1.30.1,cmd,depsdev,1.3.0
io.github.lukisch/bach-filecommander-mcp,npm,bach-filecommander-mcp,official-ts,^1.0.0,error-as-result,direct,1.30.1,cmd,depsdev,1.7.0
io.github.lukisch/n8n-manager-mcp,npm,n8n-manager-mcp,official-ts,^1.0.0,error-as-result,direct,1.30.1,cmd,depsdev,0.1.0
io.github.lulzasaur9192/agent-arcade-mcp,npm,@lulzasaur9192/agent-arcade-mcp,official-ts,^1.0.0,error-as-result,direct,1.30.1,cmd,depsdev,1.0.1
io.github.lulzasaur9192/agent-infra-mcp,npm,@lulzasaur9192/agent-infra-mcp,official-ts,^1.12.1,error-as-result,direct,1.30.1,cmd,depsdev,1.0.0
io.github.lulzasaur9192/marketplace-search,npm,@lulzasaur9192/marketplace-search-mcp,official-ts,^1.12.1,error-as-result,direct,1.30.1,cmd,depsdev,2.0.0
io.github.luongnv89/mitre-mcp,pypi,mitre-mcp,fastmcp-py,>=2.0.0,error-as-result,direct,4.0.9,cmd,depsdev,0.3.1
io.github.lusiem/code-atlas,npm,@lusiem/code-atlas,official-ts,^1.29.0,error-as-result,direct,1.30.1,cmd,depsdev,0.3.0
io.github.luzomi/grandline-mcp,pypi,grandline-mcp,unknown,,error-as-result,,,cmd,no-graph,0.2.2
io.github.lxchst/weather-server-python,pypi,chst-weather,official-py,>=1.21.0,error-as-result,direct,2.2.0,cmd,depsdev,0.1.1
io.github.lzx3in/mcp-aliyun-domain,npm,mcp-aliyun-domain,official-ts,^1.12.1,error-as-result,direct,1.30.1,cmd,depsdev,0.1.8
io.github.m-dev-tools/m-dev-tools-mcp,pypi,m-dev-tools-mcp,official-py,"<2,>=1.2",error-as-result,direct,1.30.0,cmd,depsdev,0.2.4
io.github.m2ai-mcp-servers/mcp-christensen,npm,mcp-christensen,official-ts,^1.0.0,error-as-result,direct,1.30.1,cmd,depsdev,0.1.1
io.github.m2ai-mcp-servers/mcp-ratchet-clinical-charting,npm,mcp-ratchet-clinical-charting,official-ts,^1.0.0,error-as-result,direct,1.30.1,cmd,depsdev,0.1.0
io.github.madeinphantom/obscuraai-mcp-server,npm,@obscuraai/mcp-server,official-ts,^1.0.0,error-as-result,direct,1.30.1,cmd,depsdev,1.0.5
withheld-1dfee67d36c9,npm,withheld-1dfee67d36c9,official-ts,^1.25.2,error-as-result,direct,1.30.1,cmd,depsdev,
io.github.mafaq229/pbirb-mcp,pypi,pbirb-mcp,none-handrolled,,pass,,,cmd,depsdev-no-sdk,0.4.1
io.github.magpiecapital/magpie-mcp,npm,@magpieloans/magpie-mcp,official-ts,^1.29.0,error-as-result,direct,1.30.1,cmd,depsdev,0.1.1
io.github.mako202605/china-travel-mcp,pypi,china-travel-mcp,fastmcp-py,>=2.0.0,error-as-result,direct,4.0.9,cmd,depsdev,1.0.1
io.github.makririch/buchpilot,npm,buchpilot-mcp,official-ts,^1.0.0,error-as-result,direct,1.30.1,cmd,depsdev,0.1.2
io.github.makririch/einvoice,npm,einvoice-mcp,official-ts,^1.0.0,error-as-result,direct,1.30.1,cmd,depsdev,0.1.3
io.github.malamutemayhem/abn,npm,@unclick/abn-mcp,official-ts,^1.15.1,error-as-result,direct,1.30.1,cmd,depsdev,0.1.0
io.github.malamutemayhem/amber,npm,@unclick/amber-mcp,official-ts,^1.15.1,error-as-result,direct,1.30.1,cmd,depsdev,0.1.0
io.github.malamutemayhem/australiapost,npm,@unclick/australiapost-mcp,official-ts,^1.15.1,error-as-result,direct,1.30.1,cmd,depsdev,0.1.0
io.github.malamutemayhem/bgg,npm,@unclick/bgg-mcp,official-ts,^1.15.1,error-as-result,direct,1.30.1,cmd,depsdev,0.1.0
io.github.malamutemayhem/chessdotcom,npm,@unclick/chessdotcom-mcp,official-ts,^1.15.1,error-as-result,direct,1.30.1,cmd,depsdev,0.1.0
io.github.malamutemayhem/coingecko,npm,@unclick/coingecko-mcp,official-ts,^1.15.1,error-as-result,direct,1.30.1,cmd,depsdev,0.1.0
io.github.malamutemayhem/deezer,npm,@unclick/deezer-mcp,official-ts,^1.15.1,error-as-result,direct,1.30.1,cmd,depsdev,0.1.0
io.github.malamutemayhem/domain,npm,@unclick/domain-mcp,official-ts,^1.15.1,error-as-result,direct,1.30.1,cmd,depsdev,0.1.0
io.github.malamutemayhem/espn,npm,@unclick/espn-mcp,official-ts,^1.15.1,error-as-result,direct,1.30.1,cmd,depsdev,0.1.0
io.github.malamutemayhem/exchangerate,npm,@unclick/exchangerate-mcp,official-ts,^1.15.1,error-as-result,direct,1.30.1,cmd,depsdev,0.1.0
io.github.malamutemayhem/fpl,npm,@unclick/fpl-mcp,official-ts,^1.15.1,error-as-result,direct,1.30.1,cmd,depsdev,0.1.0
io.github.malamutemayhem/gdelt,npm,@unclick/gdelt-mcp,official-ts,^1.15.1,error-as-result,direct,1.30.1,cmd,depsdev,0.1.0
io.github.malamutemayhem/genius,npm,@unclick/genius-mcp,official-ts,^1.15.1,error-as-result,direct,1.30.1,cmd,depsdev,0.1.0
io.github.malamutemayhem/hackernews,npm,@unclick/hackernews-mcp,official-ts,^1.15.1,error-as-result,direct,1.30.1,cmd,depsdev,0.1.0
io.github.malamutemayhem/igdb,npm,@unclick/igdb-mcp,official-ts,^1.15.1,error-as-result,direct,1.30.1,cmd,depsdev,0.1.0
io.github.malamutemayhem/ipapi,npm,@unclick/ipapi-mcp,official-ts,^1.15.1,error-as-result,direct,1.30.1,cmd,depsdev,0.1.0
io.github.malamutemayhem/ipaustralia,npm,@unclick/ipaustralia-mcp,official-ts,^1.15.1,error-as-result,direct,1.30.1,cmd,depsdev,0.1.0
io.github.malamutemayhem/lastfm,npm,@unclick/lastfm-mcp,official-ts,^1.15.1,error-as-result,direct,1.30.1,cmd,depsdev,0.1.0
io.github.malamutemayhem/lichess,npm,@unclick/lichess-mcp,official-ts,^1.15.1,error-as-result,direct,1.30.1,cmd,depsdev,0.1.0
io.github.malamutemayhem/meal,npm,@unclick/meal-mcp,official-ts,^1.15.1,error-as-result,direct,1.30.1,cmd,depsdev,0.1.0
io.github.malamutemayhem/musicbrainz,npm,@unclick/musicbrainz-mcp,official-ts,^1.15.1,error-as-result,direct,1.30.1,cmd,depsdev,0.1.0
io.github.malamutemayhem/nasa,npm,@unclick/nasa-mcp,official-ts,^1.15.1,error-as-result,direct,1.30.1,cmd,depsdev,0.1.0
io.github.malamutemayhem/omdb,npm,@unclick/omdb-mcp,official-ts,^1.15.1,error-as-result,direct,1.30.1,cmd,depsdev,0.1.0
io.github.malamutemayhem/openaq,npm,@unclick/openaq-mcp,official-ts,^1.15.1,error-as-result,direct,1.30.1,cmd,depsdev,0.1.0
io.github.malamutemayhem/openf1,npm,@unclick/openf1-mcp,official-ts,^1.15.1,error-as-result,direct,1.30.1,cmd,depsdev,0.1.0
io.github.malamutemayhem/openfoodfacts,npm,@unclick/openfoodfacts-mcp,official-ts,^1.15.1,error-as-result,direct,1.30.1,cmd,depsdev,0.1.0
io.github.malamutemayhem/openlibrary,npm,@unclick/openlibrary-mcp,official-ts,^1.15.1,error-as-result,direct,1.30.1,cmd,depsdev,0.1.0
io.github.malamutemayhem/openmeteo,npm,@unclick/openmeteo-mcp,official-ts,^1.15.1,error-as-result,direct,1.30.1,cmd,depsdev,0.1.0
io.github.malamutemayhem/ptv,npm,@unclick/ptv-mcp,official-ts,^1.15.1,error-as-result,direct,1.30.1,cmd,depsdev,0.1.0
io.github.malamutemayhem/radiobrowser,npm,@unclick/radiobrowser-mcp,official-ts,^1.15.1,error-as-result,direct,1.30.1,cmd,depsdev,0.1.0
io.github.malamutemayhem/rawg,npm,@unclick/rawg-mcp,official-ts,^1.15.1,error-as-result,direct,1.30.1,cmd,depsdev,0.1.0
io.github.malamutemayhem/reddit,npm,@unclick/reddit-mcp,official-ts,^1.15.1,error-as-result,direct,1.30.1,cmd,depsdev,0.1.0
io.github.malamutemayhem/restcountries,npm,@unclick/restcountries-mcp,official-ts,^1.15.1,error-as-result,direct,1.30.1,cmd,depsdev,0.1.0
io.github.malamutemayhem/sendle,npm,@unclick/sendle-mcp,official-ts,^1.15.1,error-as-result,direct,1.30.1,cmd,depsdev,0.1.0
io.github.malamutemayhem/sleeper,npm,@unclick/sleeper-mcp,official-ts,^1.15.1,error-as-result,direct,1.30.1,cmd,depsdev,0.1.0
io.github.malamutemayhem/speedrun,npm,@unclick/speedrun-mcp,official-ts,^1.15.1,error-as-result,direct,1.30.1,cmd,depsdev,0.1.0
io.github.malamutemayhem/spotify,npm,@unclick/spotify-mcp,official-ts,^1.15.1,error-as-result,direct,1.30.1,cmd,depsdev,0.1.0
io.github.malamutemayhem/thelott,npm,@unclick/thelott-mcp,official-ts,^1.15.1,error-as-result,direct,1.30.1,cmd,depsdev,0.1.0
io.github.malamutemayhem/tmdb,npm,@unclick/tmdb-mcp,official-ts,^1.15.1,error-as-result,direct,1.30.1,cmd,depsdev,0.1.0
io.github.malamutemayhem/trivia,npm,@unclick/trivia-mcp,official-ts,^1.15.1,error-as-result,direct,1.30.1,cmd,depsdev,0.1.0
io.github.malamutemayhem/untappd,npm,@unclick/untappd-mcp,official-ts,^1.15.1,error-as-result,direct,1.30.1,cmd,depsdev,0.1.0
io.github.malamutemayhem/usgs,npm,@unclick/usgs-mcp,official-ts,^1.15.1,error-as-result,direct,1.30.1,cmd,depsdev,0.1.0
io.github.malamutemayhem/willyweather,npm,@unclick/willyweather-mcp,official-ts,^1.15.1,error-as-result,direct,1.30.1,cmd,depsdev,0.1.0
io.github.malamutemayhem/youtube,npm,@unclick/youtube-mcp,official-ts,^1.15.1,error-as-result,direct,1.30.1,cmd,depsdev,0.1.0
io.github.malkreide/bag-epl-mcp,pypi,bag-epl-mcp,official-py,>=1.27.2,error-as-result,direct,2.2.0,cmd,depsdev,1.0.1
io.github.malkreide/bag-health-mcp,pypi,bag-health-mcp,official-py,"<2,>=1.27.0",error-as-result,direct,1.30.0,cmd,depsdev,0.2.3
io.github.malkreide/bakom-mcp,pypi,bakom-mcp,official-py,"<2.0,>=1.10.0",error-as-result,direct,1.30.0,cmd,depsdev,2.0.3
io.github.malkreide/eth-library-mcp,pypi,eth-library-mcp,official-py,"<2.0.0,>=1.0.0",error-as-result,direct,1.30.0,cmd,depsdev,0.3.3
io.github.malkreide/fedlex-mcp,pypi,fedlex-mcp,official-py,>=1.3.0,error-as-result,direct,2.2.0,cmd,depsdev,1.0.3
io.github.malkreide/global-education-mcp,pypi,global-education-mcp,official-py,"<2.0.0,>=1.0.0",error-as-result,direct,1.30.0,cmd,depsdev,0.3.3
io.github.malkreide/hn-tech-signal-mcp,pypi,hn-tech-signal-mcp,official-py,>=1.2.0,error-as-result,direct,2.2.0,cmd,depsdev,0.2.4
io.github.malkreide/lobbywatch-mcp,pypi,lobbywatch-mcp,official-py,"<2.0.0,>=1.2.0",error-as-result,direct,1.30.0,cmd,depsdev,0.3.4
io.github.malkreide/meteoswiss-mcp,pypi,meteoswiss-mcp,official-py,>=1.0.0,error-as-result,direct,2.2.0,cmd,depsdev,0.3.3
io.github.malkreide/news-monitor-mcp,pypi,news-monitor-mcp,official-py,>=1.0.0,error-as-result,direct,2.2.0,cmd,depsdev,0.3.3
io.github.malkreide/openlex-mcp,pypi,openlex-mcp,official-py,>=1.3.0,error-as-result,direct,2.2.0,cmd,depsdev,0.2.3
io.github.malkreide/parlament-mcp,pypi,parlament-mcp,official-py,>=1.0.0,error-as-result,direct,2.2.0,cmd,depsdev,0.3.3
io.github.malkreide/register-mcp,pypi,register-mcp,official-py,>=1.0.0,error-as-result,direct,2.2.0,cmd,depsdev,0.2.3
io.github.malkreide/sbb-opendata-mcp,pypi,sbb-opendata-mcp,official-py,"<2,>=1.6.0",error-as-result,direct,1.30.0,cmd,depsdev,0.3.3
io.github.malkreide/seco-labor-mcp,pypi,seco-labor-mcp,fastmcp-py,>=1.0.0,error-as-result,direct,4.0.9,cmd,depsdev,0.3.3
io.github.malkreide/srgssr-mcp,pypi,srgssr-mcp,fastmcp-py,>=2.0.0,error-as-result,direct,4.0.9,cmd,depsdev,1.0.3
io.github.malkreide/swiss-academic-libraries-mcp,pypi,swiss-academic-libraries-mcp,official-py,>=1.6.0,error-as-result,direct,2.2.0,cmd,depsdev,1.0.5
io.github.malkreide/swiss-courts-mcp,pypi,swiss-courts-mcp,official-py,>=1.27.2,error-as-result,direct,2.2.0,cmd,depsdev,0.2.3
io.github.malkreide/swiss-cultural-heritage-mcp,pypi,swiss-cultural-heritage-mcp,official-py,"<2.0.0,>=1.0.0",error-as-result,direct,1.30.0,cmd,depsdev,0.3.3
io.github.malkreide/swiss-culture-mcp,pypi,swiss-culture-mcp,official-py,>=1.3.0,error-as-result,direct,2.2.0,cmd,depsdev,1.1.3
io.github.malkreide/swiss-democracy-mcp,pypi,swiss-democracy-mcp,official-py,>=1.6.0,error-as-result,direct,2.2.0,cmd,depsdev,0.2.3
io.github.malkreide/swiss-electricity-mcp,pypi,swiss-electricity-mcp,official-py,"<2.0.0,>=1.2.0",error-as-result,direct,1.30.0,cmd,depsdev,0.2.3
io.github.malkreide/swiss-energy-mcp,pypi,swiss-energy-mcp,official-py,>=1.20.0,error-as-result,direct,2.2.0,cmd,depsdev,0.3.3
io.github.malkreide/swiss-environment-mcp,pypi,swiss-environment-mcp,official-py,"<2,>=1.27",error-as-result,direct,1.30.0,cmd,depsdev,0.2.3
io.github.malkreide/swiss-food-safety-mcp,pypi,swiss-food-safety-mcp,fastmcp-py,"<4.0.0,>=3.0.0",error-as-result,direct,3.4.7,cmd,depsdev,1.1.3
io.github.malkreide/swiss-road-mobility-mcp,pypi,swiss-road-mobility-mcp,official-py,"<2.0.0,>=1.27.2",error-as-result,direct,1.30.0,cmd,depsdev,0.5.3
io.github.malkreide/swiss-statistics-mcp,pypi,swiss-statistics-mcp,unknown,,error-as-result,,,cmd,no-graph,0.2.3
io.github.malkreide/swiss-transport-mcp,pypi,swiss-transport-mcp,official-py,"<2.0.0,>=1.0.0",error-as-result,direct,1.30.0,cmd,depsdev,0.3.3
io.github.malkreide/swisstopo-mcp,pypi,swisstopo-mcp,official-py,"<2.0.0,>=1.0.0",error-as-result,direct,1.30.0,cmd,depsdev,0.1.3
io.github.malkreide/wsl-envidat-mcp,pypi,wsl-envidat-mcp,official-py,"<2.0.0,>=1.3.0",error-as-result,direct,1.30.0,cmd,depsdev,0.2.3
io.github.malkreide/zh-education-mcp,pypi,zh-education-mcp,official-py,>=1.0.0,error-as-result,direct,2.2.0,cmd,depsdev,0.2.3
io.github.malkreide/zurich-opendata-mcp,pypi,zurich-opendata-mcp,official-py,>=1.27.1,error-as-result,direct,2.2.0,cmd,depsdev,0.3.3
io.github.mananmodi-product/caelian,npm,caelian-mcp,official-ts,^1.10.2,error-as-result,direct,1.30.1,cmd,depsdev,0.1.0
io.github.mansurjisan/adcirc-mcp,pypi,adcirc-mcp,official-py,>=1.0.0,error-as-result,direct,2.2.0,cmd,depsdev,0.1.1
io.github.mansurjisan/coops-mcp,pypi,coops-mcp,official-py,>=1.0.0,error-as-result,direct,2.2.0,cmd,depsdev,0.1.0
io.github.mansurjisan/erddap-mcp,pypi,erddap-mcp,official-py,>=1.0.0,error-as-result,direct,2.2.0,cmd,depsdev,0.1.0
io.github.mansurjisan/goes-mcp,pypi,goes-mcp,official-py,>=1.0.0,error-as-result,direct,2.2.0,cmd,depsdev,0.1.2
io.github.mansurjisan/nhc-mcp,pypi,nhc-mcp,official-py,>=1.0.0,error-as-result,direct,2.2.0,cmd,depsdev,0.1.0
io.github.mansurjisan/ofs-mcp,pypi,ofs-mcp,official-py,>=1.0.0,error-as-result,direct,2.2.0,cmd,depsdev,0.1.0
io.github.mansurjisan/recon-mcp,pypi,recon-mcp,official-py,>=1.0.0,error-as-result,direct,2.2.0,cmd,depsdev,0.1.1
io.github.mansurjisan/schism-mcp,pypi,schism-mcp,official-py,>=1.0.0,error-as-result,direct,2.2.0,cmd,depsdev,0.1.0
io.github.mansurjisan/stofs-mcp,pypi,stofs-mcp,official-py,>=1.0.0,error-as-result,direct,2.2.0,cmd,depsdev,0.1.0
io.github.mansurjisan/usgs-mcp,pypi,usgs-mcp,official-py,>=1.0.0,error-as-result,direct,2.2.0,cmd,depsdev,0.1.0
io.github.mansurjisan/ww3-mcp,pypi,ww3-mcp,official-py,>=1.0.0,error-as-result,direct,2.2.0,cmd,depsdev,0.1.1
io.github.manticoresoftware/mcp-manticore,pypi,mcp-manticore,fastmcp-py,>=2.0.0,error-as-result,direct,4.0.9,cmd,depsdev,0.1.2
io.github.mapbox/mcp-docs-server,npm,@mapbox/mcp-docs-server,official-ts,^1.29.0,error-as-result,direct,1.30.1,cmd,depsdev,0.3.1
io.github.maraventano/map,npm,@maraventano/map,official-ts,^1.0.0,error-as-result,direct,1.30.1,cmd,depsdev,1.0.2
withheld-4f0e0e4e6599,pypi,withheld-4f0e0e4e6599,official-py,>=1.9.0,fail,direct,2.2.0,cmd,depsdev,
io.github.marcelo-ochoa/mikrotik,npm,@marcelo-ochoa/server-mikrotik,official-ts,^1.24.2,error-as-result,direct,1.30.1,cmd,depsdev,1.0.6
io.github.marcelo-ochoa/mysql,npm,@marcelo-ochoa/server-mysql,official-ts,^1.24.2,error-as-result,direct,1.30.1,cmd,depsdev,1.0.7
io.github.marcelo-ochoa/oracle,npm,@marcelo-ochoa/server-oracle,official-ts,^1.24.2,error-as-result,direct,1.30.1,cmd,depsdev,1.0.7
io.github.marcelo-ochoa/postgres,npm,@marcelo-ochoa/server-postgres,official-ts,^1.24.2,error-as-result,direct,1.30.1,cmd,depsdev,1.0.8
io.github.marcelo-ochoa/qnap,npm,@marcelo-ochoa/server-qnap,official-ts,^1.24.2,error-as-result,direct,1.30.1,cmd,depsdev,1.0.8
io.github.marcosnovo/lexvibe,npm,@lexvibe/mcp,official-ts,^1.13.0,error-as-result,direct,1.30.1,cmd,depsdev,0.1.6
io.github.marekrost/mcp-server-spreadsheet,pypi,mcp-server-spreadsheet,official-py,>=1.0.0,error-as-result,direct,2.2.0,cmd,depsdev,0.3.1
io.github.marerem/longmem,pypi,longmem,fastmcp-py,"<4,>=3.2.4",error-as-result,direct,3.4.7,cmd,depsdev,0.2.1
io.github.marian-kamenistak/elc-conference-mcp-tickets,npm,elc-conference-mcp-tickets,official-ts,^1.12.0,error-as-result,direct,1.30.1,cmd,depsdev,0.1.1
io.github.marin1321/mcp-devtools,npm,@oscarmarin/mcp-devtools,official-ts,^1.29.0,error-as-result,direct,1.30.1,cmd,depsdev,1.0.1
io.github.mario-andreschak/mcp-whatsapp-web,npm,mcp-whatsapp-web,official-ts,^1.29.0,error-as-result,direct,1.30.1,cmd,depsdev,1.1.0
io.github.marketinglior-pixel/agentbill-mcp,pypi,agentbill-mcp,official-py,>=1.0.0,error-as-result,direct,2.2.0,cmd,depsdev,0.1.1
io.github.markswendsen-code/chipotle,npm,@striderlabs/mcp-chipotle,official-ts,^1.0.0,error-as-result,direct,1.30.1,cmd,depsdev,0.1.0
io.github.markswendsen-code/crunchyroll,npm,@striderlabs/mcp-crunchyroll,official-ts,^1.0.0,pass,direct,1.30.1,cmd,depsdev,0.1.1
io.github.markswendsen-code/delta,npm,@striderlabs/mcp-delta,official-ts,^1.0.0,error-as-result,direct,1.30.1,cmd,depsdev,0.1.0
io.github.markswendsen-code/kroger,npm,@striderlabs/mcp-kroger,official-ts,^1.0.0,error-as-result,direct,1.30.1,cmd,depsdev,0.1.0
io.github.markswendsen-code/panera,npm,@striderlabs/mcp-panera,official-ts,^1.0.0,error-as-result,direct,1.30.1,cmd,depsdev,0.1.0
io.github.markswendsen-code/southwest,npm,@striderlabs/mcp-southwest,official-ts,^1.0.0,error-as-result,direct,1.30.1,cmd,depsdev,0.1.0
io.github.markswendsen-code/spotify,npm,@striderlabs/mcp-spotify,official-ts,^1.0.0,error-as-result,direct,1.30.1,cmd,depsdev,0.1.0
io.github.markswendsen-code/tacobell,npm,@striderlabs/mcp-tacobell,official-ts,^1.0.0,error-as-result,direct,1.30.1,cmd,depsdev,0.1.0
io.github.markswendsen-code/target,npm,@striderlabs/mcp-target,official-ts,^1.27.1,error-as-result,direct,1.30.1,cmd,depsdev,0.1.2
io.github.markswendsen-code/taskrabbit,npm,@striderlabs/mcp-taskrabbit,official-ts,^1.0.0,error-as-result,direct,1.30.1,cmd,depsdev,0.1.0
io.github.markswendsen-code/ubereats,npm,@striderlabs/mcp-ubereats,official-ts,^1.0.0,error-as-result,direct,1.30.1,cmd,depsdev,0.1.0
io.github.markswendsen-code/walmart,npm,@striderlabs/mcp-walmart,official-ts,^1.27.1,error-as-result,direct,1.30.1,cmd,depsdev,0.1.1
io.github.markswendsen-code/yelp,npm,@striderlabs/mcp-yelp,official-ts,^1.0.0,error-as-result,direct,1.30.1,cmd,depsdev,0.1.0
io.github.marlenezw/publish-mcp-server,pypi,publish-mcp-server,fastmcp-py,>=0.1.0,error-as-result,direct,4.0.9,cmd,depsdev,0.1.3
io.github.marlinjai/email-mcp,npm,@marlinjai/email-mcp,official-ts,^1.26.0,error-as-result,direct,1.30.1,cmd,depsdev,1.2.3
io.github.marshally/mcp-refactoring,pypi,mcp-refactoring,official-py,>=1.0.0,error-as-result,direct,2.2.0,cmd,depsdev,0.1.2
io.github.martinfrasch/researchtwin,pypi,mcp-server-researchtwin,official-py,>=1.9.0,error-as-result,direct,2.2.0,cmd,depsdev,0.1.1
io.github.martingeidobler/android,npm,android-mcp-server,official-ts,^1.12.1,error-as-result,direct,1.30.1,cmd,depsdev,1.2.1
io.github.mashware/domain-memory,npm,@mashware/domain-memory-server,official-ts,^1.0.0,error-as-result,direct,1.30.1,cmd,depsdev,0.2.4
io.github.mastrophot/contract-security-scanner,npm,mcp-contract-security,official-ts,^1.12.1,error-as-result,direct,1.30.1,cmd,depsdev,0.1.1
io.github.mastrophot/near-wallet-manager,npm,mcp-near-wallet-manager,official-ts,^1.27.1,error-as-result,direct,1.30.1,cmd,depsdev,0.1.1
withheld-59b1a2c5e516,npm,withheld-59b1a2c5e516,official-ts,^1.25.2,fail,direct,1.30.1,cmd,depsdev,
io.github.matematicsolutions/at-eli-mcp,pypi,at-eli-mcp,fastmcp-py,>=0.2.0,error-as-result,direct,4.0.9,cmd,depsdev,0.3.1
io.github.matematicsolutions/au-eli-mcp,pypi,au-eli-mcp,fastmcp-py,>=0.2.0,error-as-result,direct,4.0.9,cmd,depsdev,0.2.1
io.github.matematicsolutions/be-eli-mcp,pypi,be-eli-mcp,fastmcp-py,>=0.2.0,error-as-result,direct,4.0.9,cmd,depsdev,0.1.1
io.github.matematicsolutions/boutique-mcp,pypi,boutique-mcp,fastmcp-py,>=3.4,error-as-result,direct,4.0.9,cmd,depsdev,0.1.1
io.github.matematicsolutions/br-eli-mcp,pypi,br-eli-mcp,fastmcp-py,>=0.2.0,error-as-result,direct,4.0.9,cmd,depsdev,0.7.1
io.github.matematicsolutions/ca-eli-mcp,pypi,ca-eli-mcp,fastmcp-py,>=0.2.0,error-as-result,direct,4.0.9,cmd,depsdev,0.2.1
io.github.matematicsolutions/ch-eli-mcp,pypi,ch-eli-mcp,fastmcp-py,>=0.2.0,error-as-result,direct,4.0.9,cmd,depsdev,0.2.1
io.github.matematicsolutions/cl-eli-mcp,pypi,cl-eli-mcp,fastmcp-py,>=0.2.0,error-as-result,direct,4.0.9,cmd,depsdev,0.2.1
io.github.matematicsolutions/co-eli-mcp,pypi,co-eli-mcp,fastmcp-py,>=0.2.0,error-as-result,direct,4.0.9,cmd,depsdev,0.2.1
io.github.matematicsolutions/cz-eli-mcp,pypi,cz-eli-mcp,fastmcp-py,>=0.2.0,error-as-result,direct,4.0.9,cmd,depsdev,0.1.2
io.github.matematicsolutions/de-eli-mcp,pypi,de-eli-mcp,fastmcp-py,>=0.2.0,error-as-result,direct,4.0.9,cmd,depsdev,0.4.3
io.github.matematicsolutions/dk-eli-mcp,pypi,dk-eli-mcp,fastmcp-py,>=0.2.0,error-as-result,direct,4.0.9,cmd,depsdev,0.2.1
io.github.matematicsolutions/es-eli-mcp,pypi,es-eli-mcp,fastmcp-py,>=0.2.0,error-as-result,direct,4.0.9,cmd,depsdev,0.4.1
io.github.matematicsolutions/fi-eli-mcp,pypi,fi-eli-mcp,fastmcp-py,>=0.2.0,error-as-result,direct,4.0.9,cmd,depsdev,0.2.1
io.github.matematicsolutions/fr-eli-mcp,pypi,fr-eli-mcp,fastmcp-py,>=0.2.0,error-as-result,direct,4.0.9,cmd,depsdev,0.4.1
io.github.matematicsolutions/gb-eli-mcp,pypi,gb-eli-mcp,fastmcp-py,>=0.2.0,error-as-result,direct,4.0.9,cmd,depsdev,0.4.2
io.github.matematicsolutions/hr-eli-mcp,pypi,hr-eli-mcp,fastmcp-py,>=0.2.0,error-as-result,direct,4.0.9,cmd,depsdev,0.2.1
io.github.matematicsolutions/hu-eli-mcp,pypi,hu-eli-mcp,fastmcp-py,>=0.2.0,error-as-result,direct,4.0.9,cmd,depsdev,0.2.1
io.github.matematicsolutions/ie-eli-mcp,pypi,ie-eli-mcp,fastmcp-py,>=0.2.0,error-as-result,direct,4.0.9,cmd,depsdev,0.2.1
io.github.matematicsolutions/il-eli-mcp,pypi,il-eli-mcp,fastmcp-py,>=0.2.0,error-as-result,direct,4.0.9,cmd,depsdev,0.4.1
io.github.matematicsolutions/it-eli-mcp,pypi,italy-eli-mcp,fastmcp-py,>=3.4,error-as-result,direct,4.0.9,cmd,depsdev,0.6.1
io.github.matematicsolutions/jp-eli-mcp,pypi,jp-eli-mcp,fastmcp-py,>=0.2.0,error-as-result,direct,4.0.9,cmd,depsdev,0.2.1
io.github.matematicsolutions/kio-orzeczenia-mcp,pypi,kio-orzeczenia-mcp,fastmcp-py,>=0.2.0,error-as-result,direct,4.0.9,cmd,depsdev,0.2.2
io.github.matematicsolutions/legalize-mcp,pypi,legalize-mcp,fastmcp-py,>=0.2.0,error-as-result,direct,4.0.9,cmd,depsdev,0.1.2
io.github.matematicsolutions/lt-eli-mcp,pypi,lt-eli-mcp,fastmcp-py,>=0.2.0,error-as-result,direct,4.0.9,cmd,depsdev,0.2.1
io.github.matematicsolutions/lu-eli-mcp,pypi,lu-eli-mcp,fastmcp-py,>=0.2.0,error-as-result,direct,4.0.9,cmd,depsdev,0.2.1
io.github.matematicsolutions/mcp-eu-compliance,npm,@matematicsolutions/mcp-eu-compliance,official-ts,^1.12.0,error-as-result,direct,1.30.1,cmd,depsdev,0.3.0
io.github.matematicsolutions/mcp-eu-sparql,npm,@matematicsolutions/mcp-eu-sparql,official-ts,^1.12.0,error-as-result,direct,1.30.1,cmd,depsdev,1.2.0
io.github.matematicsolutions/mcp-eureka,npm,@matematicsolutions/mcp-eureka,official-ts,^1.12.0,error-as-result,direct,1.30.1,cmd,depsdev,0.1.0
io.github.matematicsolutions/mcp-isap,npm,@matematicsolutions/mcp-isap,official-ts,^1.12.0,error-as-result,direct,1.30.1,cmd,depsdev,1.1.1
io.github.matematicsolutions/mcp-krs,npm,@matematicsolutions/mcp-krs,official-ts,^1.12.0,error-as-result,direct,1.30.1,cmd,depsdev,1.1.1
io.github.matematicsolutions/mcp-nsa,npm,@matematicsolutions/mcp-nsa,official-ts,^1.12.0,error-as-result,direct,1.30.1,cmd,depsdev,1.2.0
io.github.matematicsolutions/mcp-saos,npm,@matematicsolutions/mcp-saos,official-ts,^1.12.0,error-as-result,direct,1.30.1,cmd,depsdev,1.2.0
io.github.matematicsolutions/mt-eli-mcp,pypi,mt-eli-mcp,fastmcp-py,>=0.2.0,error-as-result,direct,4.0.9,cmd,depsdev,0.2.1
io.github.matematicsolutions/my-eli-mcp,pypi,my-eli-mcp,fastmcp-py,>=0.2.0,error-as-result,direct,4.0.9,cmd,depsdev,0.2.1
io.github.matematicsolutions/nl-eli-mcp,pypi,nl-eli-mcp,fastmcp-py,>=0.2.0,error-as-result,direct,4.0.9,cmd,depsdev,0.3.1
io.github.matematicsolutions/pk-eli-mcp,pypi,pk-eli-mcp,fastmcp-py,>=3.4,error-as-result,direct,4.0.9,cmd,depsdev,0.3.2
io.github.matematicsolutions/ro-eli-mcp,pypi,ro-eli-mcp,fastmcp-py,>=0.2.0,error-as-result,direct,4.0.9,cmd,depsdev,0.1.2
io.github.matematicsolutions/se-eli-mcp,pypi,se-eli-mcp,fastmcp-py,>=0.2.0,error-as-result,direct,4.0.9,cmd,depsdev,0.2.1
io.github.matematicsolutions/sg-eli-mcp,pypi,sg-eli-mcp,fastmcp-py,>=0.2.0,error-as-result,direct,4.0.9,cmd,depsdev,0.2.1
io.github.matematicsolutions/sk-eli-mcp,pypi,sk-eli-mcp,fastmcp-py,>=0.2.0,error-as-result,direct,4.0.9,cmd,depsdev,0.2.1
io.github.matematicsolutions/tr-eli-mcp,pypi,tr-eli-mcp,fastmcp-py,>=0.2.0,error-as-result,direct,4.0.9,cmd,depsdev,0.2.1
io.github.matematicsolutions/us-eli-mcp,pypi,us-eli-mcp,fastmcp-py,>=0.2.0,error-as-result,direct,4.0.9,cmd,depsdev,0.4.1
io.github.matetools/mcp-server,npm,@mate-tools/mcp-server,none-handrolled,,pass,,,cmd,depsdev-no-sdk,1.5.0
io.github.mattgierhart/espresso-mcp,npm,espresso-mcp,official-ts,^1.29.0,error-as-result,direct,1.30.1,cmd,depsdev,0.2.0
io.github.matthewalexong/neo-vision,npm,neo-vision,official-ts,^1.12.0,error-as-result,direct,1.30.1,cmd,depsdev,0.2.2
io.github.matthewdtowles/iwantmymtg-mcp,npm,iwantmymtg-mcp,official-ts,^1.0.0,error-as-result,direct,1.30.1,cmd,depsdev,0.6.7
io.github.mattmohandiss/cad-mcp-server,npm,cad-mcp-server,none-handrolled,,pass,,,cmd,depsdev-no-sdk,0.6.1
io.github.maxaeo/maxaeo-ai-visibility-mcp,npm,maxaeo-ai-visibility-mcp,official-ts,^1.29.0,error-as-result,direct,1.30.1,cmd,depsdev,0.3.2
io.github.maxfain/basedagents,npm,@basedagents/mcp,official-ts,^1.27.1,error-as-result,direct,1.30.1,cmd,depsdev,0.3.1
withheld-aff16a208eba,npm,withheld-aff16a208eba,official-ts,^1.26.0,fail,direct,1.30.1,cmd,depsdev,
io.github.maxtechera/hushdrop,npm,hushdrop-mcp,official-ts,^1.0.0,error-as-result,direct,1.30.1,cmd,depsdev,0.3.3
withheld-e61143bd1123,pypi,withheld-e61143bd1123,none-handrolled,,pass,,,cmd,depsdev-no-sdk,
io.github.mazemax/mindvalley-products-mcp,npm,mindvalley-products-mcp,xmcp-ts,0.3.2,pass,direct,0.3.2,cmd,depsdev,1.0.1
io.github.mbdev3/consolelog-mcp,npm,consolelog-mcp,none-handrolled,,error-as-result,,,cmd,dev-only-sdk:official-ts,0.1.0
io.github.mbeato/agentcontext,npm,@mbeato/agentcontext-mcp,none-handrolled,,pass,,,cmd,depsdev-no-sdk,0.1.2
io.github.mbeato/apimesh,npm,@mbeato/apimesh-mcp-server,official-ts,^1.27.1,error-as-result,direct,1.30.1,cmd,depsdev,1.8.2
io.github.mcande21/thealgorithms-mcp,pypi,thealgorithms-mcp,official-py,>=1.2.0,error-as-result,direct,2.2.0,cmd,depsdev,0.3.1
io.github.mcfredrick/tenkai-mcp,npm,tenkai-mcp,official-ts,^1.15.0,error-as-result,direct,1.30.1,cmd,depsdev,1.0.2
io.github.mcp-z/mcp-pdf,npm,@mcp-z/mcp-pdf,official-ts,^1.0.0,error-as-result,direct,1.30.1,cmd,depsdev,2.0.6
io.github.mcpcentral-io/mcp-time,npm,@mcpcentral/mcp-time,official-ts,^1.20.0,error-as-result,direct,1.30.1,cmd,depsdev,0.0.3
io.github.mcpware/pagecast,npm,@mcpware/pagecast,official-ts,^1.27.1,error-as-result,direct,1.30.1,cmd,depsdev,0.1.0
io.github.mcpware/ui-annotator-mcp,npm,@mcpware/ui-annotator,official-ts,^1.27.1,error-as-result,direct,1.30.1,cmd,depsdev,0.1.1
io.github.mcpwright/edgar-mcp,pypi,mcpwright-edgar,official-py,>=1.27.2,error-as-result,direct,1.30.0,cmd,depsdev,0.1.1
io.github.mcpwright/soi-mcp,pypi,mcpwright-soi,official-py,>=1.27.2,error-as-result,direct,1.30.0,cmd,depsdev,0.1.1
io.github.mcurmi05/vdiff-mcp,npm,vdiff-mcp,official-ts,^1.29.0,error-as-result,direct,1.30.1,cmd,depsdev,0.1.2
io.github.mdfifty50-boop/a2a-bridge,npm,a2a-bridge-mcp,official-ts,^1.12.0,error-as-result,direct,1.30.1,cmd,depsdev,0.1.1
io.github.mdfifty50-boop/agent-guard,npm,agent-guard-mcp,official-ts,^1.12.0,error-as-result,direct,1.30.1,cmd,depsdev,0.1.3
io.github.mdfifty50-boop/agent-replay,npm,agent-replay-mcp,official-ts,^1.12.0,error-as-result,direct,1.30.1,cmd,depsdev,0.1.1
io.github.mdfifty50-boop/agent-security,npm,agent-security-mcp,official-ts,^1.12.0,error-as-result,direct,1.30.1,cmd,depsdev,0.1.3
io.github.mdfifty50-boop/agentic-observability,npm,agentic-observability-mcp,official-ts,^1.12.0,error-as-result,direct,1.30.1,cmd,depsdev,0.1.1
io.github.mdfifty50-boop/compliance-shield,npm,compliance-shield-mcp,official-ts,^1.12.0,error-as-result,direct,1.30.1,cmd,depsdev,0.1.3
io.github.mdfifty50-boop/docx-forge,npm,docx-forge-mcp,official-ts,^1.12.0,error-as-result,direct,1.30.1,cmd,depsdev,0.1.1
io.github.mdfifty50-boop/domain-expertise,npm,domain-expertise-mcp,official-ts,^1.12.0,error-as-result,direct,1.30.1,cmd,depsdev,0.1.3
io.github.mdfifty50-boop/gcc-intelligence,npm,gcc-intelligence-mcp,official-ts,^1.12.0,error-as-result,direct,1.30.1,cmd,depsdev,0.1.3
io.github.mdfifty50-boop/qc-validator,npm,qc-validator-mcp,official-ts,^1.12.0,error-as-result,direct,1.30.1,cmd,depsdev,0.1.3
io.github.mdfifty50-boop/scope-guard,npm,scope-guard-mcp,official-ts,^1.12.0,error-as-result,direct,1.30.1,cmd,depsdev,0.1.3
io.github.mdfifty50-boop/secure-vault,npm,secure-vault-mcp,official-ts,^1.12.0,error-as-result,direct,1.30.1,cmd,depsdev,0.1.1
io.github.mdfifty50-boop/token-lens,npm,token-lens-mcp,official-ts,^1.12.0,error-as-result,direct,1.30.1,cmd,depsdev,0.1.2
io.github.mdfifty50-boop/trace-forge,npm,trace-forge-mcp,official-ts,^1.12.0,error-as-result,direct,1.30.1,cmd,depsdev,0.1.1
io.github.mechreaper007x/clipacanvas,pypi,clipacanvas-mcp,official-py,>=1.0.0,error-as-result,direct,2.2.0,cmd,depsdev,1.0.2
io.github.medelin/bashdog-mcp,npm,bashdog-mcp,official-ts,^1.0.4,pass,direct,1.30.1,cmd,depsdev,1.1.1
io.github.meharajM/agent-loop-mcp,npm,@mhrj/mcp-agent-loop,official-ts,^1.27.1,pass,direct,1.30.1,cmd,depsdev,1.0.3
io.github.meloliva14/verity-mcp,pypi,verity-mcp,official-py,>=1.2.0,error-as-result,direct,2.2.0,cmd,depsdev,0.3.0
io.github.meob/euclid-mcp,pypi,euclid-mcp,official-py,>=1.27,error-as-result,direct,2.2.0,cmd,depsdev,0.1.2
io.github.mepsopti/sprout-mcp,pypi,sprout-mcp,fastmcp-py,>=2.0.0,error-as-result,direct,4.0.9,cmd,depsdev,0.1.4
io.github.mertcanvural/overlayrisk-witness,npm,overlayrisk-witness-mcp,official-ts,^1.12.0,error-as-result,direct,1.30.1,cmd,depsdev,0.1.0
io.github.mesutoezdil/mcp-gpu-server,pypi,mcp-gpu-server,official-py,>=1.0.0,error-as-result,direct,2.2.0,cmd,depsdev,0.1.3
io.github.meszarosjan/steel-metallurgy-material-simulator-mcp,npm,material-simulator-mcp,official-ts,^1.18.2,error-as-result,direct,1.30.1,cmd,depsdev,0.1.4
io.github.mfukushim/map-traveler-mcp,npm,@mfukushim/map-traveler-mcp,official-ts,^1.17.1,error-as-result,direct,1.30.1,cmd,depsdev,0.1.4
io.github.mgaruccio/openapi-navigator,pypi,openapi-navigator,fastmcp-py,>=2.11.3,error-as-result,direct,4.0.9,cmd,depsdev,0.5.1
io.github.mgriffen/tapsite,npm,tapsite,official-ts,^1.27.1,error-as-result,direct,1.30.1,cmd,depsdev,4.0.1
io.github.mgwalkerjr95/texas-grocery,pypi,texas-grocery-mcp,fastmcp-py,>=2.0,error-as-result,direct,4.0.9,cmd,depsdev,0.1.3
io.github.mhcoen/mcp-relay,pypi,mcp-server-relay,official-py,,error-as-result,direct,2.2.0,cmd,depsdev,1.2.4
withheld-5373d8a1c835,npm,withheld-5373d8a1c835,official-ts,^1.29.0,fail,direct,1.30.1,cmd,depsdev,
io.github.michaeljiangmingfeng-debug/quanttogo-mcp,npm,quanttogo-mcp,official-ts,^1.27.1,error-as-result,direct,1.30.1,cmd,depsdev,0.1.2
io.github.michaelrice/zendesk-mcp,pypi,zendesk-mcp,official-py,>=1.0.0,error-as-result,direct,2.2.0,cmd,depsdev,0.1.1
io.github.michaelrobertsutton/verified-googledocs-mcp,pypi,verified-googledocs-mcp,fastmcp-py,>=3.0,error-as-result,direct,4.0.9,cmd,depsdev,0.1.0
io.github.michielinksee/linksee-memory,npm,linksee-memory,official-ts,^1.0.0,error-as-result,direct,1.30.1,cmd,depsdev,0.11.5
io.github.michu5696/agora402,npm,agora402,official-ts,^1.12.0,error-as-result,direct,1.30.1,cmd,depsdev,0.5.3
io.github.michu5696/paycrow,npm,paycrow,official-ts,^1.12.0,error-as-result,direct,1.30.1,cmd,depsdev,1.0.0
io.github.microhenrio/openocd-mcp,pypi,openocd-mcp,official-py,>=1.9.0,error-as-result,direct,2.2.0,cmd,depsdev,0.4.5
withheld-784b03f95e59,pypi,withheld-784b03f95e59,none-handrolled,,fail,,,cmd,depsdev-no-sdk,
io.github.microsoft/playwright-mcp,npm,@playwright/mcp,none-handrolled,,error-as-result,,,cmd,dev-only-sdk:official-ts,0.0.78
io.github.midnight-rgb/mcp,npm,@domainforagents/mcp,official-ts,^1.12.1,error-as-result,direct,1.30.1,cmd,depsdev,1.2.1
io.github.migmediamarketing-ai/noto-crm,npm,noto-crm-mcp-server,official-ts,^1.29.0,error-as-result,direct,1.30.1,cmd,depsdev,1.1.0
io.github.mikejj-creation/stocksense,pypi,stocksense,official-py,>=1.0.0,error-as-result,direct,2.2.0,cmd,depsdev,0.1.1
io.github.mikhae1/kubeview,npm,kubeview-mcp,official-ts,^1.29.0,warn,direct,1.30.1,cmd,depsdev,1.9.4
io.github.mikusnuz/app-publish,npm,app-publish-mcp,official-ts,^1.12.1,error-as-result,direct,1.30.1,cmd,depsdev,0.3.1
io.github.mikusnuz/gsc,npm,@mikusnuz/gsc-mcp,official-ts,^1.12.1,error-as-result,direct,1.30.1,cmd,depsdev,1.3.1
io.github.mikusnuz/meta,npm,@mikusnuz/meta-mcp,official-ts,^1.26.0,error-as-result,direct,1.30.1,cmd,depsdev,2.0.1
io.github.mikusnuz/npm,npm,@mikusnuz/npm-mcp,official-ts,^1.12.1,error-as-result,direct,1.30.1,cmd,depsdev,1.2.1
io.github.mikusnuz/pexbot-mcp,npm,@pexbot/mcp,official-ts,^1.26.0,error-as-result,direct,1.30.1,cmd,depsdev,2.1.1
io.github.milos106/ares-mcp,npm,@milos106/ares-mcp,official-ts,^1.0.4,error-as-result,direct,1.30.1,cmd,depsdev,0.1.2
io.github.mims-harvard/tooluniverse,pypi,tooluniverse,fastmcp-py,"<4.0.0,>=2.12.3",error-as-result,direct,,cmd,registry-direct,1.3.1
io.github.mindstone/mcp-server-apple-shortcuts,npm,@mindstone/mcp-server-apple-shortcuts,official-ts,^1.26.0,error-as-result,direct,1.30.1,cmd,depsdev,0.1.2
io.github.mindstone/mcp-server-browser-automation,npm,@mindstone/mcp-server-browser-automation,official-ts,^1.26.0,error-as-result,direct,1.30.1,cmd,depsdev,0.1.8
io.github.mindstone/mcp-server-canary,npm,@mindstone/mcp-server-canary,official-ts,^1.26.0,error-as-result,direct,1.30.1,cmd,depsdev,0.0.4
io.github.mindstone/mcp-server-freshdesk,npm,@mindstone/mcp-server-freshdesk,official-ts,^1.26.0,error-as-result,direct,1.30.1,cmd,depsdev,0.2.2
io.github.mindstone/mcp-server-replit-ssh,npm,@mindstone/mcp-server-replit-ssh,official-ts,^1.26.0,error-as-result,direct,1.30.1,cmd,depsdev,0.1.2
io.github.mindstone/mcp-server-zendesk,npm,@mindstone/mcp-server-zendesk,official-ts,^1.26.0,error-as-result,direct,1.30.1,cmd,depsdev,0.3.2
io.github.minuetai/minuet-mcp,pypi,minuet-mcp,official-py,>=1.2.0,error-as-result,direct,2.2.0,cmd,depsdev,0.1.1
io.github.mishaovcharenko/uiscanner,npm,uiscanner-mcp,official-ts,^1.29.0,error-as-result,direct,1.30.1,cmd,depsdev,0.3.1
io.github.mishrasanjeev/agenticorg,npm,agenticorg-mcp-server,official-ts,^1.12.1,error-as-result,direct,1.30.1,cmd,depsdev,4.0.5
io.github.mitsuashi/habitat,npm,habitat-mcp,none-handrolled,,error-as-result,,,cmd,depsdev-no-sdk,1.0.13
io.github.mityda/clausekeeper,pypi,clausekeeper-mcp,official-py,>=1.0.0,error-as-result,direct,2.2.0,cmd,depsdev,0.1.1
io.github.mizukaizen/x402-tools-mcp,npm,@melis-ai/x402-tools-mcp,official-ts,^1.29.0,warn,direct,1.30.1,cmd,depsdev,0.1.2
io.github.mkXultra/ai-cli-mcp,npm,ai-cli-mcp,official-ts,^1.29.0,pass,direct,1.30.1,cmd,depsdev,2.21.0
withheld-38f46058fb77,pypi,withheld-38f46058fb77,official-py,"<2.0.0,>=1.2.0",fail,direct,1.30.0,cmd,depsdev,
io.github.mlava/agent-ready-mcp,npm,agent-ready-mcp,official-ts,^1.26.0,error-as-result,direct,1.30.1,cmd,depsdev,0.6.0
io.github.mlava/scholar-sidekick-mcp,npm,scholar-sidekick-mcp,official-ts,^1.26.0,error-as-result,direct,1.30.1,cmd,depsdev,0.8.2
io.github.mlawsonking/agent-firewall-mcp,npm,agent-firewall-mcp,official-ts,^1.12.0,error-as-result,direct,1.30.1,cmd,depsdev,1.0.1
io.github.mlawsonking/code-guard-mcp,npm,@mlawsonking/code-guard-mcp,official-ts,^1.12.0,error-as-result,direct,1.30.1,cmd,depsdev,1.0.1
io.github.mlawsonking/email-guard-mcp,npm,email-guard-mcp,official-ts,^1.12.0,error-as-result,direct,1.30.1,cmd,depsdev,1.0.1
io.github.mlawsonking/package-guard-mcp,npm,package-guard-mcp,official-ts,^1.12.0,error-as-result,direct,1.30.1,cmd,depsdev,1.0.1
io.github.mlawsonking/payment-guard-mcp,npm,payment-guard-mcp,official-ts,^1.12.0,error-as-result,direct,1.30.1,cmd,depsdev,1.0.1
io.github.mlawsonking/web-tools-mcp,npm,web-tools-mcp,official-ts,^1.12.0,error-as-result,direct,1.30.1,cmd,depsdev,1.0.2
io.github.mlorentedev/hive-vault,pypi,hive-vault,fastmcp-py,>=2.0.0,error-as-result,direct,4.0.9,cmd,depsdev,1.12.2
io.github.mlorentedev/pdf-modifier-mcp,pypi,pdf-modifier-mcp,fastmcp-py,>=0.4.1,error-as-result,direct,4.0.9,cmd,depsdev,1.6.0
io.github.mnemoverse/mcp-memory-server,npm,@mnemoverse/mcp-memory-server,official-ts,^1.12.1,error-as-result,direct,1.30.1,cmd,depsdev,0.5.0
io.github.mnemox-ai/idea-reality-mcp,pypi,idea-reality-mcp,fastmcp-py,>=2.0.0,error-as-result,direct,4.0.9,cmd,depsdev,0.3.4
io.github.mnemox-ai/tradememory-protocol,pypi,tradememory-protocol,fastmcp-py,>=2.0.0,error-as-result,direct,4.0.9,cmd,depsdev,0.3.1
io.github.mobile-next/mobile-mcp,npm,@mobilenext/mobile-mcp,official-ts,1.26.0,error-as-result,direct,1.26.0,cmd,depsdev,0.0.62
io.github.mobileshop9991-star/clipwise-mcp,npm,clipwise-mcp-server,official-ts,^1.0.4,pass,direct,1.30.1,cmd,depsdev,1.1.1
io.github.mobymedia/polymarket-news-mcp,pypi,polymarket-news-mcp,official-py,>=1.2,error-as-result,direct,2.2.0,cmd,depsdev,0.1.0
io.github.mockzilla/mockzilla-mcp,npm,@mockzilla/mcp,none-handrolled,,error-as-result,,,cmd,depsdev-no-sdk,0.2.13
io.github.mohsinmshabbir/datasaudi-mcp,pypi,datasaudi-mcp,fastmcp-py,>=3.0,error-as-result,direct,4.0.9,cmd,depsdev,0.1.0
io.github.mongodb-js/mongodb-mcp-server,npm,mongodb-mcp-server,official-ts,^1.29.0,error-as-result,direct,1.30.1,cmd,depsdev,1.14.0
io.github.moonspacenow-tech/aicomglobal,npm,aicomglobal,official-ts,^1.15.0,error-as-result,direct,1.30.1,cmd,depsdev,1.0.1
io.github.moooonad/mcp-google-sheets-full,npm,mcp-google-sheets-full,official-ts,^1.0.4,warn,direct,1.30.1,cmd,depsdev,0.2.0
io.github.mortenator/charta,npm,@charta/mcp,official-ts,^1.0.0,error-as-result,direct,1.30.1,cmd,depsdev,1.0.2
io.github.mouhabmzibra-rgb/seo-backlinks,npm,seo-backlinks-mcp,official-ts,^1.0.0,error-as-result,direct,1.30.1,cmd,depsdev,0.1.2
io.github.moureauf/boe-mcp,npm,boe-mcp,official-ts,^1.17.0,error-as-result,direct,1.30.1,cmd,depsdev,0.2.0
withheld-519bd07892e7,npm,withheld-519bd07892e7,official-ts,^1.10.2,fail,direct,1.30.1,cmd,depsdev,
io.github.moxno/privacyscrubber-mcp,npm,@privacyscrubber/mcp-server,official-ts,^0.6.0,error-as-result,direct,0.6.1,cmd,depsdev,1.0.2
io.github.mpmcgowen/metricui,npm,@metricui/mcp-server,official-ts,^1.12.0,error-as-result,direct,1.30.1,cmd,depsdev,0.2.0
io.github.mpzarde/fabric-mcp,npm,@angrydad67/fabric-mcp-server,official-ts,^1.0.4,error-as-result,direct,1.30.1,cmd,depsdev,1.0.0
withheld-8c419db966c7,npm,withheld-8c419db966c7,official-ts,^1.29.0,error-as-result,direct,1.30.1,cmd,depsdev,
io.github.mrgulshanyadav/misarblog-mcp,npm,@misarblog/mcp,official-ts,^1.10.2,error-as-result,direct,1.30.1,cmd,depsdev,1.0.6
io.github.mrityunjay-tiwari/ui-registry-mcp,npm,ui-registry-mcp,official-ts,^1.12.0,error-as-result,direct,1.30.1,cmd,depsdev,0.7.1
io.github.mrjakob07/mytown-mcp,pypi,mytown-mcp,official-py,>=1.2.0,error-as-result,direct,2.2.0,cmd,depsdev,0.1.1
io.github.mrmaciej1/justfill,pypi,justfill-mcp,official-py,>=1.2.0,error-as-result,direct,2.2.0,cmd,depsdev,0.4.3
io.github.mrslbt/japan-ux,npm,japan-ux-mcp,official-ts,^1.29.0,error-as-result,direct,1.30.1,cmd,depsdev,2.0.0
io.github.mrslbt/nankai-trough,npm,nankai-trough-mcp,official-ts,^1.29.0,error-as-result,direct,1.30.1,cmd,depsdev,0.1.0
io.github.mrslbt/pdf-it,npm,pdf-it-mcp,official-ts,^1.29.0,error-as-result,direct,1.30.1,cmd,depsdev,2.0.0
io.github.mrslbt/rakuten-mcp,npm,rakuten-mcp,official-ts,^1.29.0,error-as-result,direct,1.30.1,cmd,depsdev,1.1.0
io.github.mrslbt/rippr-mcp,npm,rippr-mcp,official-ts,^1.12.1,error-as-result,direct,1.30.1,cmd,depsdev,1.1.0
io.github.mrslbt/tabedata-mcp,npm,tabedata-mcp,official-ts,^1.29.0,error-as-result,direct,1.30.1,cmd,depsdev,1.2.0
io.github.mrslbt/xendit-mcp,npm,xendit-mcp,official-ts,^1.12.0,error-as-result,direct,1.30.1,cmd,depsdev,0.2.0
io.github.msenol/gorev,npm,@mehmetsenol/gorev-mcp-server,none-handrolled,,pass,,,cmd,depsdev-no-sdk,0.16.1
io.github.mskry/diagrams-mcp-server,pypi,diagrams-mcp-server,fastmcp-py,==3.2.3,error-as-result,direct,3.2.3,cmd,depsdev,0.1.2
io.github.muba00/gitstandup,npm,gitstandup-mcp,official-ts,^1.0.0,error-as-result,direct,1.30.1,cmd,depsdev,1.0.6
io.github.musaddiq-dev/aws-cli-mcp-server,pypi,mdev-aws-mcp-server,fastmcp-py,>=2.12.4,error-as-result,direct,4.0.9,cmd,depsdev,0.1.2
io.github.musepy/genable-mcp,npm,genable-mcp,official-ts,^1.12.0,error-as-result,direct,1.30.1,cmd,depsdev,0.1.3
io.github.musharna/data-aggregator-mcp,pypi,data-aggregator-mcp,official-py,>=1.0,error-as-result,direct,2.2.0,cmd,depsdev,0.41.1
io.github.musharna/ldraw-mcp,pypi,ldraw-mcp,official-py,,error-as-result,direct,2.2.0,cmd,depsdev,0.1.1
io.github.musharna/plant-genomics-mcp,pypi,plant-genomics-mcp,official-py,>=1.0,error-as-result,direct,2.2.0,cmd,depsdev,1.8.0
io.github.mustafacagri/ai-quality-gate,npm,ai-quality-gate,official-ts,^1.24.2,error-as-result,direct,1.30.1,cmd,depsdev,1.0.4
withheld-7ee398389b22,pypi,withheld-7ee398389b22,official-py,>=1.0.0,fail,direct,2.2.0,cmd,depsdev,
io.github.mybolide/mcp-probe-kit,npm,mcp-probe-kit,official-ts,^1.29.0,error-as-result,direct,1.30.1,cmd,depsdev,3.6.3
io.github.myque08/savvyscratch,npm,@savvyscratch/mcp-server,official-ts,^1.12.1,error-as-result,direct,1.30.1,cmd,depsdev,1.0.1
withheld-43ce38bf0ef6,npm,withheld-43ce38bf0ef6,none-handrolled,,pass,,,cmd,depsdev-no-sdk,
io.github.n0zer0d4y/mercury-spec-ops,npm,@n0zer0d4y/mercury-spec-ops,official-ts,^1.21.1,error-as-result,direct,1.30.1,cmd,depsdev,0.1.2
io.github.n0zer0d4y/vulcan-file-ops,npm,@n0zer0d4y/vulcan-file-ops,official-ts,^1.20.0,error-as-result,direct,1.30.1,cmd,depsdev,1.1.4
io.github.n24q02m/better-code-review-graph,pypi,better-code-review-graph,fastmcp-py,"<4,>=3.4.2",error-as-result,direct,3.4.7,cmd,depsdev,3.21.0
io.github.n24q02m/better-godot-mcp,npm,@n24q02m/better-godot-mcp,official-ts,^1.29.0,error-as-result,direct,1.30.1,cmd,depsdev,1.21.0
io.github.n24q02m/mnemo-mcp,pypi,mnemo-mcp,official-py,,error-as-result,direct,1.30.0,cmd,depsdev,2.7.0
io.github.nailuoGG/anki-mcp-server,npm,anki-mcp-server,official-ts,1.18.2,warn,direct,1.18.2,cmd,depsdev,0.1.8
io.github.nakishiyaman/dig,npm,mcp-server-dig,official-ts,^1.26.0,error-as-result,direct,1.30.1,cmd,depsdev,0.4.1
io.github.namtran/diskcleankit-mcp,npm,@vannamtran/diskcleankit-mcp,official-ts,^1.0.0,error-as-result,direct,1.30.1,cmd,depsdev,1.0.0
io.github.nan786521/recon-kit-mcp,pypi,recon-kit-mcp,official-py,>=1.2.0,error-as-result,direct,2.2.0,cmd,depsdev,0.13.0
io.github.narinthon-so/thailand-data-mcp,npm,thailand-data-mcp,official-ts,^1.6.1,error-as-result,direct,1.30.1,cmd,depsdev,0.1.2
io.github.navaganeshr/sciple-mcp,pypi,sciple-mcp,official-py,>=1.0.0,error-as-result,direct,2.2.0,cmd,depsdev,0.8.0
io.github.nedim1511/unclaimed-sol,npm,@unclaimed-sol/mcp,official-ts,^1.26.0,error-as-result,direct,1.30.1,cmd,depsdev,1.2.4
io.github.negm17111995/circlfi-mcp,npm,circlfi-mcp,official-ts,^1.29.0,error-as-result,direct,1.30.1,cmd,depsdev,1.1.0
io.github.neogeweb3/code-health-suite,pypi,code-health-suite,none-handrolled,,pass,,,cmd,depsdev-no-sdk,0.8.1
io.github.neozhehan/figma-edit-mcp,npm,figma-edit-mcp,official-ts,1.29.0,error-as-result,direct,1.29.0,cmd,depsdev,1.5.2
io.github.neptun2000/heor-agent,npm,heor-agent-mcp,official-ts,^1.0.0,error-as-result,direct,1.30.1,cmd,depsdev,1.35.0
withheld-9bd8bd0335a6,pypi,withheld-9bd8bd0335a6,official-py,>=1.28.1,fail,direct,2.2.0,cmd,depsdev,
io.github.neverinfamous/db-mcp,npm,db-mcp,official-ts,^1.25.2,error-as-result,direct,1.30.1,cmd,depsdev,1.0.2
io.github.nexusforge-tools/mcp-eu-finance,npm,@nexusforgetools/eu-finance,official-ts,^1.10.0,error-as-result,direct,1.30.1,cmd,depsdev,1.0.4
io.github.ngkienmkqn/24htrack-mcp,npm,24htrack-mcp,official-ts,^1.12.1,error-as-result,direct,1.30.1,cmd,depsdev,1.0.1
io.github.nguyenanhducs/fpl-mcp-server,pypi,fpl-mcp-server,official-py,>=1.20.0,error-as-result,direct,2.2.0,cmd,depsdev,1.0.3
io.github.nick-ma/uk-parliament-bills,npm,@darkhorseone/mcp-server-uk-parliament-bills,official-ts,^1.27.1,error-as-result,direct,1.30.1,cmd,depsdev,1.0.2
io.github.nick-ma/uk-parliament-committees,npm,@darkhorseone/mcp-server-uk-parliament-committees,official-ts,^1.27.1,error-as-result,direct,1.30.1,cmd,depsdev,1.0.1
io.github.nick-ma/uk-parliament-commonsvotes,npm,@darkhorseone/mcp-server-uk-parliament-commonsvotes,official-ts,^1.27.1,error-as-result,direct,1.30.1,cmd,depsdev,1.0.1
io.github.nick-ma/uk-parliament-erskinemay,npm,@darkhorseone/mcp-server-uk-parliament-erskinemay,official-ts,^1.27.1,error-as-result,direct,1.30.1,cmd,depsdev,1.0.1
io.github.nick-ma/uk-parliament-interests,npm,@darkhorseone/mcp-server-uk-parliament-interests,official-ts,^1.27.1,error-as-result,direct,1.30.1,cmd,depsdev,1.0.1
io.github.nick-ma/uk-parliament-lordsvotes,npm,@darkhorseone/mcp-server-uk-parliament-lordsvotes,official-ts,^1.27.1,error-as-result,direct,1.30.1,cmd,depsdev,1.0.1
io.github.nick-ma/uk-parliament-members,npm,@darkhorseone/mcp-server-uk-parliament-members,official-ts,^1.27.1,error-as-result,direct,1.30.1,cmd,depsdev,1.0.2
io.github.nick-ma/uk-parliament-now,npm,@darkhorseone/mcp-server-uk-parliament-now,official-ts,^1.27.1,error-as-result,direct,1.30.1,cmd,depsdev,1.0.1
io.github.nick-ma/uk-parliament-oralquestionsandmotions,npm,@darkhorseone/mcp-server-uk-parliament-oralquestionsandmotions,official-ts,^1.27.1,error-as-result,direct,1.30.1,cmd,depsdev,1.0.1
io.github.nick-ma/uk-parliament-questions-statements,npm,@darkhorseone/mcp-server-uk-parliament-questions-statements,official-ts,^1.27.1,error-as-result,direct,1.30.1,cmd,depsdev,1.0.1
io.github.nick-ma/uk-parliament-statutoryinstruments,npm,@darkhorseone/mcp-server-uk-parliament-statutoryinstruments,official-ts,^1.27.1,error-as-result,direct,1.30.1,cmd,depsdev,1.0.1
io.github.nick-ma/uk-parliament-treaties,npm,@darkhorseone/mcp-server-uk-parliament-treaties,official-ts,^1.27.1,error-as-result,direct,1.30.1,cmd,depsdev,1.0.1
io.github.nickgeorgeseo/gatehouse,pypi,mcp-gatehouse,official-py,"<2,>=1.27",error-as-result,direct,1.30.0,cmd,depsdev,0.1.0
io.github.nickjazz/product-lock-mcp,npm,product-lock-mcp,official-ts,^1.26.0,error-as-result,direct,1.30.1,cmd,depsdev,0.1.1
io.github.nickjlamb/opengate-mcp,npm,@pharmatools/opengate-mcp,official-ts,^1.0.0,error-as-result,direct,1.30.1,cmd,depsdev,0.1.4
io.github.nickjlamb/pubcrawl,npm,@pharmatools/pubcrawl,official-ts,^1.0.0,error-as-result,direct,1.30.1,cmd,depsdev,2.0.0
io.github.nickjlamb/redacta-mcp,npm,redacta-mcp,official-ts,^1.12.0,error-as-result,direct,1.30.1,cmd,depsdev,1.2.1
io.github.nickjlamb/studydiff,npm,studydiff-mcp,official-ts,^1.29.0,error-as-result,direct,1.30.1,cmd,depsdev,0.2.0
io.github.nickoc/bearing-local-business,npm,bearing-local-business-mcp,official-ts,^1.29.0,error-as-result,direct,1.30.1,cmd,depsdev,0.1.0
io.github.nicofains1/agentic-ads,npm,agentic-ads,official-ts,^1.12.0,error-as-result,direct,1.30.1,cmd,depsdev,0.1.1
io.github.nikicat/mcp-wallet-signer,npm,mcp-wallet-signer,official-ts,^1.0.4,error-as-result,direct,1.30.1,cmd,depsdev,0.1.3
io.github.nikitacometa/mnemon-mcp,npm,mnemon-mcp,official-ts,^1.27.1,error-as-result,direct,1.30.1,cmd,depsdev,1.0.1
io.github.nikolasdehor/mcp-fiscal-brasil,pypi,mcp-fiscal-brasil,fastmcp-py,>=3.2.0,error-as-result,direct,4.0.9,cmd,depsdev,0.2.1
io.github.nikolausm/imap-mcp-server,npm,imap-mcp-server,official-ts,^1.26.0,error-as-result,direct,1.30.1,cmd,depsdev,1.5.2
io.github.nimish14/freelance-ops-mcp,npm,freelance-ops-mcp,official-ts,^1.12.1,error-as-result,direct,1.30.1,cmd,depsdev,0.1.0
io.github.nimish14/resume-evidence-mcp,npm,resume-evidence-mcp,official-ts,^1.12.1,error-as-result,direct,1.30.1,cmd,depsdev,0.1.0
io.github.nipunkhanderia/golden-dataset-mcp,pypi,golden-dataset-mcp,fastmcp-py,>=2.0.0,error-as-result,direct,4.0.9,cmd,depsdev,0.1.2
io.github.niradler/dependency-mcp,npm,dependency-mcp,official-ts,^0.5.0,error-as-result,direct,0.5.0,cmd,depsdev,0.0.5
io.github.nirholas/3D-AI-Agent-Avatar,npm,@three-ws/avatar-agent,official-ts,^1.29.0,error-as-result,direct,1.30.1,cmd,depsdev,1.2.0
io.github.nirholas/activity-mcp,npm,@three-ws/activity-mcp,official-ts,^1.29.0,error-as-result,direct,1.30.1,cmd,depsdev,0.1.0
io.github.nirholas/agenc-mcp,npm,@three-ws/agenc-mcp,official-ts,^1.29.0,error-as-result,direct,1.30.1,cmd,depsdev,0.1.0
io.github.nirholas/agentcore-payments-mcp,npm,@three-ws/agentcore-payments-mcp,official-ts,^1.29.0,error-as-result,direct,1.30.1,cmd,depsdev,0.1.0
io.github.nirholas/agora-mcp,npm,@three-ws/agora-mcp,official-ts,^1.29.0,error-as-result,direct,1.30.1,cmd,depsdev,0.1.0
io.github.nirholas/audio-mcp,npm,@three-ws/audio-mcp,official-ts,^1.29.0,error-as-result,direct,1.30.1,cmd,depsdev,0.1.0
io.github.nirholas/brain-mcp,npm,@three-ws/brain-mcp,official-ts,^1.29.0,error-as-result,direct,1.30.1,cmd,depsdev,0.1.0
io.github.nirholas/clash-mcp,npm,@three-ws/clash-mcp,official-ts,^1.29.0,error-as-result,direct,1.30.1,cmd,depsdev,0.1.0
io.github.nirholas/intel-mcp,npm,@three-ws/intel-mcp,official-ts,^1.29.0,error-as-result,direct,1.30.1,cmd,depsdev,0.1.0
io.github.nirholas/kol-mcp,npm,@three-ws/kol-mcp,official-ts,^1.29.0,error-as-result,direct,1.30.1,cmd,depsdev,0.1.0
io.github.nirholas/loom-mcp,npm,@three-ws/loom-mcp,official-ts,^1.29.0,error-as-result,direct,1.30.1,cmd,depsdev,0.1.0
io.github.nirholas/marketplace-mcp,npm,@three-ws/marketplace-mcp,official-ts,^1.29.0,error-as-result,direct,1.30.1,cmd,depsdev,0.1.0
io.github.nirholas/naming-mcp,npm,@three-ws/naming-mcp,official-ts,^1.29.0,error-as-result,direct,1.30.1,cmd,depsdev,0.1.0
withheld-eef6039ab4f6,npm,withheld-eef6039ab4f6,official-ts,^1.27.1,error-as-result,direct,1.30.1,cmd,depsdev,
io.github.nirholas/pumpfun-solana-mcp,npm,@three-ws/pumpfun-mcp,official-ts,^1.29.0,error-as-result,direct,1.30.1,cmd,depsdev,0.2.1
io.github.nirholas/scene-mcp,npm,@three-ws/scene-mcp,official-ts,^1.29.0,error-as-result,direct,1.30.1,cmd,depsdev,0.1.0
io.github.nirholas/signals-mcp,npm,@three-ws/signals-mcp,official-ts,^1.29.0,error-as-result,direct,1.30.1,cmd,depsdev,0.1.0
io.github.nirholas/three-token-mcp,npm,@three-ws/three-token-mcp,official-ts,^1.29.0,error-as-result,direct,1.30.1,cmd,depsdev,1.1.0
io.github.nirholas/threews-avatar,npm,@three-ws/avatar-mcp,official-ts,^1.29.0,error-as-result,direct,1.30.1,cmd,depsdev,0.3.0
io.github.nirholas/tutor-mcp,npm,@three-ws/tutor-mcp,official-ts,^1.29.0,error-as-result,direct,1.30.1,cmd,depsdev,0.1.0
io.github.nirholas/validation-mcp-server,pypi,validation-mcp-server,official-py,>=1.0.0,error-as-result,direct,2.2.0,cmd,depsdev,1.0.0
io.github.nirholas/vanity-mcp,npm,@three-ws/vanity-mcp,official-ts,^1.29.0,error-as-result,direct,1.30.1,cmd,depsdev,0.1.0
io.github.nirholas/vision-mcp,npm,@three-ws/vision-mcp,official-ts,^1.29.0,error-as-result,direct,1.30.1,cmd,depsdev,0.1.0
io.github.nirholas/x402-mcp,npm,@three-ws/x402-mcp,official-ts,^1.29.0,error-as-result,direct,1.30.1,cmd,depsdev,0.1.0
io.github.noamjose/schemasure,npm,@noamjose/schemasure,none-handrolled,,error-as-result,,,cmd,depsdev-no-sdk,0.1.1
io.github.noblabs/lit-forge-mcp,npm,lit-forge-mcp,official-ts,^1.29.0,error-as-result,direct,1.30.1,cmd,depsdev,0.20.0
io.github.node-man/dechonet-mcp,npm,dechonet-mcp,official-ts,^1.27.1,error-as-result,direct,1.30.1,cmd,depsdev,1.0.1
io.github.node-opcua/node-opcua-modeler-mcp-server,npm,node-opcua-modeler-mcp-server,official-ts,^1.12.1,error-as-result,direct,1.30.1,cmd,depsdev,1.2.3
io.github.noroshi-create/norolu-frameworks,npm,norolu-frameworks-mcp,official-ts,^1.0.4,error-as-result,direct,1.30.1,cmd,depsdev,0.1.2
io.github.norrietaylor/distillery-mcp,pypi,distillery-mcp,fastmcp-py,"<4.0,>=2.12.0",error-as-result,direct,3.4.7,cmd,depsdev,0.7.0
io.github.novadyne-hq/ledger-mcp,pypi,ledger-mcp,unknown,,error-as-result,,,cmd,no-graph,0.1.2
io.github.novadyne-hq/vulnfeed,pypi,vulnfeed-mcp,official-py,>=1.0,error-as-result,direct,2.2.0,cmd,depsdev,0.3.6
io.github.novyxlabs/novyx-mcp,pypi,novyx-mcp,official-py,>=1.2.0,error-as-result,direct,2.2.0,cmd,depsdev,2.1.4
io.github.nrwl/nx-console,npm,nx-mcp,none-handrolled,,pass,,,cmd,depsdev-no-sdk,0.6.12
io.github.nrwl/nx-mcp,npm,nx-mcp,none-handrolled,,pass,,,cmd,depsdev-no-sdk,0.25.0
io.github.nuance-dev/rival,npm,rival-mcp,official-ts,^1.26.0,error-as-result,direct,1.30.1,cmd,depsdev,1.0.2
io.github.nushey/agents-md-generator,pypi,agents-md-generator,official-py,>=1.0.0,error-as-result,direct,2.2.0,cmd,depsdev,0.5.4
io.github.nvlang/verso,pypi,verso-mcp,official-py,>=1.27.1,error-as-result,direct,2.2.0,cmd,depsdev,0.4.2
io.github.nyuchi/mukoko-news,npm,@nyuchi/mukoko-news-mcp,none-handrolled,,error-as-result,,,cmd,depsdev-no-sdk,1.2.0
io.github.oaktreegames/aseprite-live-mcp,pypi,aseprite-live-mcp,official-py,>=1.10.0,error-as-result,direct,2.2.0,cmd,depsdev,0.2.0
io.github.oaslananka/easyeda-mcp-pro,npm,easyeda-mcp-pro,official-ts,^1.29.0,error-as-result,direct,1.30.1,cmd,depsdev,0.34.3
io.github.oaslananka/health-monitor-mcp,npm,health-monitor-mcp,official-ts,1.27.1,error-as-result,direct,1.27.1,cmd,depsdev,1.0.0
io.github.oaslananka/infra-lens-mcp,npm,infra-lens-mcp,official-ts,1.29.0,error-as-result,direct,1.29.0,cmd,depsdev,1.0.6
io.github.oaslananka/kicad-mcp-pro,pypi,kicad-mcp-pro,official-py,"<2.0.0,>=1.27.1",error-as-result,direct,1.30.0,cmd,depsdev,3.25.0
io.github.oaslananka/ssh-mcp-pro,npm,ssh-mcp-pro,official-ts,^1.29.0,error-as-result,direct,1.30.1,cmd,depsdev,1.1.5
io.github.oborchers/tablestakes,pypi,tablestakes,fastmcp-py,>=3.0,error-as-result,direct,4.0.9,cmd,depsdev,1.1.0
withheld-a09d026e6ec8,npm,withheld-a09d026e6ec8,official-ts,^1.29.0,fail,direct,1.30.1,cmd,depsdev,
io.github.ofershap/cloudflare,npm,mcp-server-cloudflare-dns,official-ts,^1.26.0,error-as-result,direct,1.30.1,cmd,depsdev,1.0.2
io.github.ofershap/devutils,npm,mcp-server-devutils,official-ts,^1.26.0,error-as-result,direct,1.30.1,cmd,depsdev,1.0.2
io.github.ofershap/dns,npm,mcp-server-dns,official-ts,^1.26.0,error-as-result,direct,1.30.1,cmd,depsdev,1.0.1
io.github.ofershap/docker,npm,mcp-docker-server,official-ts,^1.26.0,error-as-result,direct,1.30.1,cmd,depsdev,1.0.1
io.github.ofershap/github-actions,npm,mcp-server-github-actions,official-ts,^1.26.0,error-as-result,direct,1.30.1,cmd,depsdev,1.0.1
io.github.ofershap/github-gist,npm,mcp-server-github-gist,official-ts,^1.26.0,error-as-result,direct,1.30.1,cmd,depsdev,1.0.2
io.github.ofershap/markdown,npm,mcp-server-markdown,official-ts,^1.26.0,error-as-result,direct,1.30.1,cmd,depsdev,1.0.1
io.github.ofershap/npm-plus,npm,mcp-server-npm-plus,official-ts,^1.26.0,error-as-result,direct,1.30.1,cmd,depsdev,1.0.1
io.github.ofershap/npm-search,npm,mcp-server-npm-search,official-ts,^1.26.0,error-as-result,direct,1.30.1,cmd,depsdev,1.0.1
io.github.ofershap/real-browser,npm,real-browser-mcp,official-ts,^1.27.1,error-as-result,direct,1.30.1,cmd,depsdev,1.2.1
io.github.ofershap/s3,npm,mcp-server-s3,official-ts,^1.26.0,error-as-result,direct,1.30.1,cmd,depsdev,1.0.1
io.github.ofershap/scraper,npm,mcp-server-scraper,official-ts,^1.26.0,error-as-result,direct,1.30.1,cmd,depsdev,1.0.1
io.github.ofershap/sqlite,npm,mcp-sqlite-server,official-ts,^1.26.0,error-as-result,direct,1.30.1,cmd,depsdev,1.0.1
io.github.ogSINGH/contrast-checker-mcp,npm,contrast-checker-mcp,official-ts,^1.27.1,error-as-result,direct,1.30.1,cmd,depsdev,1.0.1
io.github.oguzc/playwright-wizard-mcp,npm,playwright-wizard-mcp,official-ts,^1.0.4,warn,direct,1.30.1,cmd,depsdev,0.1.6
io.github.oktopeak/intakeq-mcp,npm,@oktopeak/intakeq-mcp,official-ts,^1.29.0,error-as-result,direct,1.30.1,cmd,depsdev,1.0.1
io.github.olaurendeau/mcp-camptocamp,npm,@olaurendeau/mcp-camptocamp,official-ts,^1.0.0,error-as-result,direct,1.30.1,cmd,depsdev,1.0.3
io.github.olivilo/floweringagents-mcp,pypi,floweringagents-mcp,official-py,>=1.2.0,error-as-result,direct,2.2.0,cmd,depsdev,0.1.1
io.github.olostep/olostep-mcp-server,npm,olostep-mcp,official-ts,^1.27.1,error-as-result,direct,1.30.1,cmd,depsdev,1.0.17
io.github.omniologynow-rgb/mcp-server,npm,@omniology/mcp-server,official-ts,^1.12.0,error-as-result,direct,1.30.1,cmd,depsdev,1.0.0
io.github.omniologynow-rgb/profitspot-mcp,pypi,profitspot-mcp,fastmcp-py,>=3.0,error-as-result,direct,4.0.9,cmd,depsdev,1.1.2
io.github.omniologynow-rgb/scout-intel-mcp,pypi,scout-intel-mcp,fastmcp-py,>=3.0,error-as-result,direct,4.0.9,cmd,depsdev,1.0.3
io.github.oneprofile-dev/curatedmcp-catalog-mcp,npm,@curatedmcp/mcp,official-ts,^1.29.0,error-as-result,direct,1.30.1,cmd,depsdev,0.1.1
io.github.oneprofile-dev/mcp-launcher,npm,curatedmcp,official-ts,^1.29.0,error-as-result,direct,1.30.1,cmd,depsdev,2.1.1
io.github.onepunchtechnology/glassypic,npm,@glassypic/mcp-server,official-ts,^1.12.1,error-as-result,direct,1.30.1,cmd,depsdev,2.0.1
io.github.onepunchtechnology/tinify-ai,npm,@tinify-ai/mcp-server,unknown,,error-as-result,,,cmd,no-graph,1.4.3
io.github.onetrueclaude-creator/hebbian-vault,pypi,hebbian-vault,official-py,>=1.20.0,error-as-result,direct,2.2.0,cmd,depsdev,0.2.0
io.github.onetrueclaude-creator/mcp-contradiction-check,pypi,mcp-contradiction-check,official-py,>=1.20.0,error-as-result,direct,2.2.0,cmd,depsdev,0.1.0
io.github.onetrueclaude-creator/mcp-curiosity-engine,pypi,mcp-curiosity-engine,official-py,>=1.20.0,error-as-result,direct,2.2.0,cmd,depsdev,0.1.0
io.github.onetrueclaude-creator/mcp-knowledge-gaps,pypi,mcp-knowledge-gaps,official-py,>=1.20.0,error-as-result,direct,2.2.0,cmd,depsdev,0.1.0
io.github.onetrueclaude-creator/vault-health-mcp,pypi,vault-health-mcp,official-py,>=1.20.0,error-as-result,direct,2.2.0,cmd,depsdev,0.2.0
io.github.ooples/token-optimizer-mcp,npm,token-optimizer-mcp,official-ts,^1.20.0,error-as-result,direct,1.30.1,cmd,depsdev,2.1.0
io.github.oozoofrog/baepsae,npm,mcp-baepsae,official-ts,^1.0.0,error-as-result,direct,1.30.1,cmd,depsdev,6.3.0
io.github.opcastil11/mcp-prowl,npm,mcp-prowl,official-ts,^1.12.1,error-as-result,direct,1.30.1,cmd,depsdev,0.1.1
io.github.open-agreements/open-agreements,npm,@open-agreements/contract-templates-mcp,none-handrolled,,error-as-result,,,cmd,depsdev-no-sdk,0.8.0
io.github.open-crater/opencrater-mcp,npm,opencrater-mcp,official-ts,^1.0.0,error-as-result,direct,1.30.1,cmd,depsdev,0.1.1
io.github.openaccountants/openaccountants-mcp,pypi,openaccountants-mcp,official-py,>=1.0.0,error-as-result,direct,2.2.0,cmd,depsdev,0.1.1
io.github.opendatalab/mineru-open-mcp,pypi,mineru-open-mcp,fastmcp-py,>=3.1.0,error-as-result,direct,4.0.9,cmd,depsdev,1.0.20
io.github.openfate-ai/bazi-mcp,npm,@openfate/bazi-mcp,official-ts,^1.29.0,error-as-result,direct,1.30.1,cmd,depsdev,0.2.6
io.github.openfateaicom-wq/openfateai-mcp,npm,openfateai-mcp,official-ts,^1.29.0,error-as-result,direct,1.30.1,cmd,depsdev,0.1.0
io.github.opengolfapi/mcp-server,npm,@opengolfapi/mcp-server,official-ts,^1.0.0,error-as-result,direct,1.30.1,cmd,depsdev,3.5.1
io.github.openpouch/openpouch,npm,@openpouch/mcp,none-handrolled,,error-as-result,,,cmd,depsdev-no-sdk,0.4.0
io.github.openpulsechain/analytics,npm,@openpulsechain/mcp-server,official-ts,^1.12.1,error-as-result,direct,1.30.1,cmd,depsdev,2.1.0
io.github.operantlabs/operant-mcp,npm,operant-mcp,official-ts,^1.12.1,error-as-result,direct,1.30.1,cmd,depsdev,1.0.1
io.github.opjhabuilds/designpin-mcp-server,npm,@designpin/mcp-server,official-ts,^1.29.0,error-as-result,direct,1.30.1,cmd,depsdev,0.1.2
io.github.opspawn/bazaar-mcp,npm,bazaar-mcp,official-ts,^1.26.0,error-as-result,direct,1.30.1,cmd,depsdev,1.0.2
io.github.orbs-network/spot,npm,@orbs-network/spot,official-ts,1.27.1,error-as-result,direct,1.27.1,cmd,depsdev,2.3.2
io.github.orifisher2/sqlike-mcp,npm,@sqlike/mcp,none-handrolled,,pass,,,cmd,depsdev-no-sdk,0.1.1
io.github.orlench/shouldigo-surf,npm,shouldigo-surf-mcp,official-ts,^1.0.0,error-as-result,direct,1.30.1,cmd,depsdev,1.0.2
io.github.osama-ata/p6xer-mcp-server,pypi,p6xer-mcp-server,official-py,"<2.0.0,>=1.6.0",error-as-result,direct,1.30.0,cmd,depsdev,0.1.3
io.github.oscardvs/anamnesis,pypi,anamnesis-memory,fastmcp-py,>=3.0,error-as-result,direct,4.0.9,cmd,depsdev,0.1.3
io.github.oscardvs/zoteus,npm,@oscardvs/zoteus,official-ts,^1.29.0,error-as-result,direct,1.30.1,cmd,depsdev,1.0.0
io.github.osfrekt/rekt,npm,rekt-mcp-server,official-ts,^1.12.1,error-as-result,direct,1.30.1,cmd,depsdev,1.0.0
io.github.ouranos-labs/pseolint,npm,@pseolint/mcp,official-ts,^1.29.0,error-as-result,direct,1.30.1,cmd,depsdev,0.6.4
io.github.overtimepog/CloakMCP,pypi,cloakbrowsermcp,official-py,"<2.0,>=1.20",error-as-result,direct,1.30.0,cmd,depsdev,2.0.1
withheld-d5579f01e52b,npm,withheld-d5579f01e52b,official-ts,^1.24.3,error-as-result,direct,1.30.1,cmd,depsdev,
io.github.p-l-ta/calendar-mcp,npm,@p-l-ta/calendar-mcp,official-ts,^1.29.0,error-as-result,direct,1.30.1,cmd,depsdev,1.0.0
io.github.p-l-ta/mail-mcp,npm,@p-l-ta/mail-mcp,official-ts,^1.29.0,error-as-result,direct,1.30.1,cmd,depsdev,1.3.5
io.github.pageguard/pageguard-mcp,npm,pageguard-mcp,official-ts,^1.12.1,error-as-result,direct,1.30.1,cmd,depsdev,1.0.1
withheld-ce5321250762,npm,withheld-ce5321250762,official-ts,^1.0.0,fail,direct,1.30.1,cmd,depsdev,
io.github.paladini/devutils-mcp-server,npm,devutils-mcp-server,official-ts,^1.12.1,error-as-result,direct,1.30.1,cmd,depsdev,1.1.0
io.github.palimkarakshay/abap-mcp,npm,abap-mcp,official-ts,^1.29.0,error-as-result,direct,1.30.1,cmd,depsdev,0.4.4
io.github.panzik13/forgivemyagent-mcp,npm,forgivemyagent-mcp,official-ts,^1.29.0,error-as-result,direct,1.30.1,cmd,depsdev,0.1.1
io.github.paperdavid/manoma,npm,manoma-mcp,official-ts,^1.6.1,error-as-result,direct,1.30.1,cmd,depsdev,0.2.1
io.github.pareen/monad-mcp,npm,monad-mcp,official-ts,^1.29.0,error-as-result,direct,1.30.1,cmd,depsdev,0.2.1
io.github.parnasheps-eng/dark-search-protocol,npm,dark-search-mcp-server,official-ts,^1.29.0,error-as-result,direct,1.30.1,cmd,depsdev,0.8.0
io.github.parth-unjiya/odoo-mcp-gateway,pypi,odoo-mcp-gateway,official-py,>=1.9.4,error-as-result,direct,2.2.0,cmd,depsdev,0.1.1
io.github.partymola/bosch-flow-mcp,pypi,bosch-flow-mcp,official-py,>=1.6.0,error-as-result,direct,2.2.0,cmd,depsdev,0.2.2
io.github.partymola/fitbit-mcp,pypi,fitbit-mcp,official-py,>=1.6.0,error-as-result,direct,2.2.0,cmd,depsdev,0.3.1
io.github.partymola/withings-mcp,pypi,withings-mcp,official-py,>=1.6.0,error-as-result,direct,2.2.0,cmd,depsdev,0.2.2
io.github.pathcourse-health/mcp-server,npm,@pathcourse/mcp-server,official-ts,^1.20.0,warn,direct,1.30.1,cmd,depsdev,1.0.1
io.github.pathmodeio/mcp-server,npm,@pathmode/mcp-server,official-ts,^1.12.1,error-as-result,direct,1.30.1,cmd,depsdev,1.6.0
io.github.patwalls/feedhook-mcp,npm,feedhook-mcp,official-ts,^1.29.0,error-as-result,direct,1.30.1,cmd,depsdev,0.4.0
io.github.patwalls/pulse-mcp,npm,pulse-mcp,official-ts,^1.29.0,error-as-result,direct,1.30.1,cmd,depsdev,0.12.0
io.github.patwalls/slope-mcp,npm,slope-mcp,official-ts,^1.29.0,error-as-result,direct,1.30.1,cmd,depsdev,0.1.0
io.github.paulieb89/bailii-mcp,pypi,bailii-mcp,fastmcp-py,>=3.0,error-as-result,direct,4.0.9,cmd,depsdev,1.0.1
io.github.paulieb89/pinescript-mcp,pypi,pinescript-mcp,fastmcp-py,>=3.1.0,error-as-result,direct,4.0.9,cmd,depsdev,0.6.17
withheld-5d5b0cc2c642,pypi,withheld-5d5b0cc2c642,official-py,>=1.6,fail,direct,2.2.0,cmd,depsdev,
withheld-7949fea0557d,pypi,withheld-7949fea0557d,official-py,>=1.6,fail,direct,2.2.0,cmd,depsdev,
withheld-74d6c0a47799,pypi,withheld-74d6c0a47799,official-py,>=1.6,fail,direct,2.2.0,cmd,depsdev,
io.github.pdf4me/pdf4me-mcp,pypi,pdf4me-mcp,fastmcp-py,>=3.2.4,error-as-result,direct,4.0.9,cmd,depsdev,1.0.0
io.github.pdfcrowd/pdfcrowd-mcp-pdf-export,npm,pdfcrowd-mcp-pdf-export,official-ts,^1.6.1,error-as-result,direct,1.30.1,cmd,depsdev,1.2.2
io.github.pdg6/bc-curriculum,npm,bc-curriculum-mcp-server,official-ts,^1.6.1,error-as-result,direct,1.30.1,cmd,depsdev,1.1.1
io.github.pdwi2020/mcp-server-colab-exec,pypi,mcp-server-colab-exec,official-py,>=1.6.0,error-as-result,direct,2.2.0,cmd,depsdev,0.1.0
io.github.peacprotocol/peac,npm,@peac/mcp-server,official-ts,~1.28.0,error-as-result,direct,1.28.0,cmd,depsdev,0.15.0
io.github.pelletfi/mcp,npm,@pelletfi/mcp,official-ts,^1.28.0,error-as-result,direct,1.30.1,cmd,depsdev,0.4.2
io.github.penny4nonsense/mcp-pymupdf,pypi,mcp-pymupdf,official-py,>=1.0.0,error-as-result,direct,2.2.0,cmd,depsdev,0.1.1
io.github.perceptdot/core,npm,@perceptdot/core,official-ts,^1.0.0,pass,direct,1.30.1,cmd,depsdev,0.1.0
withheld-c4f53daf2aec,pypi,withheld-c4f53daf2aec,none-handrolled,,pass,,,cmd,depsdev-no-sdk,
io.github.persistenceOne/bridgekitty,npm,@persistenceone/bridgekitty,official-ts,^1.12.1,error-as-result,direct,1.30.1,cmd,depsdev,0.3.1
io.github.petalframework/petal-components-mcp,npm,petal-components-mcp,official-ts,^1.0.0,error-as-result,direct,1.30.1,cmd,depsdev,0.1.0
io.github.peter-tnc-453/guarded-whatsapp-mcp,pypi,guarded-whatsapp-mcp,official-py,>=1.2.0,error-as-result,direct,2.2.0,cmd,depsdev,0.1.0
io.github.peterkolbe/ableton-for-ai,pypi,ableton-for-ai,fastmcp-py,>=3.2.4,error-as-result,direct,4.0.9,cmd,depsdev,0.1.2
io.github.petrmasa/key-drivers-mcp,pypi,key-drivers-mcp,official-py,>=1.0.0,error-as-result,direct,2.2.0,cmd,depsdev,0.1.1
io.github.peureka/agentlookup-mcp,npm,agentlookup-mcp,official-ts,^1.27.1,error-as-result,direct,1.30.1,cmd,depsdev,1.0.1
io.github.pfeilisolana/scry-mcp,npm,scry-mcp,official-ts,^1.29.0,error-as-result,direct,1.30.1,cmd,depsdev,0.1.0
io.github.pgalyen1987/gate402-mcp,npm,gate402-mcp,official-ts,^1.12.0,error-as-result,direct,1.30.1,cmd,depsdev,0.5.0
io.github.phillipclapham/anneal-memory,pypi,anneal-memory,none-handrolled,,error-as-result,,,cmd,depsdev-no-sdk,0.1.1
io.github.philo-kim/openharness,npm,@freebird-ai/openharness,official-ts,^1.12.1,error-as-result,direct,1.30.1,cmd,depsdev,0.1.1
io.github.philpof102-svg/xsignal,npm,@rakshasar/xsignal,none-handrolled,,warn,,,cmd,depsdev-no-sdk,0.2.1
io.github.philrox/ris,npm,ris-mcp-ts,official-ts,^1.0.0,error-as-result,direct,1.30.1,cmd,depsdev,1.0.2
io.github.pierreb4/seven-dpt-mcp,npm,seven-dpt-mcp,official-ts,^1.0.0,error-as-result,direct,1.30.1,cmd,depsdev,0.1.1
io.github.pijusz/mcp-gads,npm,mcp-gads,official-ts,1.27.1,error-as-result,direct,1.27.1,cmd,depsdev,0.5.4
io.github.pijusz/mcp-gsc,npm,mcp-gsc,official-ts,1.27.1,error-as-result,direct,1.27.1,cmd,depsdev,0.1.7
io.github.pijusz/mcp-redtrack,npm,mcp-redtrack,official-ts,1.27.1,error-as-result,direct,1.27.1,cmd,depsdev,0.1.4
io.github.pijusz/mcp-sanity-images,npm,mcp-sanity-images,official-ts,1.27.1,error-as-result,direct,1.27.1,cmd,depsdev,0.3.7
io.github.pinz-byte/herald-vehicle-auction,npm,@vmcsubastop/herald-mcp,official-ts,^1.29.0,error-as-result,direct,1.30.1,cmd,depsdev,1.0.2
io.github.piprail/mcp,npm,@piprail/mcp,official-ts,^1.29.0,error-as-result,direct,1.30.1,cmd,depsdev,0.9.0
io.github.pixell-global/sayou,pypi,sayou,official-py,>=1.8.0,error-as-result,direct,2.2.0,cmd,depsdev,0.2.2
io.github.pkolawa/krs-poland-mcp-server,npm,krs-poland-mcp-server,official-ts,^1.18.0,error-as-result,direct,1.30.1,cmd,depsdev,1.0.17
io.github.pkolawa/mcp-krs-poland,npm,krs-poland-mcp-server,official-ts,^1.18.0,error-as-result,direct,1.30.1,cmd,depsdev,1.0.11
io.github.pkotecha-eng/aria-mcp-server,pypi,aria-mcp-server,fastmcp-py,>=3.2.4,error-as-result,direct,4.0.9,cmd,depsdev,0.2.1
io.github.plur-ai/plur,npm,@plur-ai/mcp,official-ts,^1.12.0,error-as-result,direct,1.30.1,cmd,depsdev,0.13.0
io.github.pnp/cli-microsoft365-mcp-server,npm,@pnp/cli-microsoft365-mcp-server,official-ts,1.27.1,error-as-result,direct,1.27.1,cmd,depsdev,0.1.22
io.github.pocketlantern/pocketlantern,npm,@pocketlantern/mcp-server,official-ts,^1.27.0,error-as-result,direct,1.30.1,cmd,depsdev,0.2.0
io.github.popapidev/pop-mcp,npm,@getpopapi/pop-mcp,official-ts,^1.6.1,error-as-result,direct,1.30.1,cmd,depsdev,1.1.0
io.github.portel-dev/ncp,npm,@portel/ncp,official-ts,^1.18.0,pass,direct,1.30.1,cmd,depsdev,1.5.3
io.github.posecode-dev/posecode-mcp,npm,posecode-mcp,official-ts,^1.12.0,error-as-result,direct,1.30.1,cmd,depsdev,0.3.0
io.github.powergridiq/pgiq-mcp,npm,pgiq-mcp,official-ts,^1.0.0,error-as-result,direct,1.30.1,cmd,depsdev,1.1.0
io.github.prPMDev/jd-intel-mcp,npm,jd-intel-mcp,official-ts,^1.0.0,error-as-result,direct,1.30.1,cmd,depsdev,0.8.1
withheld-12b56d2fefb5,pypi,withheld-12b56d2fefb5,official-py,>=1.0,fail,direct,2.2.0,cmd,depsdev,
io.github.pranciskus/newsmcp,npm,@newsmcp/server,official-ts,^1.12.1,error-as-result,direct,1.30.1,cmd,depsdev,1.1.1
io.github.prasadabhishek/photographi-mcp,pypi,photographi-mcp,fastmcp-py,>=0.1.0,error-as-result,direct,4.0.9,cmd,depsdev,0.2.6
io.github.prateekg7/context-bridge,npm,@contextbridge_ai/mcp,official-ts,^1.29.0,error-as-result,direct,1.30.1,cmd,depsdev,0.1.3
io.github.praveen-ilangovan/pensieve,pypi,pensieve-mcp,official-py,">=1.2.0,<2.0.0",error-as-result,direct,1.30.0,cmd,depsdev,0.1.0
withheld-1e710c1951b9,npm,withheld-1e710c1951b9,official-ts,^1.0.0,error-as-result,direct,1.30.1,cmd,depsdev,
withheld-7292993c9895,npm,withheld-7292993c9895,official-ts,^1.0.0,error-as-result,direct,1.30.1,cmd,depsdev,
io.github.prembobby39-gif/uimax-mcp,npm,uimax-mcp,official-ts,^1.28.0,error-as-result,direct,1.30.1,cmd,depsdev,0.7.0
io.github.presidio-v/presidio-hardened-x402-mcp,pypi,presidio-hardened-x402-mcp,official-py,"<2.0.0,>=1.27.2",error-as-result,direct,1.30.0,cmd,depsdev,0.1.1
io.github.printplan3d/ritn3d-mcp,pypi,ritn3d-mcp,official-py,"<2.0,>=1.0",error-as-result,direct,1.30.0,cmd,depsdev,0.1.2
io.github.priyankark/lighthouse-mcp,npm,lighthouse-mcp,official-ts,latest,pass,direct,1.30.1,cmd,depsdev,0.1.9
io.github.productmap/namecatcher-skills,npm,namecatcher-mcp,official-ts,^1.12.0,error-as-result,direct,1.30.1,cmd,depsdev,0.1.1
io.github.promptwheel-ai/logbook,npm,@promptwheel/logbook-mcp,official-ts,^1.0.0,error-as-result,direct,1.30.1,cmd,depsdev,0.4.0
withheld-d497981d89e6,npm,withheld-d497981d89e6,official-ts,^1.0.0,warn,direct,1.30.1,cmd,depsdev,
io.github.prufa-dev/prufa-mcp,pypi,prufa-mcp,official-py,>=1.0.0,error-as-result,direct,2.2.0,cmd,depsdev,0.2.3
io.github.przeslijmi/real-fake-data-mcp,npm,@przeslijmi/real-fake-data-mcp,official-ts,^1.29.0,error-as-result,direct,1.30.1,cmd,depsdev,1.0.0
withheld-0a5d7ffe6280,npm,withheld-0a5d7ffe6280,official-ts,^1.17.3,error-as-result,direct,1.30.1,cmd,depsdev,
io.github.ptrinh/freeport-nostr,npm,freeport-nostr-mcp,official-ts,^1.12.0,error-as-result,direct,1.30.1,cmd,depsdev,0.5.0
io.github.pubnub/mcp-server,npm,@pubnub/mcp,official-ts,^1.23.0,error-as-result,direct,1.30.1,cmd,depsdev,2.3.2
io.github.pudge-studio/pudge-ui,npm,@pudge-ui/mcp-server,official-ts,^1.12.0,error-as-result,direct,1.30.1,cmd,depsdev,0.2.0
io.github.purahmanian/flstudio-mcp-mac,pypi,flstudio-mcp-mac,official-py,>=1.9.0,error-as-result,direct,2.2.0,cmd,depsdev,0.1.2
io.github.purahmanian/google-trends-mcp,npm,google-trends-mcp,official-ts,^1.12.0,error-as-result,direct,1.30.1,cmd,depsdev,0.1.1
io.github.pure-maple/modelmux,pypi,modelmux,official-py,>=1.20.0,error-as-result,direct,2.2.0,cmd,depsdev,0.4.3
withheld-c268e0464f5b,npm,withheld-c268e0464f5b,official-ts,^1.16.0,fail,direct,1.30.1,cmd,depsdev,
io.github.pythia-the-oracle/pythia-oracle-mcp,pypi,pythia-oracle-mcp,official-py,>=1.0.0,error-as-result,direct,2.2.0,cmd,depsdev,0.10.0
io.github.pzfreo/build123d-mcp,pypi,build123d-mcp,official-py,>=1.9,error-as-result,direct,2.2.0,cmd,depsdev,0.3.79
io.github.qingkuai-js/qingkuai-mcp-server,npm,qingkuai-mcp-server,none-handrolled,,pass,,,cmd,depsdev-no-sdk,1.0.2
io.github.qinisolabs/bizdays,npm,@qinisolabs/bizdays,official-ts,^1.0.0,error-as-result,direct,1.30.1,cmd,depsdev,0.2.0
io.github.qinisolabs/floodwise,npm,floodwise,official-ts,^1.0.0,error-as-result,direct,1.30.1,cmd,depsdev,0.1.0
io.github.qinisolabs/icdwise,npm,icdwise,official-ts,^1.0.0,error-as-result,direct,1.30.1,cmd,depsdev,0.1.1
io.github.qinisolabs/localecheck,npm,localecheck,official-ts,^1.0.0,error-as-result,direct,1.30.1,cmd,depsdev,0.1.1
io.github.qinisolabs/qiniso,npm,@qinisolabs/qiniso,official-ts,^1.10.0,error-as-result,direct,1.30.1,cmd,depsdev,0.5.0
io.github.qinisolabs/sanctionwise,npm,sanctionwise,official-ts,^1.0.0,error-as-result,direct,1.30.1,cmd,depsdev,0.1.1
io.github.qinisolabs/veridigit,npm,veridigit,official-ts,^1.0.0,error-as-result,direct,1.30.1,cmd,depsdev,0.1.0
io.github.qkrehgk1-wq/mcp-korea-worklife,pypi,mcp-korea-worklife,fastmcp-py,>=2.0,error-as-result,direct,4.0.9,cmd,depsdev,0.1.1
io.github.qrussell/wemo,pypi,wemo-mcp-server,official-py,>=1.2.0,error-as-result,direct,2.2.0,cmd,depsdev,1.0.1
io.github.qso-graph/iota-mcp,pypi,iota-mcp,fastmcp-py,>=3.0,error-as-result,direct,4.0.9,cmd,depsdev,0.1.0
io.github.qso-graph/pota-mcp,pypi,pota-mcp,fastmcp-py,>=3.0,error-as-result,direct,4.0.9,cmd,depsdev,0.1.1
io.github.qso-graph/solar-mcp,pypi,solar-mcp,fastmcp-py,>=3.0,error-as-result,direct,4.0.9,cmd,depsdev,0.1.1
io.github.qso-graph/sota-mcp,pypi,sota-mcp,fastmcp-py,>=3.0,error-as-result,direct,4.0.9,cmd,depsdev,0.1.1
io.github.qso-graph/wspr-mcp,pypi,wspr-mcp,fastmcp-py,>=3.0,error-as-result,direct,4.0.9,cmd,depsdev,0.1.1
io.github.qxchuckle/qcqx-project-manage-mcp,npm,@qcqx/project-manage-mcp,official-ts,^1.12.1,error-as-result,direct,1.30.1,cmd,depsdev,1.0.0
io.github.radiovisual/zoekt-mcp,pypi,zoekt-mcp,official-py,>=1.2.0,error-as-result,direct,2.2.0,cmd,depsdev,0.3.2
io.github.rafa2403nunez-droid/pynet-mcp-bridge,pypi,pynet-mcp-bridge,fastmcp-py,,error-as-result,direct,4.0.9,cmd,depsdev,1.4.5
io.github.rafapra3008/lu-mcp-server,pypi,lu-mcp-server,official-py,>=1.0.0,error-as-result,direct,2.2.0,cmd,depsdev,0.1.1
io.github.rafsilva85/credit-optimizer,pypi,mcp-credit-optimizer,fastmcp-py,>=2.0.0,error-as-result,direct,4.0.9,cmd,depsdev,5.2.0
withheld-eaca4e26636d,npm,withheld-eaca4e26636d,official-ts,^1.0.0,fail,direct,1.30.1,cmd,depsdev,
io.github.rahuljava2807/claude-bridge-mcp,npm,@rahulonramp2807/claude-bridge-mcp,official-ts,^1.0.4,error-as-result,direct,1.30.1,cmd,depsdev,2.2.0
io.github.rajanrengasamy/vidlens-mcp,npm,vidlens-mcp,official-ts,^1.17.4,error-as-result,direct,1.30.1,cmd,depsdev,1.2.6
io.github.rajat79suri/visa-info,npm,visa-info-mcp,official-ts,^1.0.0,error-as-result,direct,1.30.1,cmd,depsdev,1.0.2
io.github.rajdeepmondaldotcom/whoop-mcp,pypi,whoop-mcp-server,official-py,"<2,>=1.27",error-as-result,direct,1.30.0,cmd,depsdev,0.0.5
io.github.rajdeepmondaldotcom/whoop-mcp-server,pypi,whoop-mcp-server,official-py,"<2,>=1.27",error-as-result,direct,1.30.0,cmd,depsdev,0.0.12
withheld-23e1867a8390,pypi,withheld-23e1867a8390,official-py,>=1.0.0,fail,direct,2.2.0,cmd,depsdev,
io.github.randomblocker/supercolony,npm,supercolony-mcp,official-ts,^1.12.0,error-as-result,direct,1.30.1,cmd,depsdev,0.1.8
io.github.ratamaha-git/n8n-mcp,npm,@automatelab/n8n-mcp,official-ts,^1.0.4,warn,direct,1.30.1,cmd,depsdev,0.3.0
io.github.raulbr90/changebook,npm,changebook,official-ts,^1.6.1,error-as-result,direct,1.30.1,cmd,depsdev,0.4.0
io.github.raullenchai/vnsh,npm,vnsh-mcp,official-ts,^1.0.0,pass,direct,1.30.1,cmd,depsdev,1.0.1
io.github.raunakkathuria/lexilint,npm,lexilint-mcp,official-ts,^1.10.0,error-as-result,direct,1.30.1,cmd,depsdev,1.1.0
io.github.ravi-labs/mindmap-mcp-server,npm,@ravi-labs/mindmap-mcp-server,official-ts,^1.29.0,error-as-result,direct,1.30.1,cmd,depsdev,0.5.0
io.github.rbsoftwaresystems/draftlytic-mcp,npm,draftlytic-mcp,official-ts,^1.29.0,error-as-result,direct,1.30.1,cmd,depsdev,0.4.1
io.github.rccola990-cloud/agent-toolbelt,npm,@rileycraig/agent-toolbelt,official-ts,^1.0.0,error-as-result,direct,1.30.1,cmd,depsdev,2.0.2
io.github.rccola990-cloud/mcp-token-optimizer,npm,mcp-token-optimizer,official-ts,^1.29.0,error-as-result,direct,1.30.1,cmd,depsdev,0.1.1
io.github.rcgalbo/aichat,npm,aichat-mcp,official-ts,^1.26.0,error-as-result,direct,1.30.1,cmd,depsdev,0.1.1
io.github.rclone-ui/rclone,npm,rclone-mcp,official-ts,^1.12.0,error-as-result,direct,1.30.1,cmd,depsdev,1.0.0
io.github.rcsb/rcsb-mcp,pypi,rcsb-mcp,official-py,>=1.2.0,error-as-result,direct,2.2.0,cmd,depsdev,0.9.0
io.github.rdanieli/tentra,npm,tentra-mcp,official-ts,^1.10.2,error-as-result,direct,1.30.1,cmd,depsdev,1.3.2
io.github.re-port-flow/reportflow-mcp,npm,reportflow-mcp,official-ts,^1.12.1,error-as-result,direct,1.30.1,cmd,depsdev,1.3.5
io.github.reagost/nerve-rpc,npm,nerve-rpc-mcp,official-ts,^1.0.0,error-as-result,direct,1.30.1,cmd,depsdev,1.0.2
io.github.redis/mcp-redis,pypi,redis-mcp-server,official-py,>=1.9.4,error-as-result,direct,2.2.0,cmd,depsdev,0.5.0
withheld-fa44f74d7895,pypi,withheld-fa44f74d7895,official-py,>=1.0.0,fail,direct,2.2.0,cmd,depsdev,
io.github.relayprotocol/relay-mcp,npm,@relayprotocol/relay-mcp,official-ts,^1.10.1,error-as-result,direct,1.30.1,cmd,depsdev,0.1.1
io.github.religa/multi-mcp,pypi,multi-mcp,fastmcp-py,>=2.13,error-as-result,direct,4.0.9,cmd,depsdev,0.1.1
io.github.remoas/appstore-screenshots,npm,appstore-screenshots-mcp,official-ts,^1.12.1,error-as-result,direct,1.30.1,cmd,depsdev,1.0.0
io.github.renanlido/custom-mcp-database,pypi,custom-mcp-database,official-py,"<2,>=1.27",error-as-result,direct,1.30.0,cmd,depsdev,0.6.2
io.github.rendobar/mcp,npm,@rendobar/mcp,official-ts,^1.29.0,error-as-result,direct,1.30.1,cmd,depsdev,1.3.0
io.github.reowens/qsys-mcp,npm,qsys-mcp,official-ts,^1.18.0,error-as-result,direct,1.30.1,cmd,depsdev,0.6.0
io.github.reservoirprotocol/relay-mcp,npm,@relayprotocol/relay-mcp,official-ts,^1.10.1,error-as-result,direct,1.30.1,cmd,depsdev,0.1.0
io.github.reutavidan/zetesis,pypi,zetesis,official-py,>=1.2.0,error-as-result,direct,2.2.0,cmd,depsdev,0.1.1
io.github.revolutionarybukhari/opportunity-mcp,pypi,opportunity-mcp,official-py,>=1.2.0,error-as-result,direct,2.2.0,cmd,depsdev,0.1.1
io.github.revolutionarybukhari/psx-mcp,pypi,psx-mcp,official-py,>=1.2.0,error-as-result,direct,2.2.0,cmd,depsdev,0.1.1
io.github.rezmeplxrf/insightsentry_mcp,npm,@insightsentry/mcp,official-ts,^1.29.0,error-as-result,direct,1.30.1,cmd,depsdev,1.4.33
io.github.rharper105/reportcraft,npm,@reportcraft/mcp-server,official-ts,^1.29.0,error-as-result,direct,1.30.1,cmd,depsdev,0.1.1
io.github.rhein1/agoragentic,npm,agoragentic-mcp,official-ts,^1.27.1,error-as-result,direct,1.30.1,cmd,depsdev,1.3.2
io.github.rhel-lightspeed/linux-mcp-server,pypi,linux-mcp-server,fastmcp-py,"<2.14.6,>=2.14.4",error-as-result,direct,2.14.5,cmd,depsdev,1.4.0
io.github.rhoneybul/etapa-mcp,npm,etapa-mcp,official-ts,^1.0.4,error-as-result,direct,1.30.1,cmd,depsdev,0.1.3
io.github.rich-jojo/smart-web,npm,smart-web-mcp,official-ts,^1.18.1,error-as-result,direct,1.30.1,cmd,depsdev,0.8.4
io.github.rich-jojo/web-task-api,npm,web-task-api,official-ts,1.18.1,pass,direct,1.18.1,cmd,depsdev,0.2.4
io.github.ridget/supernote-mcp,npm,supernote-mcp,none-handrolled,,error-as-result,,,cmd,dev-only-sdk:official-ts,0.2.2
io.github.rigour-labs/rigour,npm,@rigour-labs/mcp,official-ts,^1.25.2,error-as-result,direct,1.30.1,cmd,depsdev,5.2.9
io.github.rijul170/alertlogic-mcp,pypi,alertlogic-mcp,official-py,>=1.0.0,error-as-result,direct,2.2.0,cmd,depsdev,0.1.0
io.github.rikarazome/prolog-reasoner,pypi,prolog-reasoner,fastmcp-py,>=3.0.0,error-as-result,direct,4.0.9,cmd,depsdev,0.2.1
io.github.rillcoin/rill,npm,@rillcoin/mcp,official-ts,^1.12.1,error-as-result,direct,1.30.1,cmd,depsdev,0.1.1
io.github.rishiatlan/claude-prompt-optimizer,npm,claude-prompt-optimizer-mcp,official-ts,^1.25.2,error-as-result,direct,1.30.1,cmd,depsdev,2.2.2
io.github.riv-lc/areacode-mcp,npm,@riv-lc/areacode-mcp,official-ts,^1.29.0,error-as-result,direct,1.30.1,cmd,depsdev,0.2.2
io.github.rjexile/sports-card-agent,pypi,sports-card-agent,official-py,,error-as-result,direct,2.2.0,cmd,depsdev,1.0.1
io.github.roamzy-io/mcp-server,npm,@roamzy/mcp-server,none-handrolled,,error-as-result,,,cmd,dev-only-sdk:official-ts,1.6.3
withheld-2bb78b315fd8,npm,withheld-2bb78b315fd8,official-ts,^1.12.1,fail,direct,1.30.1,cmd,depsdev,
io.github.robertglools/nooxus-mcp,pypi,nooxus-mcp,official-py,>=1.0.0,error-as-result,direct,2.2.0,cmd,depsdev,0.1.4
io.github.robertnowell/konid,npm,konid-ai,official-ts,^1.12.0,error-as-result,direct,1.30.1,cmd,depsdev,1.0.5
io.github.robinmordasiewicz/f5xc-terraform-mcp,npm,@robinmordasiewicz/f5xc-terraform-mcp,official-ts,^1.25.2,error-as-result,direct,1.30.1,cmd,depsdev,3.24.0
io.github.robot-resources/router,npm,@robot-resources/router-mcp,official-ts,^1.27.0,error-as-result,direct,1.30.1,cmd,depsdev,0.1.2
io.github.robot-resources/scraper,npm,@robot-resources/scraper-mcp,official-ts,^1.27.0,error-as-result,direct,1.30.1,cmd,depsdev,0.1.2
io.github.roeiba/pmd,npm,@springsoftware/pmd-mcp,official-ts,^1.12.0,error-as-result,direct,1.30.1,cmd,depsdev,0.1.2
io.github.rog0x/api,npm,@rog0x/mcp-api-tools,official-ts,^1.12.1,error-as-result,direct,1.30.1,cmd,depsdev,1.0.2
io.github.rog0x/color,npm,@rog0x/mcp-color-tools,official-ts,^1.0.0,error-as-result,direct,1.30.1,cmd,depsdev,1.0.1
io.github.rog0x/config,npm,@rog0x/mcp-config-tools,official-ts,^1.12.1,error-as-result,direct,1.30.1,cmd,depsdev,1.0.2
io.github.rog0x/crypto,npm,@rog0x/mcp-crypto-tools,official-ts,^1.12.1,error-as-result,direct,1.30.1,cmd,depsdev,1.0.2
io.github.rog0x/dep,npm,@rog0x/mcp-dep-tools,official-ts,^1.0.0,error-as-result,direct,1.30.1,cmd,depsdev,1.0.1
io.github.rog0x/docker,npm,@rog0x/mcp-docker-tools,official-ts,^1.12.1,error-as-result,direct,1.30.1,cmd,depsdev,1.0.1
io.github.rog0x/file,npm,@rog0x/mcp-file-tools,official-ts,^1.0.0,error-as-result,direct,1.30.1,cmd,depsdev,1.0.1
io.github.rog0x/git,npm,@rog0x/mcp-git-tools,official-ts,^1.12.1,error-as-result,direct,1.30.1,cmd,depsdev,1.0.1
io.github.rog0x/image,npm,@rog0x/mcp-image-tools,official-ts,^1.0.0,error-as-result,direct,1.30.1,cmd,depsdev,1.0.1
io.github.rog0x/json,npm,@rog0x/mcp-json-tools,official-ts,^1.12.1,error-as-result,direct,1.30.1,cmd,depsdev,1.0.1
io.github.rog0x/lint,npm,@rog0x/mcp-lint-tools,official-ts,^1.12.1,error-as-result,direct,1.30.1,cmd,depsdev,1.0.2
io.github.rog0x/log,npm,@rog0x/mcp-log-tools,official-ts,^1.12.1,error-as-result,direct,1.30.1,cmd,depsdev,1.0.2
io.github.rog0x/markdown,npm,@rog0x/mcp-markdown-tools,official-ts,^1.12.1,error-as-result,direct,1.30.1,cmd,depsdev,1.0.2
io.github.rog0x/network,npm,@rog0x/mcp-network-tools,official-ts,^1.12.1,error-as-result,direct,1.30.1,cmd,depsdev,1.0.2
io.github.rog0x/npm,npm,@rog0x/mcp-npm-tools,official-ts,^1.0.0,error-as-result,direct,1.30.1,cmd,depsdev,1.0.1
io.github.rog0x/perf,npm,@rog0x/mcp-perf-tools,official-ts,^1.12.1,error-as-result,direct,1.30.1,cmd,depsdev,1.0.2
io.github.rog0x/regex,npm,@rog0x/mcp-regex-tools,official-ts,^1.12.1,error-as-result,direct,1.30.1,cmd,depsdev,1.0.1
io.github.rog0x/schema,npm,@rog0x/mcp-schema-tools,official-ts,^1.0.0,error-as-result,direct,1.30.1,cmd,depsdev,1.0.1
io.github.rog0x/seo,npm,@rog0x/mcp-seo-tools,official-ts,^1.12.1,error-as-result,direct,1.30.1,cmd,depsdev,1.0.1
io.github.rog0x/string,npm,@rog0x/mcp-string-tools,official-ts,^1.12.1,error-as-result,direct,1.30.1,cmd,depsdev,1.0.2
io.github.rog0x/task,npm,@rog0x/mcp-task-tools,official-ts,^1.0.0,error-as-result,direct,1.30.1,cmd,depsdev,1.0.1
io.github.rog0x/testing,npm,@rog0x/mcp-testing-tools,official-ts,^1.12.1,error-as-result,direct,1.30.1,cmd,depsdev,1.0.2
io.github.rog0x/web,npm,@rog0x/mcp-web-tools,official-ts,^1.0.0,error-as-result,direct,1.30.1,cmd,depsdev,1.0.1
io.github.rog0x/webhook,npm,@rog0x/mcp-webhook-tools,official-ts,^1.12.1,error-as-result,direct,1.30.1,cmd,depsdev,1.0.2
io.github.rogertheunissenmerge-oss/mcp-server,npm,@sommelierx/mcp-server,official-ts,1.12.1,pass,direct,1.12.1,cmd,depsdev,1.1.2
io.github.rohith1125/sentinel-execution-mcp,npm,sentinel-execution-mcp,official-ts,^1.0.0,error-as-result,direct,1.30.1,cmd,depsdev,0.1.2
withheld-ea21ca9a9809,pypi,withheld-ea21ca9a9809,official-py,>=1.0.0,fail,direct,2.2.0,cmd,depsdev,
io.github.rongchang726-png/vivarium,npm,vivarium-mcp,none-handrolled,,error-as-result,,,cmd,depsdev-no-sdk,1.0.0
io.github.ronitjadhav/geoservercloud-mcp,pypi,geoservercloud-mcp,fastmcp-py,>=2.0.0,error-as-result,direct,4.0.9,cmd,depsdev,1.0.0
withheld-20770ac307d2,npm,withheld-20770ac307d2,official-ts,^1.0.0,fail,direct,1.30.1,cmd,depsdev,
io.github.rosasynthesiz/flstudio-mcp,pypi,fl-studio-mcp,fastmcp-py,>=2.0.0,error-as-result,direct,4.0.9,cmd,depsdev,1.0.0
io.github.rosh-studio/rosh-mcp,pypi,rosh-mcp,official-py,>=1.0.0,error-as-result,direct,2.2.0,cmd,depsdev,0.1.0
io.github.rotifer-protocol/mcp-server,npm,@rotifer/mcp-server,official-ts,^1.0.0,pass,direct,1.30.1,cmd,depsdev,0.9.1
io.github.rsksmart/rsk-mcp-server,npm,@rsksmart/rsk-mcp-server,official-ts,^1.13.2,error-as-result,direct,1.30.1,cmd,depsdev,0.2.7
io.github.rsmdt/multimodal,npm,@r16t/multimodal-mcp,official-ts,^1.27.1,error-as-result,direct,1.30.1,cmd,depsdev,1.3.1
io.github.rsweeting1/pixelvault,npm,pixelvault-mcp,official-ts,^1.0.0,error-as-result,direct,1.30.1,cmd,depsdev,1.0.0
withheld-77150d993a7b,npm,withheld-77150d993a7b,official-ts,~1.0.0,fail,direct,1.0.4,cmd,depsdev,
io.github.rudraptpsingh/figbridge,npm,figbridge-mcp,official-ts,^1.0.4,error-as-result,direct,1.30.1,cmd,depsdev,0.4.0
io.github.runFleets/cli,npm,fleets-mcp,official-ts,^1.29.0,error-as-result,indirect,1.30.1,cmd,depsdev,0.2.2
io.github.runapi-builder/elevenlabs-mcp,npm,@runapi.ai/elevenlabs-mcp,official-ts,^1.29.0,error-as-result,direct,1.30.1,cmd,depsdev,0.1.6
io.github.runapi-builder/flux-2-mcp,npm,@runapi.ai/flux-2-mcp,official-ts,^1.29.0,error-as-result,direct,1.30.1,cmd,depsdev,0.1.6
io.github.runapi-builder/flux-kontext-mcp,npm,@runapi.ai/flux-kontext-mcp,official-ts,^1.29.0,error-as-result,direct,1.30.1,cmd,depsdev,0.1.9
io.github.runapi-builder/gemini-omni-mcp,npm,@runapi.ai/gemini-omni-mcp,official-ts,^1.29.0,error-as-result,direct,1.30.1,cmd,depsdev,0.1.6
io.github.runapi-builder/gpt-4o-image-mcp,npm,@runapi.ai/gpt-4o-image-mcp,official-ts,^1.29.0,error-as-result,direct,1.30.1,cmd,depsdev,0.1.6
io.github.runapi-builder/gpt-image-2-mcp,npm,@runapi.ai/gpt-image-2-mcp,official-ts,^1.29.0,error-as-result,direct,1.30.1,cmd,depsdev,0.1.6
io.github.runapi-builder/gpt-image-mcp,npm,@runapi.ai/gpt-image-mcp,official-ts,^1.29.0,error-as-result,direct,1.30.1,cmd,depsdev,0.1.6
io.github.runapi-builder/grok-imagine-mcp,npm,@runapi.ai/grok-imagine-mcp,official-ts,^1.29.0,error-as-result,direct,1.30.1,cmd,depsdev,0.1.8
io.github.runapi-builder/hailuo-mcp,npm,@runapi.ai/hailuo-mcp,official-ts,^1.29.0,error-as-result,direct,1.30.1,cmd,depsdev,0.1.6
io.github.runapi-builder/happyhorse-mcp,npm,@runapi.ai/happyhorse-mcp,official-ts,^1.29.0,error-as-result,direct,1.30.1,cmd,depsdev,0.1.6
io.github.runapi-builder/ideogram-v3-mcp,npm,@runapi.ai/ideogram-v3-mcp,official-ts,^1.29.0,error-as-result,direct,1.30.1,cmd,depsdev,0.1.6
io.github.runapi-builder/imagen-4-mcp,npm,@runapi.ai/imagen-4-mcp,official-ts,^1.29.0,error-as-result,direct,1.30.1,cmd,depsdev,0.1.7
io.github.runapi-builder/infinitetalk-mcp,npm,@runapi.ai/infinitetalk-mcp,official-ts,^1.29.0,error-as-result,direct,1.30.1,cmd,depsdev,0.1.6
io.github.runapi-builder/kling-mcp,npm,@runapi.ai/kling-mcp,official-ts,^1.29.0,error-as-result,direct,1.30.1,cmd,depsdev,0.1.9
io.github.runapi-builder/luma-mcp,npm,@runapi.ai/luma-mcp,official-ts,^1.29.0,error-as-result,direct,1.30.1,cmd,depsdev,0.1.6
io.github.runapi-builder/midjourney-mcp,npm,@runapi.ai/midjourney-mcp,official-ts,^1.29.0,error-as-result,direct,1.30.1,cmd,depsdev,0.1.0
io.github.runapi-builder/nano-banana-mcp,npm,@runapi.ai/nano-banana-mcp,official-ts,^1.29.0,error-as-result,direct,1.30.1,cmd,depsdev,0.1.8
io.github.runapi-builder/qwen-2-mcp,npm,@runapi.ai/qwen-2-mcp,official-ts,^1.29.0,error-as-result,direct,1.30.1,cmd,depsdev,0.1.6
io.github.runapi-builder/recraft-mcp,npm,@runapi.ai/recraft-mcp,official-ts,^1.29.0,error-as-result,direct,1.30.1,cmd,depsdev,0.1.6
io.github.runapi-builder/runapi-mcp,npm,@runapi.ai/mcp,official-ts,^1.29.0,error-as-result,direct,1.30.1,cmd,depsdev,0.1.19
io.github.runapi-builder/runway-aleph-mcp,npm,@runapi.ai/runway-aleph-mcp,official-ts,^1.29.0,error-as-result,direct,1.30.1,cmd,depsdev,0.1.6
io.github.runapi-builder/runway-mcp,npm,@runapi.ai/runway-mcp,official-ts,^1.29.0,error-as-result,direct,1.30.1,cmd,depsdev,0.1.6
io.github.runapi-builder/seedance-mcp,npm,@runapi.ai/seedance-mcp,official-ts,^1.29.0,error-as-result,direct,1.30.1,cmd,depsdev,0.1.7
io.github.runapi-builder/seedream-mcp,npm,@runapi.ai/seedream-mcp,official-ts,^1.29.0,error-as-result,direct,1.30.1,cmd,depsdev,0.1.6
io.github.runapi-builder/suno-mcp,npm,@runapi.ai/suno-mcp,official-ts,^1.29.0,error-as-result,direct,1.30.1,cmd,depsdev,0.1.9
io.github.runapi-builder/topaz-mcp,npm,@runapi.ai/topaz-mcp,official-ts,^1.29.0,error-as-result,direct,1.30.1,cmd,depsdev,0.1.6
io.github.runapi-builder/veo-3-1-mcp,npm,@runapi.ai/veo-3-1-mcp,official-ts,^1.29.0,error-as-result,direct,1.30.1,cmd,depsdev,0.1.6
io.github.runapi-builder/wan-mcp,npm,@runapi.ai/wan-mcp,official-ts,^1.29.0,error-as-result,direct,1.30.1,cmd,depsdev,0.1.6
io.github.runapi-builder/z-image-mcp,npm,@runapi.ai/z-image-mcp,official-ts,^1.29.0,error-as-result,direct,1.30.1,cmd,depsdev,0.1.6
withheld-5f6368e9b039,npm,withheld-5f6368e9b039,official-ts,^0.5.0,fail,direct,0.5.0,cmd,depsdev,
io.github.runesleo/polymarket-toolkit,npm,polymarket-toolkit-mcp,official-ts,^1.29.0,error-as-result,direct,1.30.1,cmd,depsdev,0.7.1
io.github.runsec-io/mcp,npm,@runsec/mcp,official-ts,^1.29.0,error-as-result,direct,1.30.1,cmd,depsdev,1.0.127
io.github.runyourempire/4da-mcp-server,npm,@4da/mcp-server,official-ts,^1.10.0,error-as-result,direct,1.30.1,cmd,depsdev,4.6.0
io.github.rupinder2/mcp-gateway,pypi,mcp-orchestration-gateway,fastmcp-py,>=2.14.0,error-as-result,direct,4.0.9,cmd,depsdev,0.1.1
io.github.rupinder2/mcp-orchestrator,pypi,mcp-orchestrator,fastmcp-py,>=2.14.0,error-as-result,direct,4.0.9,cmd,depsdev,0.1.2
io.github.rxolve/artscii,npm,artscii,official-ts,^1.29.0,error-as-result,direct,1.30.1,cmd,depsdev,0.6.1
withheld-0aed8b90c062,npm,withheld-0aed8b90c062,official-ts,^1.17.4,fail,direct,1.30.1,cmd,depsdev,
io.github.ryanthegentry/402index,npm,@402index/mcp-server,official-ts,^1.12.1,error-as-result,direct,1.30.1,cmd,depsdev,0.3.0
io.github.ryotaro-tanaka/mcp-oss-onramp,npm,mcp-oss-onramp,official-ts,^1.0.1,warn,direct,1.30.1,cmd,depsdev,0.1.3
io.github.ryudi84/api,npm,sovereign-api-forge-mcp,official-ts,^1.26.0,error-as-result,direct,1.30.1,cmd,depsdev,1.0.3
io.github.ryudi84/api-tester,npm,sovereign-api-tester-mcp,official-ts,^1.26.0,error-as-result,direct,1.30.1,cmd,depsdev,1.0.0
io.github.ryudi84/base64,npm,base64-forge-mcp,official-ts,^1.26.0,error-as-result,direct,1.30.1,cmd,depsdev,1.0.3
io.github.ryudi84/base64-forge-mcp,npm,base64-forge-mcp,official-ts,^1.26.0,error-as-result,direct,1.30.1,cmd,depsdev,1.0.1
io.github.ryudi84/changelog,npm,changelog-forge-mcp,official-ts,^1.26.0,error-as-result,direct,1.30.1,cmd,depsdev,1.0.3
io.github.ryudi84/changelog-forge-mcp,npm,changelog-forge-mcp,official-ts,^1.26.0,error-as-result,direct,1.30.1,cmd,depsdev,1.0.1
io.github.ryudi84/code-quality,npm,sovereign-code-quality-mcp,official-ts,^1.26.0,error-as-result,direct,1.30.1,cmd,depsdev,1.0.0
io.github.ryudi84/color,npm,color-forge-mcp,official-ts,^1.26.0,error-as-result,direct,1.30.1,cmd,depsdev,1.0.3
io.github.ryudi84/color-forge-mcp,npm,color-forge-mcp,official-ts,^1.26.0,error-as-result,direct,1.30.1,cmd,depsdev,1.0.1
io.github.ryudi84/cron,npm,cron-forge-mcp,official-ts,^1.26.0,error-as-result,direct,1.30.1,cmd,depsdev,1.0.3
io.github.ryudi84/cron-forge-mcp,npm,cron-forge-mcp,official-ts,^1.26.0,error-as-result,direct,1.30.1,cmd,depsdev,1.0.1
io.github.ryudi84/diff,npm,diff-forge-mcp,official-ts,^1.26.0,error-as-result,direct,1.30.1,cmd,depsdev,1.0.3
io.github.ryudi84/diff-forge-mcp,npm,diff-forge-mcp,official-ts,^1.26.0,error-as-result,direct,1.30.1,cmd,depsdev,1.0.1
io.github.ryudi84/env,npm,env-forge-mcp,official-ts,^1.26.0,error-as-result,direct,1.30.1,cmd,depsdev,1.0.3
io.github.ryudi84/env-forge-mcp,npm,env-forge-mcp,official-ts,^1.26.0,error-as-result,direct,1.30.1,cmd,depsdev,1.0.1
io.github.ryudi84/github-stats,npm,sovereign-github-stats-mcp,official-ts,^1.26.0,error-as-result,direct,1.30.1,cmd,depsdev,1.0.0
io.github.ryudi84/gradient,npm,gradient-forge-mcp,official-ts,^1.26.0,error-as-result,direct,1.30.1,cmd,depsdev,1.0.3
io.github.ryudi84/gradient-forge-mcp,npm,gradient-forge-mcp,official-ts,^1.26.0,error-as-result,direct,1.30.1,cmd,depsdev,1.0.1
io.github.ryudi84/hash,npm,hash-forge-mcp,official-ts,^1.26.0,error-as-result,direct,1.30.1,cmd,depsdev,1.0.3
io.github.ryudi84/hash-forge-mcp,npm,hash-forge-mcp,official-ts,^1.26.0,error-as-result,direct,1.30.1,cmd,depsdev,1.0.1
io.github.ryudi84/ip-calc,npm,ip-calc-mcp,official-ts,^1.26.0,error-as-result,direct,1.30.1,cmd,depsdev,1.0.4
io.github.ryudi84/ip-calc-mcp,npm,ip-calc-mcp,official-ts,^1.26.0,error-as-result,direct,1.30.1,cmd,depsdev,1.0.2
io.github.ryudi84/json,npm,json-forge-mcp,official-ts,^1.26.0,error-as-result,direct,1.30.1,cmd,depsdev,1.0.3
io.github.ryudi84/json-forge-mcp,npm,json-forge-mcp,official-ts,^1.26.0,error-as-result,direct,1.30.1,cmd,depsdev,1.0.1
io.github.ryudi84/jwt,npm,jwt-forge-mcp,official-ts,^1.26.0,error-as-result,direct,1.30.1,cmd,depsdev,1.0.3
io.github.ryudi84/jwt-forge-mcp,npm,jwt-forge-mcp,official-ts,^1.26.0,error-as-result,direct,1.30.1,cmd,depsdev,1.0.1
io.github.ryudi84/landing,npm,landing-forge-mcp,official-ts,^1.26.0,error-as-result,direct,1.30.1,cmd,depsdev,1.0.2
io.github.ryudi84/lorem,npm,lorem-forge-mcp,official-ts,^1.26.0,error-as-result,direct,1.30.1,cmd,depsdev,1.0.3
io.github.ryudi84/lorem-forge-mcp,npm,lorem-forge-mcp,official-ts,^1.26.0,error-as-result,direct,1.30.1,cmd,depsdev,1.0.1
io.github.ryudi84/markdown,npm,markdown-forge-mcp,official-ts,^1.26.0,error-as-result,direct,1.30.1,cmd,depsdev,1.0.3
io.github.ryudi84/markdown-forge-mcp,npm,markdown-forge-mcp,official-ts,^1.26.0,error-as-result,direct,1.30.1,cmd,depsdev,1.0.1
io.github.ryudi84/mcp,npm,mcp-forge-mcp,official-ts,^1.26.0,error-as-result,direct,1.30.1,cmd,depsdev,1.0.2
io.github.ryudi84/meta,npm,meta-forge-mcp,official-ts,^1.26.0,error-as-result,direct,1.30.1,cmd,depsdev,1.0.3
io.github.ryudi84/meta-forge-mcp,npm,meta-forge-mcp,official-ts,^1.26.0,error-as-result,direct,1.30.1,cmd,depsdev,1.0.1
io.github.ryudi84/password,npm,password-forge-mcp,official-ts,^1.26.0,error-as-result,direct,1.30.1,cmd,depsdev,1.0.3
io.github.ryudi84/password-forge-mcp,npm,password-forge-mcp,official-ts,^1.26.0,error-as-result,direct,1.30.1,cmd,depsdev,1.0.1
io.github.ryudi84/qr-text,npm,qr-text-forge-mcp,official-ts,^1.26.0,error-as-result,direct,1.30.1,cmd,depsdev,1.0.1
io.github.ryudi84/readme,npm,readme-forge-mcp,official-ts,^1.26.0,error-as-result,direct,1.30.1,cmd,depsdev,1.0.3
io.github.ryudi84/readme-forge-mcp,npm,readme-forge-mcp,official-ts,^1.26.0,error-as-result,direct,1.30.1,cmd,depsdev,1.0.1
io.github.ryudi84/regex-lab,npm,regex-lab-mcp,official-ts,^1.26.0,error-as-result,direct,1.30.1,cmd,depsdev,1.0.4
io.github.ryudi84/regex-lab-mcp,npm,regex-lab-mcp,official-ts,^1.26.0,error-as-result,direct,1.30.1,cmd,depsdev,1.0.2
io.github.ryudi84/seo-analyzer,npm,sovereign-seo-analyzer-mcp,official-ts,^1.26.0,error-as-result,direct,1.30.1,cmd,depsdev,1.0.0
io.github.ryudi84/shadow,npm,shadow-forge-mcp,official-ts,^1.26.0,error-as-result,direct,1.30.1,cmd,depsdev,1.0.3
io.github.ryudi84/shadow-forge-mcp,npm,shadow-forge-mcp,official-ts,^1.26.0,error-as-result,direct,1.30.1,cmd,depsdev,1.0.1
io.github.ryudi84/timestamp,npm,timestamp-forge-mcp,official-ts,^1.26.0,error-as-result,direct,1.30.1,cmd,depsdev,1.0.3
io.github.ryudi84/timestamp-forge-mcp,npm,timestamp-forge-mcp,official-ts,^1.26.0,error-as-result,direct,1.30.1,cmd,depsdev,1.0.1
io.github.ryudi84/uuid,npm,uuid-forge-mcp,official-ts,^1.26.0,error-as-result,direct,1.30.1,cmd,depsdev,1.0.3
io.github.ryudi84/uuid-forge-mcp,npm,uuid-forge-mcp,official-ts,^1.26.0,error-as-result,direct,1.30.1,cmd,depsdev,1.0.1
io.github.ryudi84/web-scraper,npm,sovereign-web-scraper-mcp,official-ts,^1.26.0,error-as-result,direct,1.30.1,cmd,depsdev,1.0.0
io.github.ryuxik/gametheory-mcp,pypi,gametheory-mcp,official-py,>=1.0.0,error-as-result,direct,2.2.0,cmd,depsdev,0.1.2
io.github.saagpatel/mcpforge,pypi,fastmcp-builder,fastmcp-py,>=3.4.2,error-as-result,direct,4.0.9,cmd,depsdev,0.3.4
io.github.saagpatel/operant-mcp,npm,saagar-operant-mcp,official-ts,1.29.0,error-as-result,direct,1.29.0,cmd,depsdev,0.1.0
io.github.saagpatel/portfolio-mcp,npm,saagar-portfolio-mcp,official-ts,1.29.0,error-as-result,direct,1.29.0,cmd,depsdev,0.1.0
io.github.saajunaid/junai-mcp,pypi,junai-mcp,fastmcp-py,>=0.3.0,error-as-result,direct,4.0.9,cmd,depsdev,0.1.1
io.github.sachinuppal/modelcostsaver,npm,@workswarm/modelcostsaver,official-ts,^1.29.0,error-as-result,direct,1.30.1,cmd,depsdev,0.1.1
io.github.sacravenger/nanmesh-mcp,npm,nanmesh-mcp,official-ts,^1.12.0,error-as-result,direct,1.30.1,cmd,depsdev,4.0.0
io.github.sairam0424/ag-bash,npm,@ag-bash/mcp-server,none-handrolled,,pass,,,cmd,depsdev-no-sdk,6.0.4
io.github.sairam0424/mindforge,npm,mindforge-mcp-server,official-ts,^1.29.0,error-as-result,direct,1.30.1,cmd,depsdev,11.5.1
io.github.sairam0424/trelix,pypi,trelix-mcp,fastmcp-py,>=2.0.0,error-as-result,direct,4.0.9,cmd,depsdev,0.5.1
withheld-f1ec7a1d1b6c,npm,withheld-f1ec7a1d1b6c,official-ts,^1.0.0,fail,direct,1.30.1,cmd,depsdev,
io.github.samad001z/norn,npm,@samad001z/norn-server,official-ts,^1.13.1,error-as-result,direct,1.30.1,cmd,depsdev,1.2.3
io.github.samith14/mcp-cantina,npm,@mosaisley/mcp-cantina,official-ts,^1.29.0,error-as-result,direct,1.30.1,cmd,depsdev,0.0.2
io.github.samouh-waleed/prompyai,npm,prompyai-mcp,official-ts,^1.12.1,error-as-result,direct,1.30.1,cmd,depsdev,0.1.1
io.github.sanchirico/camacho-mcp,npm,camacho-mcp,none-handrolled,,pass,,,cmd,depsdev-no-sdk,1.0.0
io.github.sandcastlelabs/collimer-mcp,npm,collimer-mcp,official-ts,^1.29.0,error-as-result,direct,1.30.1,cmd,depsdev,0.3.0
io.github.sandovalrr/project-context,npm,@sandovalrr/project-context-mcp,none-handrolled,,error-as-result,,,cmd,dev-only-sdk:official-ts,0.1.0
io.github.sandsower/vedurstofa-mcp,npm,vedurstofa-mcp,official-ts,^1.0.4,error-as-result,direct,1.30.1,cmd,depsdev,1.0.0
io.github.sangjun0000/stellar-memory,npm,stellar-memory,official-ts,^1.27.1,error-as-result,direct,1.30.1,cmd,depsdev,1.0.3
io.github.sanjana-pier39/negotiate-mcp,pypi,negotiate-mcp,official-py,>=1.0,error-as-result,direct,2.2.0,cmd,depsdev,0.1.1
io.github.sanjaypsachdev/mcp-server-openshift,npm,mcp-server-openshift,official-ts,^0.7.0,error-as-result,direct,0.7.0,cmd,depsdev,1.2.0
io.github.sapiom/mcp,npm,@sapiom/mcp,official-ts,^1.26.0,error-as-result,direct,1.30.1,cmd,depsdev,0.8.0
io.github.sapph1re/feedback-synthesis-mcp,pypi,feedback-synthesis-mcp,fastmcp-py,>=3.2.3,error-as-result,direct,4.0.9,cmd,depsdev,0.1.1
io.github.sapph1re/mcp-billing-gateway,pypi,mcp-billing-gateway,fastmcp-py,>=2.0.0,error-as-result,direct,4.0.9,cmd,depsdev,0.1.2
io.github.sarveshtalele/personal-finance,pypi,personal-finance-mcp,official-py,>=1.0.0,error-as-result,direct,2.2.0,cmd,depsdev,1.0.2
io.github.sassyconsultingllc/sassymcp,pypi,sassymcp,official-py,"<2.0.0,>=1.0.0",error-as-result,direct,1.30.0,cmd,depsdev,1.12.0
io.github.satelliteoflove/godot-mcp,npm,@satelliteoflove/godot-mcp,official-ts,^1.29.0,error-as-result,direct,1.30.1,cmd,depsdev,4.1.0
io.github.sathvic-kollu/retro-mcp,npm,retro-mcp,official-ts,^1.0.0,error-as-result,direct,1.30.1,cmd,depsdev,0.1.0
io.github.sathvic-kollu/standup-mcp,npm,standup-mcp,official-ts,^1.0.0,error-as-result,direct,1.30.1,cmd,depsdev,0.1.0
io.github.sathya-sankaran/mdshare,npm,mdshare-mcp,official-ts,^1.0.0,error-as-result,direct,1.30.1,cmd,depsdev,1.4.1
io.github.satoshkin-dev/satoshkin-aml-mcp,npm,satoshkin-aml-mcp,official-ts,^1.29.0,error-as-result,direct,1.30.1,cmd,depsdev,0.2.0
io.github.saurabh-karn/amrood-mcp,pypi,amrood-mcp,official-py,>=1.0.0,error-as-result,direct,2.2.0,cmd,depsdev,0.4.0
io.github.saybanet/sayba-platform,npm,sayba-platform,official-ts,^1.12.0,error-as-result,direct,1.30.1,cmd,depsdev,1.0.1
io.github.saybanet/sayba-skill-market,npm,sayba-skill-market,official-ts,^1.12.0,error-as-result,direct,1.30.1,cmd,depsdev,1.0.1
io.github.sbrunner-atx/contest-mcp,pypi,contest-mcp,unknown,,error-as-result,,,cmd,no-graph,0.1.2
io.github.sbrunner-atx/fldigi-mcp,pypi,fldigi-mcp,official-py,>=1.2.0,error-as-result,direct,2.2.0,cmd,depsdev,0.1.1
io.github.sbrunner-atx/wsjtx-mcp,pypi,wsjtx-mcp,official-py,>=1.2.0,error-as-result,direct,2.2.0,cmd,depsdev,0.1.2
io.github.sceneview/mcp,npm,sceneview-mcp,official-ts,^1.12.0,error-as-result,direct,1.30.1,cmd,depsdev,3.4.7
io.github.scka-de/ecb-mcp,npm,ecb-mcp,official-ts,^1.12.0,error-as-result,direct,1.30.1,cmd,depsdev,0.1.0
io.github.scope-bid/scope-aec-mcp,npm,@scope-bid/scope-aec-mcp,official-ts,^1.0.0,error-as-result,indirect,1.30.1,cmd,depsdev,0.1.1
io.github.scope-bid/scope-claims-mcp,npm,@scope-bid/scope-claims-mcp,official-ts,^1.0.0,error-as-result,indirect,1.30.1,cmd,depsdev,0.1.1
io.github.scope-bid/scope-mcp,npm,@scope-bid/scope-mcp,official-ts,^1.0.0,error-as-result,indirect,1.30.1,cmd,depsdev,0.2.1
io.github.scottmreed/ChemCP,npm,chemcp,official-ts,^1.26.0,error-as-result,direct,1.30.1,cmd,depsdev,1.1.0
io.github.sean-sunagaku/promptlint-mcp,npm,promptlint-mcp,official-ts,^1.0.4,warn,direct,1.30.1,cmd,depsdev,0.1.3
io.github.seang1121/sports-betting-mcp,pypi,sports-betting-mcp,official-py,>=1.0.0,error-as-result,direct,2.2.0,cmd,depsdev,1.0.0
io.github.seankim-android/humanaway-mcp-server,npm,@humanaway/mcp-server,official-ts,^1.12.1,error-as-result,direct,1.30.1,cmd,depsdev,0.2.2
io.github.seanlok/tcg-mcp,pypi,tcg-mcp,official-py,>=1.2.0,error-as-result,direct,2.2.0,cmd,depsdev,0.4.0
withheld-9af32512629c,npm,withheld-9af32512629c,official-ts,^1.29.0,fail,direct,1.30.1,cmd,depsdev,
io.github.sebastienrousseau/acmt001-mcp,pypi,acmt001-mcp,official-py,>=1.2,error-as-result,direct,2.2.0,cmd,depsdev,0.0.5
io.github.sebastienrousseau/bankstatementparser-mcp,pypi,bankstatementparser-mcp,official-py,>=1.2,error-as-result,direct,2.2.0,cmd,depsdev,0.0.14
io.github.sebastienrousseau/camt053-mcp,pypi,camt053-mcp,official-py,>=1.2,error-as-result,direct,2.2.0,cmd,depsdev,0.0.14
io.github.sebastienrousseau/iso20022-bank-profile-mcp,pypi,iso20022-bank-profile-mcp,official-py,>=1.28.1,error-as-result,direct,2.2.0,cmd,depsdev,0.0.2
io.github.sebastienrousseau/iso20022-evidence-pack-mcp,pypi,iso20022-evidence-pack-mcp,official-py,>=1.28.1,error-as-result,direct,2.2.0,cmd,depsdev,0.0.2
io.github.sebastienrousseau/iso20022-mcp,pypi,iso20022-mcp,official-py,>=1.2,error-as-result,direct,2.2.0,cmd,depsdev,0.0.4
io.github.sebastienrousseau/iso20022-readiness-suite-mcp,pypi,iso20022-readiness-suite-mcp,official-py,>=1.28.1,error-as-result,direct,2.2.0,cmd,depsdev,0.0.2
io.github.sebastienrousseau/pacs008-mcp,pypi,pacs008-mcp,official-py,>=1.2,error-as-result,direct,2.2.0,cmd,depsdev,0.0.5
io.github.sebastienrousseau/pain001-mcp,pypi,pain001-mcp,official-py,>=1.2,error-as-result,direct,2.2.0,cmd,depsdev,0.0.55
io.github.sebastienrousseau/reconcile-mcp,pypi,reconcile-mcp,official-py,>=1.2,error-as-result,direct,2.2.0,cmd,depsdev,0.0.1
io.github.sebastienrousseau/structured-address-fix-mcp,pypi,structured-address-fix-mcp,official-py,>=1.28.1,error-as-result,direct,2.2.0,cmd,depsdev,0.0.2
io.github.securecoders/opengraph-io-mcp,npm,opengraph-io-mcp,official-ts,^1.25.3,warn,direct,1.30.1,cmd,depsdev,1.3.5
io.github.seldonframe/mcp,npm,@seldonframe/mcp,official-ts,^1.0.4,error-as-result,direct,1.30.1,cmd,depsdev,1.59.2
io.github.selfagency/beans-mcp,npm,@selfagency/beans-mcp,none-handrolled,,error-as-result,,,cmd,depsdev-no-sdk,0.1.4
io.github.sellisd/mcp-units,pypi,mcp-units,official-py,==1.15.0,error-as-result,direct,1.15.0,cmd,depsdev,0.3.3
io.github.selvatuple/revibe-mcp,npm,revibe-mcp,official-ts,^1.27.0,error-as-result,direct,1.30.1,cmd,depsdev,0.1.1
io.github.sena-labs/replicate-mcp-server,npm,replicate-mcp-server,official-ts,^1.29.0,error-as-result,direct,1.30.1,cmd,depsdev,3.2.3
withheld-f4e808ed37a8,npm,withheld-f4e808ed37a8,official-ts,^1.25.0,fail,direct,1.30.1,cmd,depsdev,
io.github.serkan-ozal/browser-devtools-mcp,npm,browser-devtools-mcp,official-ts,^1.23.1,error-as-result,direct,1.30.1,cmd,depsdev,0.9.1
io.github.seungdori/tickscope-mcp,pypi,tickscope-mcp,official-py,>=1.2.0,error-as-result,direct,2.2.0,cmd,depsdev,0.1.1
io.github.shackleai/memory,npm,@shackleai/memory-mcp,official-ts,^1.12.1,error-as-result,direct,1.30.1,cmd,depsdev,0.5.2
io.github.shadoprizm/cyberlens-mcp-server,npm,@shadoprizm/cyberlens-mcp-server,official-ts,^1.0.0,error-as-result,direct,1.30.1,cmd,depsdev,1.0.0
withheld-d98bbb7e455a,npm,withheld-d98bbb7e455a,official-ts,^1.0.0,error-as-result,direct,1.30.1,cmd,depsdev,
io.github.shagarwal/databazaar,npm,databazaar-mcp,official-ts,^1.0.0,error-as-result,direct,1.30.1,cmd,depsdev,1.2.0
io.github.shahidh68/audit-ledger-mcp,npm,audit-ledger-mcp,official-ts,^1.0.0,error-as-result,direct,1.30.1,cmd,depsdev,0.3.1
io.github.sharebook-kr/pykrx-mcp,pypi,pykrx-mcp,official-py,>=1.1.2,error-as-result,direct,2.2.0,cmd,depsdev,0.1.3
io.github.sharozdawa/ai-visibility,npm,ai-visibility-mcp,official-ts,^1.27.1,error-as-result,direct,1.30.1,cmd,depsdev,1.0.0
io.github.sharozdawa/content-optimizer,npm,content-optimizer-mcp,official-ts,^1.12.1,error-as-result,direct,1.30.1,cmd,depsdev,1.0.0
io.github.sharozdawa/indexnow,npm,indexnow-mcp,official-ts,^1.27.1,error-as-result,direct,1.30.1,cmd,depsdev,1.0.0
io.github.sharozdawa/robotstxt-ai,npm,robotstxt-ai-mcp,official-ts,^1.12.1,error-as-result,direct,1.30.1,cmd,depsdev,1.0.1
io.github.sharozdawa/schema-gen,npm,schema-gen-mcp,official-ts,^1.27.1,error-as-result,direct,1.30.1,cmd,depsdev,1.0.0
withheld-7fc6ede28cfc,npm,withheld-7fc6ede28cfc,official-ts,^1.0.0,fail,direct,1.30.1,cmd,depsdev,
withheld-b65ec07be418,npm,withheld-b65ec07be418,official-ts,^1.0.0,fail,direct,1.30.1,cmd,depsdev,
io.github.shashwatgtm/gtm-alpha-consultant,npm,@shashwatgtmalpha/gtm-alpha-mcp-server,official-ts,^0.4.0,warn,direct,0.4.0,cmd,depsdev,1.0.5
io.github.shashwatgtm/icp-intelligence-mcp,npm,@shashwatgtmalpha/icp-intelligence-mcp,official-ts,^0.6.0,error-as-result,direct,0.6.1,cmd,depsdev,1.0.0
io.github.shashwatgtm/impact-mcp,npm,@shashwatgtmalpha/impact-mcp,official-ts,^0.6.0,error-as-result,direct,0.6.1,cmd,depsdev,2.0.0
io.github.shashwatgtm/impact-mcp-server,npm,@shashwatgtmalpha/impact-mcp-server,official-ts,^1.0.0,error-as-result,direct,1.30.1,cmd,depsdev,1.0.1
withheld-8ebe7e97a767,npm,withheld-8ebe7e97a767,official-ts,^0.6.0,fail,direct,0.6.1,cmd,depsdev,
io.github.shayaShav/flatten-mcp,npm,flatten-mcp,official-ts,^1.12.1,error-as-result,direct,1.30.1,cmd,depsdev,2.5.1
withheld-ac4ba62258e7,npm,withheld-ac4ba62258e7,official-ts,^1.0.0,fail,direct,1.30.1,cmd,depsdev,
io.github.shea256/aiiq-mcp,npm,@aiiq/mcp,official-ts,^1.29.0,error-as-result,direct,1.30.1,cmd,depsdev,0.2.0
io.github.shieldly-io/mcp,npm,@shieldly/mcp,none-handrolled,,error-as-result,,,cmd,dev-only-sdk:official-ts,1.0.1
io.github.shigechika/aruba-central-mcp,pypi,aruba-central-mcp,official-py,>=1.0,error-as-result,direct,2.2.0,cmd,depsdev,0.5.3
io.github.shigechika/boxadm-mcp,pypi,boxadm-mcp,official-py,>=1.2,error-as-result,direct,2.2.0,cmd,depsdev,0.4.0
io.github.shigechika/eos-mcp,pypi,eos-mcp,official-py,>=1.0,error-as-result,direct,2.2.0,cmd,depsdev,1.0.2
io.github.shigechika/gwsadm-mcp,pypi,gwsadm-mcp,official-py,>=1.2,error-as-result,direct,2.2.0,cmd,depsdev,0.7.0
io.github.shigechika/jquants-mcp,pypi,jquants-mcp,fastmcp-py,>=3.2.1,error-as-result,direct,4.0.9,cmd,depsdev,0.50.0
io.github.shigechika/junos-mcp,pypi,junos-mcp,official-py,>=1.0,error-as-result,direct,2.2.0,cmd,depsdev,0.15.6
io.github.shigechika/keycloak-mcp,pypi,keycloak-mcp,official-py,>=1.0,error-as-result,direct,2.2.0,cmd,depsdev,0.13.0
io.github.shigetosidumeda-cyber/autonomath-mcp,pypi,autonomath-mcp,official-py,>=1.2,error-as-result,direct,2.2.0,cmd,depsdev,0.5.0
withheld-8e9b242fbcaf,npm,withheld-8e9b242fbcaf,official-ts,^1.29.0,fail,direct,1.30.1,cmd,depsdev,
io.github.shivam-app-developers/ai-optimizer,npm,@ai-optimizer/core,official-ts,^1.0.4,error-as-result,direct,1.30.1,cmd,depsdev,0.1.0
io.github.shlok-lgtm/basis-mcp,npm,@basis-protocol/mcp-server,official-ts,^1.12.1,error-as-result,direct,1.30.1,cmd,depsdev,1.0.3
io.github.shofer-dev/slang-workflows,npm,slang-workflows,official-ts,1.29.0,error-as-result,direct,1.29.0,cmd,depsdev,0.1.2
io.github.shotwellj/air-blackbox,pypi,air-blackbox-mcp,official-py,>=1.0.0,error-as-result,direct,2.2.0,cmd,depsdev,0.1.2
io.github.shubhamekapure/social-search-mcp,pypi,social-search-mcp,official-py,>=1.0.0,error-as-result,direct,2.2.0,cmd,depsdev,0.1.3
io.github.shubhtoy/github-project-info,npm,github-project-info-mcp,official-ts,1.29.0,error-as-result,direct,1.29.0,cmd,depsdev,0.1.3
io.github.shuotao/revit-mcp-server,npm,@shuotao/revit-mcp-server,official-ts,^1.0.4,error-as-result,direct,1.30.1,cmd,depsdev,1.0.2
io.github.sidney/web-to-markdown-mcp,pypi,web-to-markdown-mcp,fastmcp-py,>=0.2.0,error-as-result,direct,4.0.9,cmd,depsdev,0.6.0
io.github.signal-found/sf-mcp,pypi,sf-mcp,official-py,"<2.0.0,>=1.26.0",error-as-result,direct,1.30.0,cmd,depsdev,0.1.1
io.github.signnow/sn-api-helper-mcp,pypi,sn-api-helper-mcp,fastmcp-py,>=2.14.1,error-as-result,direct,4.0.9,cmd,depsdev,0.1.1
io.github.simonether/kwork-mcp,pypi,kwork-mcp,fastmcp-py,"<4,>=3.1",error-as-result,direct,3.4.7,cmd,depsdev,0.2.3
io.github.sind00/flippa-mcp,npm,flippa-mcp-server,official-ts,^1.6.1,error-as-result,direct,1.30.1,cmd,depsdev,1.0.2
io.github.sinewaveai/agent-security-scanner-mcp,npm,agent-security-scanner-mcp,official-ts,^1.25.3,error-as-result,direct,1.30.1,cmd,depsdev,2.0.1
io.github.singularityjason/lightning-memory,pypi,lightning-memory,official-py,>=1.0.0,error-as-result,direct,2.2.0,cmd,depsdev,0.4.1
io.github.sjkim1127/reversecore-mcp,pypi,reversecore-mcp,fastmcp-py,==3.4.4,error-as-result,direct,3.4.4,cmd,depsdev,3.0.2
io.github.skill-federation/skillfed-mcp,npm,skillfed-mcp,official-ts,^1.0.0,error-as-result,direct,1.30.1,cmd,depsdev,0.1.3
io.github.skillselion/skillselion-mcp,npm,skillselion-mcp,official-ts,^1.12.0,error-as-result,direct,1.30.1,cmd,depsdev,0.9.6
io.github.skunkobi/leclerc-drive,npm,mcp-leclerc-drive,official-ts,^1.0.0,error-as-result,direct,1.30.1,cmd,depsdev,0.3.0
io.github.slavins-co/cellartracker-mcp,npm,cellartracker-mcp,official-ts,^1.0.0,error-as-result,direct,1.30.1,cmd,depsdev,0.5.0
io.github.slettmayer/oebb-mcp-server,pypi,oebb-mcp-server,official-py,>=1.28.1,error-as-result,direct,2.2.0,cmd,depsdev,0.1.2
io.github.slookisen/lokal-mcp,npm,lokal-mcp,official-ts,^1.12.1,error-as-result,direct,1.30.1,cmd,depsdev,0.4.0
io.github.slookisen/opplevagent-mcp,npm,opplevagent-mcp,official-ts,^1.12.1,error-as-result,direct,1.30.1,cmd,depsdev,0.1.0
io.github.smaniches/alphafold-sovereign-mcp,pypi,alphafold-sovereign-mcp,fastmcp-py,>=0.4.0,error-as-result,direct,4.0.9,cmd,depsdev,1.3.0
io.github.smaniches/semantic-scholar-mcp,pypi,s2-mcp-server,official-py,"<2,>=1.25.0",error-as-result,direct,1.30.0,cmd,depsdev,1.5.5
io.github.smaniches/uniprot-mcp,pypi,uniprot-mcp-server,official-py,>=1.2,error-as-result,direct,2.2.0,cmd,depsdev,1.3.0
io.github.smarterweather/onboarding,npm,@smarterweather/mcp-onboarding,none-handrolled,,error-as-result,,,cmd,depsdev-no-sdk,0.0.2
io.github.smarterweather/weather,npm,@smarterweather/mcp-weather,none-handrolled,,error-as-result,,,cmd,depsdev-no-sdk,0.0.0
io.github.smartmemory/stratum-mcp,pypi,stratum-mcp,official-py,>=1.0,error-as-result,direct,2.2.0,cmd,depsdev,0.2.42
io.github.smartpolicy-protocol/smartpolicy,npm,@smartpolicy/mcp,official-ts,^1.12.0,error-as-result,direct,1.30.1,cmd,depsdev,0.2.0
io.github.smigolsmigol/llmkit,npm,@f3d1/llmkit-mcp-server,official-ts,^1.12.0,error-as-result,direct,1.30.1,cmd,depsdev,0.4.7
io.github.smijo-geek/scamcheck-mcp-server,npm,scamcheck-mcp-server,official-ts,^1.0.0,warn,direct,1.30.1,cmd,depsdev,1.1.2
withheld-ce3a2940fb67,npm,withheld-ce3a2940fb67,official-ts,^1.27.1,error-as-result,direct,1.30.1,cmd,depsdev,
io.github.smoke711711/ashfields-mcp-server,npm,ashfields-mcp-server,official-ts,^1.0.4,error-as-result,direct,1.30.1,cmd,depsdev,1.0.0
io.github.smurfy92/openclaw-control-mcp,npm,openclaw-control-mcp,official-ts,^1.0.0,warn,direct,1.30.1,cmd,depsdev,0.6.0
io.github.snapsynapse/ai-incident-law,npm,ai-incident-law,none-handrolled,,error-as-result,,,cmd,depsdev-no-sdk,0.1.1
io.github.snapsynapse/every-ai-law,npm,every-ai-law,none-handrolled,,error-as-result,,,cmd,depsdev-no-sdk,0.3.0
io.github.snapsynapse/publedge,npm,publedge,none-handrolled,,error-as-result,,,cmd,depsdev-no-sdk,0.1.1
io.github.sneakyfree/windy-word-mcp,npm,windy-word-mcp,official-ts,^1.29.0,error-as-result,direct,1.30.1,cmd,depsdev,1.3.0
io.github.snenenenenenene/transita-mcp-server,npm,@transita/mcp-server,official-ts,^1.29.0,error-as-result,direct,1.30.1,cmd,depsdev,0.1.0
io.github.solhammer/agent-toolbox,npm,agentoolbox-mcp,official-ts,^1.0.0,error-as-result,direct,1.30.1,cmd,depsdev,0.1.4
io.github.somacoffeekyoto/imgx,npm,imgx-mcp,official-ts,^1.27.1,error-as-result,direct,1.30.1,cmd,depsdev,1.6.1
io.github.sonpiaz/openaffiliate-mcp,npm,openaffiliate-mcp,official-ts,^1.26.0,error-as-result,direct,1.30.1,cmd,depsdev,0.0.3
io.github.sonpiaz/watch-cli,npm,@sonpiaz/watch-cli-mcp,official-ts,^1.29.0,warn,direct,1.30.1,cmd,depsdev,0.3.1
io.github.sonwr/domain-radar,npm,mcp-domain-radar,official-ts,^1.12.0,error-as-result,direct,1.30.1,cmd,depsdev,0.1.2
io.github.sophiacave/lo-eyes,pypi,lo-eyes,official-py,>=1.0.0,error-as-result,direct,2.2.0,cmd,depsdev,1.1.0
io.github.soufianetahiri/mception,pypi,mception,official-py,>=1.2.0,error-as-result,direct,2.2.0,cmd,depsdev,0.5.2
io.github.spark1security/n0s1-mcp,pypi,n0s1-mcp,official-py,>=1.0.0,error-as-result,direct,2.2.0,cmd,depsdev,1.1.6
io.github.spectra-g/engram,npm,@spectra-g/engram-adapter,official-ts,^1.0.0,error-as-result,direct,1.30.1,cmd,depsdev,0.2.11
io.github.spences10/mcp-omnisearch,npm,mcp-omnisearch,none-handrolled,,error-as-result,,,cmd,depsdev-no-sdk,0.0.15
io.github.spences10/mcp-sqlite-tools,npm,mcp-sqlite-tools,none-handrolled,,error-as-result,,,cmd,depsdev-no-sdk,0.0.11
io.github.spokenmd/spoken,npm,spoken-mcp,official-ts,^1.29.0,error-as-result,direct,1.30.1,cmd,depsdev,0.2.1
io.github.spranab/brainstorm-mcp,npm,brainstorm-mcp,official-ts,^1.27.0,error-as-result,direct,1.30.1,cmd,depsdev,1.5.4
io.github.spranab/saga-mcp,npm,saga-mcp,official-ts,^1.26.0,error-as-result,direct,1.30.1,cmd,depsdev,1.5.5
io.github.spshkar84/madb-memory,pypi,madb-mcp-server,official-py,"<2,>=1.0.0",error-as-result,direct,1.30.0,cmd,depsdev,0.2.10
io.github.spyyps/menus-recommender,pypi,menus-mcp,official-py,>=1.0,error-as-result,direct,2.2.0,cmd,depsdev,1.0.1
io.github.sqemo/sqemo,npm,sqemo-mcp,official-ts,^1.12.0,error-as-result,direct,1.30.1,cmd,depsdev,1.0.1
io.github.srbryant86/mcp-server,npm,@certnode/mcp-server,official-ts,^1.0.0,error-as-result,direct,1.30.1,cmd,depsdev,1.2.2
io.github.sreeramkongeseri/tablafocus-mcp,npm,tablafocus-mcp,official-ts,^1.27.1,error-as-result,direct,1.30.1,cmd,depsdev,0.1.1
io.github.srmorete/mobile-device-mcp,npm,@srmorete/mobile-device-mcp,official-ts,^1.12.1,error-as-result,direct,1.30.1,cmd,depsdev,0.1.5
io.github.sshahzaiib/agy-bridge,npm,agy-bridge,official-ts,^1.12.0,error-as-result,direct,1.30.1,cmd,depsdev,0.3.1
io.github.stabgan/steelmind,npm,@stabgan/steelmind-mcp,official-ts,^1.27.1,warn,direct,1.30.1,cmd,depsdev,2.0.1
withheld-7487971d26c8,npm,withheld-7487971d26c8,none-handrolled,,pass,,,cmd,depsdev-no-sdk,
io.github.standardbeagle/mcp-debug,pypi,mcp-debug,none-handrolled,,pass,,,cmd,depsdev-no-sdk,1.1.6
io.github.stanislawherjan1/gdocs-comments-mcp,npm,gdocs-comments-mcp,official-ts,^1.12.0,error-as-result,direct,1.30.1,cmd,depsdev,0.1.1
io.github.starfetch-js/starfetch,npm,@starfetch-js/mcp,official-ts,1.29.0,error-as-result,direct,1.29.0,cmd,depsdev,0.2.3
withheld-d4094b7557a0,pypi,withheld-d4094b7557a0,official-py,>=1.0.0,fail,direct,2.2.0,cmd,depsdev,
io.github.starlordz12/inav-mcp,pypi,inav-mcp,official-py,>=1.0,error-as-result,direct,2.2.0,cmd,depsdev,0.3.2
io.github.starter-series/create-starter,npm,@starter-series/create,official-ts,^1.29.0,error-as-result,direct,1.30.1,cmd,depsdev,0.4.0
io.github.stefanoshea/rlm-tools,pypi,rlm-tools,official-py,>=1.2.0,error-as-result,direct,2.2.0,cmd,depsdev,0.1.0
io.github.stefanstranger/avm-mcp-server,pypi,avm-mcp-server,fastmcp-py,,error-as-result,direct,4.0.9,cmd,depsdev,0.1.5
io.github.stelis-dev/agent-q,npm,@stelis/agent-q,official-ts,1.29.0,error-as-result,direct,1.29.0,cmd,depsdev,0.2.2
io.github.stelis-dev/say-ur-intent,npm,@stelis/say-ur-intent,official-ts,1.29.0,error-as-result,direct,1.29.0,cmd,depsdev,0.3.0
io.github.sterion66/godot,pypi,godot-mcp-server,fastmcp-py,"<4,>=3.2.3",error-as-result,direct,3.4.7,cmd,depsdev,1.0.2
io.github.steve228uk/metro-mcp,npm,metro-mcp,official-ts,^1.29.0,error-as-result,direct,1.30.1,cmd,depsdev,0.13.1
io.github.stevemilton/agentmarketplace-mcp,npm,agentmarketplace-mcp,official-ts,^1.12.1,error-as-result,direct,1.30.1,cmd,depsdev,0.3.1
io.github.stobo-app/seo-audit,pypi,stobo-mcp,official-py,>=1.23.0,error-as-result,direct,2.2.0,cmd,depsdev,0.4.3
io.github.stolarubrendang/tradar,npm,tradar-mcp,official-ts,^1.0.0,error-as-result,direct,1.30.1,cmd,depsdev,0.1.0
io.github.stonematt/mcp-obsidian-cli,npm,mcp-obsidian-cli,official-ts,^1.12.1,error-as-result,direct,1.30.1,cmd,depsdev,2.0.4
io.github.stucchi/domain-check,pypi,domain-check-mcp,official-py,>=1.26.0,error-as-result,direct,2.2.0,cmd,depsdev,1.1.1
io.github.stucchi/google-analytics,pypi,google-analytics-4-mcp,official-py,>=1.26.0,error-as-result,direct,2.2.0,cmd,depsdev,0.1.1
io.github.stucchi/italy-opendata,pypi,italy-opendata-mcp,official-py,,error-as-result,direct,2.2.0,cmd,depsdev,1.0.2
io.github.stucchi/mcp-advisor,pypi,mcp-advisor,official-py,>=1.26.0,error-as-result,direct,2.2.0,cmd,depsdev,2.0.0
io.github.stuchapin909/open-eagle-eye,npm,openeagleeye,official-ts,1.28.0,error-as-result,direct,1.28.0,cmd,depsdev,8.0.0
io.github.sudomichael/search-console-mcp,npm,search-console-mcp-server,official-ts,^1.0.0,error-as-result,direct,1.30.1,cmd,depsdev,0.1.2
io.github.sugukurukabe/japan-real-estate-intel-mcp,npm,@sugukuru/japan-real-estate-intel-mcp,official-ts,^1.12.1,error-as-result,direct,1.30.1,cmd,depsdev,6.15.1
io.github.sugukurukabe/jp-bids,npm,jp-bids-mcp,official-ts,^1.29.0,error-as-result,direct,1.30.1,cmd,depsdev,0.7.0
io.github.sugukurukabe/koko-call,npm,koko-call-mcp,official-ts,^1.29.0,error-as-result,direct,1.30.1,cmd,depsdev,0.2.0
io.github.sukrutkrdg/warden402-mcp,npm,warden402-mcp,official-ts,^1.0.0,error-as-result,direct,1.30.1,cmd,depsdev,0.1.0
io.github.sukrutkrdg/x402-bazaar-mcp,npm,x402-bazaar-mcp,official-ts,^1.0.0,error-as-result,direct,1.30.1,cmd,depsdev,0.2.2
io.github.sunhome243/figma-mcp-express,npm,figma-mcp-express,none-handrolled,,pass,,,cmd,depsdev-no-sdk,2.8.0
io.github.suomimasuda/rightos-mcp,npm,@i-s3/rightos-mcp,official-ts,^1.29.0,error-as-result,direct,1.30.1,cmd,depsdev,0.4.4
io.github.superlowburn/agentrank,npm,agentrank-mcp-server,official-ts,^1.27.1,error-as-result,direct,1.30.1,cmd,depsdev,1.2.1
io.github.superlowburn/hive-mcp,npm,@superlowburn/hive-mcp,official-ts,^1.6.1,error-as-result,direct,1.30.1,cmd,depsdev,1.0.1
io.github.supermarco74/webvoice-mcp,pypi,webvoice-mcp,official-py,>=1.6.0,error-as-result,direct,2.2.0,cmd,depsdev,0.2.1
io.github.supertrained/rhumb-mcp,npm,rhumb-mcp,official-ts,^1.12.1,error-as-result,direct,1.30.1,cmd,depsdev,0.8.2
io.github.supra126/taiwan-payroll,npm,taiwan-payroll-mcp,official-ts,^1.29,error-as-result,direct,1.30.1,cmd,depsdev,1.4.0
io.github.survivorforge/agentalmanac-mcp,npm,agentalmanac-mcp,official-ts,^1.18.0,error-as-result,direct,1.30.1,cmd,depsdev,0.1.5
io.github.sustinbebustin/citadel-mcp,npm,citadel-mcp,official-ts,^1.25.0,error-as-result,direct,1.30.1,cmd,depsdev,2.2.0
io.github.svkbogislav/latam-data-mcp,pypi,latam-data-mcp,fastmcp-py,>=3.0,error-as-result,direct,4.0.9,cmd,depsdev,0.6.1
io.github.swarmsync-ai/conduit-mcp,npm,@swarmsync/conduit-mcp,official-ts,^1.27.1,error-as-result,direct,1.30.1,cmd,depsdev,0.1.0
io.github.swimmwatch/cloakbrowser-mcp,npm,cloakbrowser-mcp,official-ts,^1.29.0,error-as-result,direct,1.30.1,cmd,depsdev,1.8.0
io.github.swperb/imgcli,npm,imgcli-mcp,official-ts,^1.17.0,error-as-result,direct,1.30.1,cmd,depsdev,0.2.0
io.github.swswordholy-tech/agentschat-mcp,npm,agentschat-mcp,official-ts,^1.29.0,error-as-result,direct,1.30.1,cmd,depsdev,0.30.0
io.github.syedtaj7/kitbag-mcp,npm,kitbag-mcp,official-ts,^1.0.1,pass,direct,1.30.1,cmd,depsdev,1.1.2
io.github.symbo-ls/symbols-mcp,pypi,symbols-mcp,official-py,>=1.9.0,error-as-result,direct,2.2.0,cmd,depsdev,3.14.485
io.github.synpareia/trust-mcp,pypi,synpareia-trust-mcp,official-py,>=1.0,error-as-result,direct,2.2.0,cmd,depsdev,0.8.0
io.github.sypherin/altronis-mcp,npm,@altronis/altronis-mcp,official-ts,^1.0.4,pass,direct,1.30.1,cmd,depsdev,0.1.1
io.github.sypherin/sgdata-mcp,npm,@altronis/sgdata-mcp,official-ts,^1.0.4,pass,direct,1.30.1,cmd,depsdev,0.5.2
io.github.tadas-github/a2asearch-mcp,npm,a2asearch-mcp,official-ts,^1.0.0,error-as-result,direct,1.30.1,cmd,depsdev,1.1.5
io.github.tamasPetki/headless-tracker,npm,headless-tracker,official-ts,^1.29.0,error-as-result,direct,1.30.1,cmd,depsdev,1.0.17
io.github.tang-vu/keryx,npm,keryx-mcp,official-ts,^1.29.0,error-as-result,direct,1.30.1,cmd,depsdev,0.1.1
io.github.tathagat22/plumb-mcp,npm,plumb-mcp,official-ts,^1.11.0,error-as-result,direct,1.30.1,cmd,depsdev,0.13.2
io.github.taurgis/sfcc-dev-mcp,npm,sfcc-dev-mcp,official-ts,1.29.0,error-as-result,direct,1.29.0,cmd,depsdev,1.1.0
io.github.taylorwilsdon/workspace-mcp,pypi,workspace-mcp,fastmcp-py,>=2.14.4,error-as-result,direct,4.0.9,cmd,depsdev,1.11.1
io.github.tchivs/aktools-pro,pypi,aktools-pro,fastmcp-py,>=2.0.0,error-as-result,direct,4.0.9,cmd,depsdev,0.2.2
io.github.tdnupe3/coinrailz,pypi,coinrailz-mcp,official-py,>=1.0.0,error-as-result,direct,2.2.0,cmd,depsdev,1.0.5
io.github.teabagkim/interview-mode,npm,claude-interview-mode,official-ts,^1.26.0,error-as-result,direct,1.30.1,cmd,depsdev,0.5.1
io.github.teampolarity/cosmos-mcp,npm,@polarity-lab/cosmos-mcp,official-ts,^1.0.4,error-as-result,direct,1.30.1,cmd,depsdev,0.7.1
withheld-0167fa7ef6e4,npm,withheld-0167fa7ef6e4,none-handrolled,,warn,,,cmd,depsdev-no-sdk,
withheld-34a05555168b,pypi,withheld-34a05555168b,official-py,>=1.0.0,fail,direct,2.2.0,cmd,depsdev,
withheld-000047882c22,pypi,withheld-000047882c22,official-py,>=1.0.0,fail,direct,2.2.0,cmd,depsdev,
withheld-1d6fd7aa7011,pypi,withheld-1d6fd7aa7011,official-py,>=1.0.0,fail,direct,2.2.0,cmd,depsdev,
withheld-e27664aad206,pypi,withheld-e27664aad206,official-py,>=1.0.0,fail,direct,2.2.0,cmd,depsdev,
withheld-4c0728abd9a8,pypi,withheld-4c0728abd9a8,official-py,>=1.0.0,fail,direct,2.2.0,cmd,depsdev,
withheld-b7dc251536e3,pypi,withheld-b7dc251536e3,official-py,>=1.0.0,fail,direct,2.2.0,cmd,depsdev,
withheld-78032b06a918,pypi,withheld-78032b06a918,official-py,>=1.0.0,fail,direct,2.2.0,cmd,depsdev,
io.github.tenkai2018/ai-business-system-advisor-mcp,npm,ai-business-system-advisor-mcp,official-ts,1.29.0,error-as-result,direct,1.29.0,cmd,depsdev,0.1.10
io.github.terminalis/appcraft,npm,@appcraft-io/mcp-server,official-ts,^1.10.0,error-as-result,direct,1.30.1,cmd,depsdev,0.1.2
io.github.terry-li-hm/vivesca,pypi,vivesca,fastmcp-py,>=3.0.0,error-as-result,direct,4.0.9,cmd,depsdev,0.2.2
io.github.thalovant/thalovant-mcp,npm,@thalovant/mcp-server,official-ts,^1.29.0,error-as-result,direct,1.30.1,cmd,depsdev,0.1.6
io.github.thatsrajan/vidlens-mcp,npm,vidlens-mcp,official-ts,^1.17.4,error-as-result,direct,1.30.1,cmd,depsdev,1.4.1
io.github.the-staq/tradestaq-mcp,npm,@the-staq/tradestaq-mcp,official-ts,^1.29.0,error-as-result,direct,1.30.1,cmd,depsdev,0.1.1
io.github.the402ai/mcp-server,npm,@the402/mcp-server,official-ts,^1.27.1,error-as-result,direct,1.30.1,cmd,depsdev,1.0.1
io.github.theSharque/javaperf,npm,javaperf,official-ts,^1.29.0,error-as-result,direct,1.30.1,cmd,depsdev,1.4.1
io.github.theSharque/mcp-architector,npm,mcp-architector,official-ts,^1.27.1,error-as-result,direct,1.30.1,cmd,depsdev,1.9.0
withheld-14f315c3cc51,npm,withheld-14f315c3cc51,official-ts,latest,fail,direct,1.30.1,cmd,depsdev,
io.github.theYahia/1c-rest-mcp,npm,@theyahia/1c-rest-mcp,official-ts,^1.29.0,error-as-result,direct,1.30.1,cmd,depsdev,1.2.1
io.github.theYahia/cbr-mcp,npm,@theyahia/cbr-mcp,official-ts,^1.12.0,error-as-result,direct,1.30.1,cmd,depsdev,1.0.0
io.github.theYahia/cdek-mcp,npm,@theyahia/cdek-mcp,official-ts,^1.12.0,error-as-result,direct,1.30.1,cmd,depsdev,2.0.2
io.github.theYahia/gigachat-mcp,npm,@theyahia/gigachat-mcp,official-ts,^1.12.0,error-as-result,direct,1.30.1,cmd,depsdev,3.0.1
io.github.theYahia/mango-office-mcp,npm,@theyahia/mango-office-mcp,official-ts,^1.12.0,error-as-result,direct,1.30.1,cmd,depsdev,1.1.1
io.github.theYahia/mts-exolve-mcp,npm,@theyahia/mts-exolve-mcp,official-ts,^1.12.0,error-as-result,direct,1.30.1,cmd,depsdev,3.0.1
io.github.theYahia/voximplant-mcp,npm,@theyahia/voximplant-mcp,official-ts,^1.29.0,error-as-result,direct,1.30.1,cmd,depsdev,1.2.3
io.github.theYahia/yandex-direct-mcp,npm,@theyahia/yandex-direct-mcp,official-ts,^1.12.0,error-as-result,direct,1.30.1,cmd,depsdev,3.0.2
io.github.theYahia/yandex-metrika-mcp,npm,@theyahia/yandex-metrika-mcp,official-ts,^1.12.0,error-as-result,direct,1.30.1,cmd,depsdev,2.1.1
io.github.theYahia/yandexgpt-mcp,npm,@theyahia/yandexgpt-mcp,official-ts,^1.12.0,error-as-result,direct,1.30.1,cmd,depsdev,3.0.1
io.github.theanshsonkar/emfirge,npm,@emfirge/mcp,official-ts,^1.0.0,warn,direct,1.30.1,cmd,depsdev,0.2.1
io.github.thecombatwombat/replicant-mcp,npm,replicant-mcp,official-ts,^1.25.3,warn,direct,1.30.1,cmd,depsdev,1.6.7
io.github.theduodecim/ascii-art,npm,ascii-art-mcp,official-ts,^1.11.1,error-as-result,direct,1.30.1,cmd,depsdev,0.1.1
io.github.thegridwork/aiact,npm,gridwork-aiact,official-ts,^1.29.0,error-as-result,direct,1.30.1,cmd,depsdev,1.0.0
io.github.thegridwork/license,npm,gridwork-license,official-ts,^1.29.0,error-as-result,direct,1.30.1,cmd,depsdev,1.0.0
io.github.thegridwork/privacy,npm,gridwork-privacy,official-ts,^1.29.0,error-as-result,direct,1.30.1,cmd,depsdev,1.0.0
io.github.thegridwork/siteaudit,npm,gridwork-siteaudit,official-ts,^1.29.0,error-as-result,direct,1.30.1,cmd,depsdev,1.0.1
io.github.thehesiod/aa,pypi,aa-mcp-server,official-py,>=1.0.0,error-as-result,direct,2.2.0,cmd,depsdev,0.1.0
io.github.thehesiod/costco,pypi,costco-mcp-server,official-py,>=1.0.0,error-as-result,direct,2.2.0,cmd,depsdev,0.1.2
io.github.thehesiod/psquare,pypi,parentsquare-mcp,official-py,>=1.26.0,error-as-result,direct,2.2.0,cmd,depsdev,0.1.6
io.github.thehomer87/badge-mcp-server,npm,@badgeia/mcp-server,official-ts,^1.12.0,error-as-result,direct,1.30.1,cmd,depsdev,0.1.2
io.github.themoddedcube/pdf-report-generator,npm,@ctalasila/pdf-report-generator,official-ts,^1.12.0,error-as-result,direct,1.30.1,cmd,depsdev,1.0.1
io.github.therealtimex/charts-mcp,npm,@realtimex/charts-mcp,official-ts,^1.11.4,pass,direct,1.30.1,cmd,depsdev,2.0.6
io.github.theserverlessdev/wsc,npm,wsc-mcp,official-ts,^1.12.1,error-as-result,direct,1.30.1,cmd,depsdev,2.2.2
withheld-2792603eedf1,npm,withheld-2792603eedf1,official-ts,^1.0.4,fail,direct,1.30.1,cmd,depsdev,
io.github.thlg057/mo5-mcp-server,npm,@thlg057/mo5-rag-mcp,official-ts,^1.0.0,warn,direct,1.30.1,cmd,depsdev,1.0.2
io.github.thomasblc/skillsindex,npm,skillsindex-mcp,official-ts,^1.5.0,error-as-result,direct,1.30.1,cmd,depsdev,0.2.1
io.github.thomasjumper/stremai,npm,aiagentsbay-mcp,official-ts,^1.29.0,error-as-result,direct,1.30.1,cmd,depsdev,1.2.5
io.github.thomenz/brdata-mcp,npm,brdata-mcp,official-ts,^1.12.1,error-as-result,direct,1.30.1,cmd,depsdev,0.3.5
io.github.thomenz/brmarket-mcp,npm,brmarket-mcp,official-ts,^1.12.1,error-as-result,direct,1.30.1,cmd,depsdev,0.1.0
io.github.thomenz/soldefi-mcp,npm,soldefi-mcp,official-ts,^1.12.1,error-as-result,direct,1.30.1,cmd,depsdev,0.4.1
io.github.threadctx-dev/threadctx-mcp,npm,threadctx-mcp,official-ts,^1.0.4,error-as-result,direct,1.30.1,cmd,depsdev,0.5.0
io.github.thuupx/memory-mcp-lite,npm,memory-mcp-lite,official-ts,^1.29.0,error-as-result,direct,1.30.1,cmd,depsdev,2.0.0
io.github.tide-foundation/raziel,npm,@tideorg/mcp,official-ts,^1.12.1,error-as-result,direct,1.30.1,cmd,depsdev,1.9.2
io.github.tiluckdave/hound,npm,hound-mcp,official-ts,^1.27.1,error-as-result,direct,1.30.1,cmd,depsdev,0.2.1
io.github.tim0-12432/HotkeylessAHK-mcp-skill,npm,@tim0_12432/hotkeyless-ahk-mcp-server,official-ts,^1.29.0,error-as-result,direct,1.30.1,cmd,depsdev,1.0.3
io.github.timescale/tiger-skills,npm,@tigerdata/tiger-skills-mcp-server,official-ts,^1.23.0,error-as-result,indirect,1.30.1,cmd,depsdev,0.1.4
io.github.tinqiao-oss/clawtouch-mcp,pypi,clawtouch-mcp,none-handrolled,,error-as-result,,,cmd,depsdev-no-sdk,0.4.6
io.github.titov-d/agentdocs,npm,mcp-agentdocs,official-ts,^1.29.0,error-as-result,direct,1.30.1,cmd,depsdev,0.1.3
io.github.tjclaude88/bling-bag,npm,bling-bag,official-ts,^1.29.0,error-as-result,direct,1.30.1,cmd,depsdev,0.2.0
io.github.tjp2021/mcp-thinkgate,npm,mcp-thinkgate,official-ts,^1.0.0,warn,direct,1.30.1,cmd,depsdev,0.1.1
io.github.tlennon-ie/neurodock-mcp-chronometric,pypi,neurodock-mcp-chronometric,fastmcp-py,>=3.3.0,error-as-result,direct,4.0.9,cmd,depsdev,0.1.0
io.github.tlennon-ie/neurodock-mcp-cognitive-graph,pypi,neurodock-mcp-cognitive-graph,official-py,>=1.0.0,error-as-result,direct,2.2.0,cmd,depsdev,0.0.6
io.github.tlennon-ie/neurodock-mcp-guardrail,pypi,neurodock-mcp-guardrail,fastmcp-py,>=3.3.0,error-as-result,direct,4.0.9,cmd,depsdev,0.0.5
io.github.tlennon-ie/neurodock-mcp-task-fractionator,pypi,neurodock-mcp-task-fractionator,fastmcp-py,>=3.3.0,error-as-result,direct,4.0.9,cmd,depsdev,0.1.0
io.github.tlennon-ie/neurodock-mcp-translation,pypi,neurodock-mcp-translation,fastmcp-py,>=3.3.0,error-as-result,direct,4.0.9,cmd,depsdev,0.3.0
io.github.tmbot12/meridian-edge,pypi,meridian-edge-mcp,official-py,>=1.0.0,error-as-result,direct,2.2.0,cmd,depsdev,0.1.0
io.github.tmonk/mcp-stata,pypi,mcp-stata,official-py,>=1.0.0,error-as-result,direct,2.2.0,cmd,depsdev,1.0.4
withheld-dc7972bc912b,pypi,withheld-dc7972bc912b,official-py,>=1.0.0,fail,direct,2.2.0,cmd,depsdev,
io.github.toby/mirror-mcp,npm,mirror-mcp,official-ts,^1.0.0,warn,direct,1.30.1,cmd,depsdev,0.0.8
io.github.toggl/toggl-mcp,npm,@togglhq/mcp,none-handrolled,,pass,,,cmd,depsdev-no-sdk,1.5.69
io.github.tomjwxf/acta-mcp,npm,acta-mcp,official-ts,^1.12.1,error-as-result,direct,1.30.1,cmd,depsdev,0.2.1
io.github.tomjwxf/scopeblind-mcp,npm,scopeblind-mcp,official-ts,^1.12.1,error-as-result,direct,1.30.1,cmd,depsdev,1.0.2
io.github.tomjwxf/verify-mcp,npm,@scopeblind/verify-mcp,official-ts,^1.27.1,error-as-result,direct,1.30.1,cmd,depsdev,0.1.2
io.github.tomyud1/godot-mcp,npm,godot-mcp-server,official-ts,~1.25.2,pass,direct,1.25.3,cmd,depsdev,0.5.0
io.github.tonnode/mcp,npm,@tonnode/mcp,official-ts,^1.29.0,error-as-result,direct,1.30.1,cmd,depsdev,0.5.0
io.github.tono628develop/feed-reader,npm,feed-reader-mcp,official-ts,^1.0.0,error-as-result,direct,1.30.1,cmd,depsdev,0.1.0
io.github.toolstem/toolstem-sec-mcp-server,npm,toolstem-sec-mcp-server,official-ts,^1.29.0,error-as-result,direct,1.30.1,cmd,depsdev,0.1.9
io.github.toonight/mnemoscope,npm,@mnemoscope/mcp-server,official-ts,^1.0.0,warn,direct,1.30.1,cmd,depsdev,0.2.0
io.github.topher66/droidbar,npm,droidbar-mcp,official-ts,^0.5.0,error-as-result,direct,0.5.0,cmd,depsdev,0.1.1
io.github.topvisor/mcp-notifications,npm,@topvisor/mcp-notifications,official-ts,^1.18.0,error-as-result,direct,1.30.1,cmd,depsdev,1.0.3
io.github.toruproject/mapnetwork-mcp,pypi,mapnetwork-mcp,official-py,>=1.0.0,error-as-result,direct,2.2.0,cmd,depsdev,0.1.6
io.github.totonga/odsbox-jaquel-mcp,pypi,odsbox-jaquel-mcp,fastmcp-py,>=3.0.0,error-as-result,direct,4.0.9,cmd,depsdev,1.7.5
io.github.tpjnorton/swiss-public-transport-mcp,pypi,swiss-public-transport-mcp,official-py,>=1.23.0,error-as-result,direct,2.2.0,cmd,depsdev,0.1.10
io.github.tresor4k/calcuris-mcp,npm,calcuris-mcp,official-ts,^1.27.1,error-as-result,direct,1.30.1,cmd,depsdev,0.1.1
io.github.tresor4k/realdentalcosts-mcp,npm,realdentalcosts-mcp,official-ts,^1.27.1,error-as-result,direct,1.30.1,cmd,depsdev,0.1.1
io.github.tresor4k/statetakehome-mcp,npm,statetakehome-mcp,official-ts,^1.27.1,error-as-result,direct,1.30.1,cmd,depsdev,0.1.1
io.github.treza-labs/treza,npm,@treza/mcp,official-ts,^1.12.1,error-as-result,direct,1.30.1,cmd,depsdev,0.1.1
withheld-3419c977ef63,pypi,withheld-3419c977ef63,official-py,>=1.0.0,fail,direct,2.2.0,cmd,depsdev,
withheld-d51839ff43d3,pypi,withheld-d51839ff43d3,official-py,>=1.0.0,fail,direct,2.2.0,cmd,depsdev,
io.github.tronrental-com/tronrental,npm,@tronrental-com/mcp-server,official-ts,^1.0.0,error-as-result,direct,1.30.1,cmd,depsdev,1.0.4
withheld-12d8c10a12a6,pypi,withheld-12d8c10a12a6,official-py,>=1.0.0,fail,direct,2.2.0,cmd,depsdev,
io.github.truonglam1987/menhthien,npm,menhthien,official-ts,^1.0.0,error-as-result,direct,1.30.1,cmd,depsdev,1.0.2
io.github.trustscoreagent/mcp-server,npm,@trustscoreagent/mcp-server,official-ts,^1.0.0,error-as-result,direct,1.30.1,cmd,depsdev,0.1.1
io.github.tschoonj/repology-mcp-server,pypi,repology-mcp-server,official-py,>=1.0.0,error-as-result,direct,2.2.0,cmd,depsdev,0.1.1
io.github.tschoonj/xraylib-mcp-server,pypi,xraylib-mcp-server,official-py,>=1.0.0,error-as-result,direct,2.2.0,cmd,depsdev,0.1.6
io.github.tsubotax/melta-ui,npm,melta-ds-mcp,official-ts,^1.0.0,warn,direct,1.30.1,cmd,depsdev,1.3.0
io.github.tsutera09/tempo,pypi,tempo-mcp,official-py,>=1.0.0,error-as-result,direct,2.2.0,cmd,depsdev,0.1.1
io.github.tugcantopaloglu/godot-mcp,npm,@tugcantopaloglu/godot-mcp,official-ts,0.6.0,pass,direct,0.6.0,cmd,depsdev,1.0.0
io.github.tunglt1810/figma-mcp-go,npm,@tunglt1810/figma-mcp-go,none-handrolled,,pass,,,cmd,depsdev-no-sdk,0.0.5
io.github.turbyho/fw-context-mcp,pypi,fw-context-mcp,official-py,>=1.0.0,error-as-result,direct,2.2.0,cmd,depsdev,0.23.0
io.github.twzrd-sol/twzrd-agent-intel,pypi,twzrd-agent-intel,official-py,>=1.10.1,error-as-result,direct,2.2.0,cmd,depsdev,0.5.2
io.github.twzrd-sol/twzrd-mcp,pypi,twzrd-mcp,official-py,>=1.0,error-as-result,direct,2.2.0,cmd,depsdev,0.1.3
io.github.tzipway-dotcom/crewone-mcp-server,npm,@crewone/mcp-server,official-ts,^1.0.0,error-as-result,direct,1.30.1,cmd,depsdev,0.2.0
io.github.u2n4/veo-mcp-server,pypi,veo-mcp-server,official-py,>=1.0.0,error-as-result,direct,2.2.0,cmd,depsdev,1.1.2
io.github.u2n4/video-url-analyzer-mcp,pypi,video-url-analyzer-mcp,fastmcp-py,>=2.0.0,error-as-result,direct,4.0.9,cmd,depsdev,1.5.1
io.github.uchit/mcp-regulated-ai-compliance,npm,@hellouchit/mcp-regulated-ai-compliance,official-ts,^1.0.0,error-as-result,direct,1.30.1,cmd,depsdev,0.2.3
io.github.ucmai/ucm,npm,@ucm/mcp-server,official-ts,^1.12.0,error-as-result,direct,1.30.1,cmd,depsdev,0.3.3
io.github.uiNerd16/aicanvas,npm,@aicanvas/mcp,official-ts,^1.29.0,error-as-result,direct,1.30.1,cmd,depsdev,0.2.2
io.github.ulebule/clipgrab,pypi,clipgrab-mcp,official-py,>=1.0,error-as-result,direct,2.2.0,cmd,depsdev,0.1.0
io.github.umitkavala/mindpm,npm,mindpm,official-ts,^1.26.0,error-as-result,direct,1.30.1,cmd,depsdev,1.2.41
io.github.universalamateur/reclaim-mcp-server,pypi,reclaim-mcp-server,fastmcp-py,>=2.0.0,error-as-result,direct,4.0.9,cmd,depsdev,0.9.1
io.github.untitledfinancial/dpx,npm,@untitledfinancial/dpx-mcp,official-ts,^1.0.0,error-as-result,direct,1.30.1,cmd,depsdev,2.5.3
io.github.upstash/context7,npm,@upstash/context7-mcp,official-ts,^1.17.5,error-as-result,direct,1.30.1,cmd,depsdev,1.0.31
io.github.upstash/redis-mcp,npm,@upstash/redis-mcp,official-ts,^1.17.5,error-as-result,direct,1.30.1,cmd,depsdev,0.1.1
io.github.urbanmorph/bharatlas-mcp,npm,bharatlas-mcp,official-ts,^1.0.0,error-as-result,direct,1.30.1,cmd,depsdev,1.0.3
io.github.uuaid/mcp,npm,@uuaid/mcp,official-ts,^1.29.0,error-as-result,direct,1.30.1,cmd,depsdev,0.1.1
io.github.uxloom-dev/uxloom,npm,uxloom,official-ts,^1.12.0,error-as-result,direct,1.30.1,cmd,depsdev,0.5.0
io.github.vandewilly/dice-roller,pypi,mcp-dice-roller,official-py,>=1.0.0,error-as-result,direct,2.2.0,cmd,depsdev,0.1.0
io.github.vantioai/vantio-gate,npm,@vantio/gate-mcp,official-ts,^1.29.0,error-as-result,direct,1.30.1,cmd,depsdev,0.1.0
io.github.vantioai/vantio-optics,npm,@vantio/optics-mcp,official-ts,^1.29.0,error-as-result,direct,1.30.1,cmd,depsdev,0.1.1
io.github.varadfromeast/codex-agy-bridge,pypi,codex-agy-bridge,official-py,"<2,>=1.27",error-as-result,direct,1.30.0,cmd,depsdev,0.1.10
io.github.vargahis/monarch-money,pypi,monarch-mcp,fastmcp-py,"<3.0.0,>=2.12.0",error-as-result,direct,2.14.7,cmd,depsdev,0.1.4
io.github.varun29ankuS/shodh-memory,npm,@shodh/memory-mcp,official-ts,^1.24.0,error-as-result,direct,1.30.1,cmd,depsdev,0.2.0
io.github.vassiliylakhonin/agenda-intelligence-md,pypi,agenda-intelligence-md,none-handrolled,,error-as-result,,,cmd,depsdev-no-sdk,1.3.0
io.github.vatnode/vatnode-mcp,npm,vatnode-mcp,official-ts,^1.0.4,error-as-result,direct,1.30.1,cmd,depsdev,0.3.0
io.github.vcode-sh/dokploy-mcp,npm,@vibetools/dokploy-mcp,official-ts,^1.29.0,error-as-result,direct,1.30.1,cmd,depsdev,4.0.0
io.github.vdappdev2/address,npm,@verusidx/address-mcp,official-ts,^1.27.0,error-as-result,direct,1.30.1,cmd,depsdev,0.1.7
io.github.vdappdev2/chain,npm,@verusidx/chain-mcp,official-ts,^1.27.0,error-as-result,direct,1.30.1,cmd,depsdev,0.1.7
io.github.vdappdev2/data,npm,@verusidx/data-mcp,official-ts,^1.27.0,error-as-result,direct,1.30.1,cmd,depsdev,0.1.7
io.github.vdappdev2/definecurrency,npm,@verusidx/definecurrency-mcp,official-ts,^1.27.0,error-as-result,direct,1.30.1,cmd,depsdev,0.1.7
io.github.vdappdev2/identity,npm,@verusidx/identity-mcp,official-ts,^1.27.0,error-as-result,direct,1.30.1,cmd,depsdev,0.1.7
io.github.vdappdev2/marketplace,npm,@verusidx/marketplace-mcp,official-ts,^1.27.0,error-as-result,direct,1.30.1,cmd,depsdev,0.1.7
io.github.vdappdev2/send,npm,@verusidx/send-mcp,official-ts,^1.27.0,error-as-result,direct,1.30.1,cmd,depsdev,0.1.7
io.github.vdappdev2/vtimestamp,npm,vtimestamp-mcp,official-ts,^1.27.0,error-as-result,direct,1.30.1,cmd,depsdev,1.0.1
io.github.veldica/publishready,npm,@veldica/publishready-mcp,official-ts,^1.6.0,error-as-result,direct,1.30.1,cmd,depsdev,1.0.5
io.github.venomseven/nslookup,npm,@nslookup-io/mcp-server,official-ts,^1.27.1,error-as-result,direct,1.30.1,cmd,depsdev,1.6.0
io.github.vercel/next-devtools-mcp,npm,next-devtools-mcp,official-ts,1.21.0,warn,direct,1.21.0,cmd,depsdev,0.3.6
io.github.veriswarm/veriswarm-mcp,pypi,veriswarm-mcp,official-py,>=1.0,error-as-result,direct,2.2.0,cmd,depsdev,0.4.0
io.github.verivus-oss/llm-cli-gateway,npm,llm-cli-gateway,official-ts,^1.29.0,error-as-result,direct,1.30.1,cmd,depsdev,1.17.1
io.github.verygoodplugins/mcp-automem,npm,@verygoodplugins/mcp-automem,official-ts,^1.25.1,error-as-result,direct,1.30.1,cmd,depsdev,0.10.0
withheld-51003c92735d,npm,withheld-51003c92735d,official-ts,^1.25.1,fail,direct,1.30.1,cmd,depsdev,
io.github.verygoodplugins/robinhood-mcp,pypi,robinhood-mcp,fastmcp-py,>=0.4.0,error-as-result,direct,4.0.9,cmd,depsdev,0.1.0
io.github.vetnet183/book-metadata-mcp,pypi,book-metadata-mcp,official-py,>=1.0.0,error-as-result,direct,2.2.0,cmd,depsdev,0.2.0
io.github.vibegpt/policycheck,npm,policycheck-mcp,official-ts,^1.12.1,error-as-result,direct,1.30.1,cmd,depsdev,1.0.1
io.github.vikramgorla/swiss,npm,mcp-swiss,official-ts,^1.0.0,error-as-result,direct,1.30.1,cmd,depsdev,0.7.1
withheld-41e46edfeb10,npm,withheld-41e46edfeb10,official-ts,^1.12.1,fail,direct,1.30.1,cmd,depsdev,
io.github.vineethwilson15/semamerge,npm,semamerge,official-ts,^1.29.0,error-as-result,direct,1.30.1,cmd,depsdev,0.1.2
io.github.vinvuk/apiverket-mcp,npm,apiverket-mcp-server,official-ts,^1.6.1,error-as-result,direct,1.30.1,cmd,depsdev,1.0.0
io.github.vishalguptax/media-context-mcp,npm,media-context-mcp,official-ts,^1.12.0,error-as-result,direct,1.30.1,cmd,depsdev,0.1.4
io.github.vishaltorc/subconscious-mcp,pypi,subconscious-mcp,official-py,>=1.2.0,error-as-result,direct,2.2.0,cmd,depsdev,0.2.0
io.github.vitalinguist/ukr-vitalinguist-mcp,pypi,ukr-vitalinguist-mcp,official-py,>=1.0.0,error-as-result,direct,2.2.0,cmd,depsdev,0.1.1
io.github.vitalio-sh/thunderbird-cli,npm,thunderbird-cli-mcp,official-ts,^1.0.0,error-as-result,direct,1.30.1,cmd,depsdev,1.0.2
io.github.vivek081166/japan-utils-mcp,pypi,japan-utils-mcp,official-py,>=1.27.0,error-as-result,direct,2.2.0,cmd,depsdev,0.1.2
io.github.vkhanhqui/figma-mcp-go,npm,@vkhanhqui/figma-mcp-go,none-handrolled,,pass,,,cmd,registry-no-sdk,0.1.3
io.github.vmoranv/jshookmcp,npm,@jshookmcp/jshook,official-ts,^1.29.0,error-as-result,direct,1.30.1,cmd,depsdev,0.3.0
io.github.vncent786/bounty-api,npm,bountyapi-mcp,official-ts,^1.0.0,error-as-result,direct,1.30.1,cmd,depsdev,1.8.0
io.github.vncsleal/openplan,npm,@openplan/mcp,unknown,,pass,,,cmd,no-graph,0.1.22
io.github.voidfeedai-ops/voidfeed-mcp,npm,voidfeed-mcp,official-ts,^1.27.1,error-as-result,direct,1.30.1,cmd,depsdev,1.0.0
io.github.voidly-ai/mcp-server,npm,@voidly/mcp-server,official-ts,^1.0.0,error-as-result,direct,1.30.1,cmd,depsdev,2.17.0
io.github.voidly-ai/pay-mcp,npm,@voidly/pay-mcp,official-ts,^1.0.0,error-as-result,direct,1.30.1,cmd,depsdev,0.1.3
io.github.vola-trebla/ast-impact-mapper-mcp,npm,ast-impact-mapper-mcp,official-ts,^1.29.0,error-as-result,direct,1.30.1,cmd,depsdev,0.3.1
io.github.vola-trebla/env-secret-exposure-analyzer-mcp,npm,env-secret-exposure-analyzer-mcp,official-ts,^1.29.0,error-as-result,direct,1.30.1,cmd,depsdev,0.2.0
io.github.vola-trebla/flakiness-knowledge-graph-mcp,npm,flakiness-knowledge-graph-mcp,official-ts,^1.29.0,error-as-result,direct,1.30.1,cmd,depsdev,0.2.2
io.github.vola-trebla/ndjson-local-log-triage-mcp,npm,ndjson-local-log-triage-mcp,official-ts,^1.29.0,error-as-result,direct,1.30.1,cmd,depsdev,0.2.0
io.github.vola-trebla/playwright-network-chaos-mcp,npm,playwright-network-chaos-mcp,official-ts,^1.29.0,error-as-result,direct,1.30.1,cmd,depsdev,0.2.1
io.github.vola-trebla/playwright-spatial-layout-mcp,npm,playwright-spatial-layout-mcp,official-ts,^1.29.0,error-as-result,direct,1.30.1,cmd,depsdev,0.2.0
io.github.vola-trebla/playwright-trace-decoder-mcp,npm,playwright-trace-decoder-mcp,official-ts,^1.29.0,error-as-result,direct,1.30.1,cmd,depsdev,0.2.3
io.github.vola-trebla/react-render-profile-mcp,npm,react-render-profile-mcp,official-ts,^1.29.0,error-as-result,direct,1.30.1,cmd,depsdev,1.0.2
io.github.vola-trebla/release-readiness-triage-mcp,npm,release-readiness-triage-mcp,official-ts,^1.29.0,error-as-result,direct,1.30.1,cmd,depsdev,0.2.0
io.github.vola-trebla/sourcemap-retrace-mcp,npm,sourcemap-retrace-mcp,official-ts,^1.29.0,error-as-result,direct,1.30.1,cmd,depsdev,0.2.0
io.github.vola-trebla/tailwind-context-resolver-mcp,npm,tailwind-context-resolver-mcp,official-ts,^1.29.0,error-as-result,direct,1.30.1,cmd,depsdev,0.2.0
io.github.vola-trebla/tsconfig-inheritance-flattener-mcp,npm,tsconfig-inheritance-flattener-mcp,official-ts,^1.29.0,error-as-result,direct,1.30.1,cmd,depsdev,0.2.0
io.github.vola-trebla/v8-cpu-profile-decoder-mcp,npm,v8-cpu-profile-decoder-mcp,official-ts,^1.29.0,error-as-result,direct,1.30.1,cmd,depsdev,0.3.0
io.github.vola-trebla/zod-contract-mock-forge-mcp,npm,zod-contract-mock-forge-mcp,official-ts,^1.29.0,error-as-result,direct,1.30.1,cmd,depsdev,0.2.0
io.github.vosesoftware/modelrisk-mcp,pypi,modelrisk-mcp,official-py,>=1.2.0,error-as-result,direct,2.2.0,cmd,depsdev,0.3.10
io.github.vreddie2go/vreddie-mcp-server,npm,vreddie-mcp-server,official-ts,^1.12.1,error-as-result,direct,1.30.1,cmd,depsdev,1.0.1
io.github.vuluu2k/webcake-landing-mcp,npm,webcake-landing-mcp,official-ts,^1.12.0,error-as-result,direct,1.30.1,cmd,depsdev,1.3.0
io.github.vuluu2k/webcake-storefront-mcp,npm,webcake-storefront-mcp,official-ts,^1.12.1,error-as-result,direct,1.30.1,cmd,depsdev,1.31.8
io.github.vystartasv/wwa-mcp,pypi,wwa-mcp,none-handrolled,,error-as-result,,,cmd,depsdev-no-sdk,1.0.1
withheld-1ffa10ef4f9b,npm,withheld-1ffa10ef4f9b,none-handrolled,,pass,,,cmd,depsdev-no-sdk,
withheld-ddbd9b5a9a0b,pypi,withheld-ddbd9b5a9a0b,official-py,>=1.0.0,fail,direct,2.2.0,cmd,depsdev,
io.github.wagamama/mac-calendar-mcp,pypi,mac-calendar-mcp,fastmcp-py,"<4,>=3.2.0",error-as-result,direct,3.4.7,cmd,depsdev,0.5.15
io.github.wagamama/mac-mail-mcp,pypi,mac-mail-mcp,fastmcp-py,"<4,>=3.2.0",error-as-result,direct,3.4.7,cmd,depsdev,0.5.15
io.github.walidb212/dltik-mcp-server,npm,@dltik/mcp-server,official-ts,^1.27.1,error-as-result,direct,1.30.1,cmd,depsdev,1.0.1
io.github.waqarulwahab/llm-cost-estimator,npm,llm-cost-estimator-mcp,official-ts,^1.0.0,error-as-result,direct,1.30.1,cmd,depsdev,0.3.1
withheld-4499e4aeca88,npm,withheld-4499e4aeca88,official-ts,^1.0.0,fail,direct,1.30.1,cmd,depsdev,
io.github.warpfreight/warp-agent-mcp,npm,warp-agent-mcp,official-ts,^1.12.1,error-as-result,direct,1.30.1,cmd,depsdev,0.5.75
io.github.weareconnectry/connectry-architect-mcp,npm,connectry-architect-mcp,official-ts,^1.27.1,error-as-result,direct,1.30.1,cmd,depsdev,0.1.13
io.github.webaesbyamin/agent-receipts,npm,@agent-receipts/mcp-server,official-ts,^1.12.0,error-as-result,direct,1.30.1,cmd,depsdev,0.2.11
io.github.webberdesign/webbersites-x402-mcp,npm,webbersites-x402-mcp,official-ts,^1.0.0,error-as-result,direct,1.30.1,cmd,depsdev,0.3.0
io.github.webdriverio/mcp,npm,@wdio/mcp,official-ts,^1.27.1,error-as-result,direct,1.30.1,cmd,depsdev,3.11.0
io.github.webmoleai/mcp-check-licenses,npm,mcp-check-licenses,official-ts,^1.29.0,error-as-result,direct,1.30.1,cmd,depsdev,0.2.0
io.github.webmoleai/mcp-check-links,npm,mcp-check-links,official-ts,^1.29.0,error-as-result,direct,1.30.1,cmd,depsdev,0.2.0
io.github.webmoleai/mcp-license-audit,npm,mcp-license-audit,official-ts,^1.29.0,error-as-result,direct,1.30.1,cmd,depsdev,0.1.1
io.github.webmoleai/mcp-link-doctor,npm,mcp-link-doctor,official-ts,^1.29.0,error-as-result,direct,1.30.1,cmd,depsdev,0.1.1
io.github.webmoleai/mcp-vibe-checker,npm,mcp-vibe-checker,official-ts,^1.29.0,error-as-result,direct,1.30.1,cmd,depsdev,0.1.1
io.github.wedsamuel1230/electronic-mcp-server,pypi,electronics-mcp-servers,official-py,>=1.1.0,error-as-result,direct,2.2.0,cmd,depsdev,1.0.2
io.github.weekdmond/claudeink,npm,@claudeink/mcp-server,official-ts,^1.0.0,error-as-result,direct,1.30.1,cmd,depsdev,1.0.0
io.github.wei-ai-lab/clinical-trial-design,npm,clinical-trial-design,official-ts,^1.0.0,error-as-result,direct,1.30.1,cmd,depsdev,0.0.12
io.github.wei/hn-mcp-server,npm,hn-mcp-server,official-ts,^1.0.2,error-as-result,direct,1.30.1,cmd,depsdev,1.1.0
io.github.wei/mcp-registry-mcp-server,npm,mcp-registry-mcp-server,official-ts,^1.0.4,error-as-result,direct,1.30.1,cmd,depsdev,1.1.1
io.github.weiseer/api-changelog,npm,@weiseer/api-changelog-mcp,official-ts,^1.29.0,error-as-result,direct,1.30.1,cmd,depsdev,0.1.1
io.github.weiseer/bounty-mcp,npm,@weiseer/bounty-mcp,official-ts,^1.29.0,error-as-result,direct,1.30.1,cmd,depsdev,0.1.1
io.github.weiseer/cve-cache,npm,@weiseer/cve-cache-mcp,official-ts,^1.29.0,error-as-result,direct,1.30.1,cmd,depsdev,0.1.1
io.github.weiseer/dns-cache,npm,@weiseer/dns-cache-mcp,official-ts,^1.29.0,error-as-result,direct,1.30.1,cmd,depsdev,0.1.1
io.github.weiseer/license-checker,npm,@weiseer/license-checker-mcp,official-ts,^1.29.0,error-as-result,direct,1.30.1,cmd,depsdev,0.1.1
io.github.weiseer/llm-oracle,npm,@weiseer/llm-oracle-mcp,official-ts,^1.29.0,error-as-result,direct,1.30.1,cmd,depsdev,0.2.0
io.github.weiseer/package-meta,npm,@weiseer/package-meta-mcp,official-ts,^1.29.0,error-as-result,direct,1.30.1,cmd,depsdev,0.1.1
io.github.weiseer/regulatory-deadline,npm,@weiseer/regulatory-deadline-mcp,official-ts,^1.29.0,error-as-result,direct,1.30.1,cmd,depsdev,0.1.1
io.github.weiseer/status-aggregator,npm,@weiseer/status-aggregator-mcp,official-ts,^1.29.0,error-as-result,direct,1.30.1,cmd,depsdev,0.1.2
withheld-6e286dab895d,npm,withheld-6e286dab895d,official-ts,^1.0.0,fail,direct,1.30.1,cmd,depsdev,
io.github.whats2000/isaacsim-mcp-server,pypi,isaacsim-mcp-server,official-py,,error-as-result,direct,2.2.0,cmd,depsdev,0.4.1
io.github.wheelbarrel00/claude-code-usage,npm,claude-code-usage-mcp,official-ts,^1.12.0,error-as-result,direct,1.30.1,cmd,depsdev,0.1.0
io.github.wheelfor/mcp,npm,@wheelfor/mcp,official-ts,^1.29.0,warn,direct,1.30.1,cmd,depsdev,1.0.1
io.github.whisper-sec/whisper-graph,npm,@whisper-security/whisper-graph-mcp,official-ts,1.29.0,error-as-result,direct,1.29.0,cmd,depsdev,0.2.0
io.github.whistlegraph/aesthetic-computer,npm,@aesthetic.computer/mcp,official-ts,^1.0.4,error-as-result,direct,1.30.1,cmd,depsdev,1.0.1
io.github.williamcodes/speedrun-mcp,pypi,speedrun-mcp,official-py,>=1.6.0,error-as-result,direct,2.2.0,cmd,depsdev,0.3.1
withheld-d580ffb40b4f,pypi,withheld-d580ffb40b4f,official-py,>=1.0.0,fail,indirect,2.2.0,cmd,depsdev,
io.github.wisdomrock/code-context-gate,npm,code-context-gate,official-ts,^1.29.0,error-as-result,direct,1.30.1,cmd,depsdev,0.1.1
io.github.wisdomrock/primereact-mcp,npm,primereact-mcp,official-ts,^1.25.2,error-as-result,indirect,1.30.1,cmd,depsdev,1.2.3
io.github.wiseappsai/play-console-mcp,npm,@wiseappsai/play-console-mcp,official-ts,^1.29.0,error-as-result,direct,1.30.1,cmd,depsdev,0.3.0
io.github.wishfinity/wishfinity-mcp-plusw,npm,wishfinity-mcp-plusw,official-ts,^1.25.0,error-as-result,direct,1.30.1,cmd,depsdev,1.2.2
io.github.with-geun/alive-analysis,npm,alive-analysis-mcp,official-ts,^1.0.0,error-as-result,direct,1.30.1,cmd,depsdev,1.3.2
io.github.withinfocus/statbotics,npm,@withinfocus/statbotics-mcp-server,official-ts,1.27.1,error-as-result,direct,1.27.1,cmd,depsdev,1.1.0
io.github.withpica/pica,npm,@withpica/mcp-server,official-ts,~1.29.0,warn,direct,1.29.0,cmd,depsdev,2.93.0
io.github.withqwerty/football-docs,npm,football-docs,official-ts,^1.12.1,error-as-result,direct,1.30.1,cmd,depsdev,0.2.1
io.github.wizkid17/mythic-index-mcp,pypi,mythic-index-mcp,official-py,>=1.0.0,error-as-result,direct,2.2.0,cmd,depsdev,0.1.2
io.github.wjgoarxiv/vmd-hydrate-mcp,pypi,vmd-hydrate-mcp,official-py,>=1.4,error-as-result,direct,2.2.0,cmd,depsdev,0.2.0
io.github.wkalidev/multichain-mcp,npm,@wkalidev/multichain-mcp,official-ts,^1.0.0,error-as-result,direct,1.30.1,cmd,depsdev,1.2.1
io.github.wklm/ios-web-bluetooth,npm,@ios-web-bluetooth/mcp,official-ts,^1.29.0,error-as-result,direct,1.30.1,cmd,depsdev,0.1.1
withheld-0c299a22e2f1,pypi,withheld-0c299a22e2f1,none-handrolled,,fail,,,cmd,depsdev-no-sdk,
withheld-156864ebc2f8,pypi,withheld-156864ebc2f8,official-py,>=1.0.0,fail,direct,2.2.0,cmd,depsdev,
io.github.wmarceau/rideshare-comparison,pypi,rideshare-comparison-mcp,none-handrolled,,warn,,,cmd,depsdev-no-sdk,1.0.0
io.github.wmarceau/ticket-discovery,pypi,ticket-discovery-mcp,official-py,>=1.0.0,error-as-result,direct,2.2.0,cmd,depsdev,1.0.0
withheld-ac0ca6c94dca,pypi,withheld-ac0ca6c94dca,official-py,>=1.0.0,fail,direct,2.2.0,cmd,depsdev,
withheld-77dd191cdea0,pypi,withheld-77dd191cdea0,official-py,>=1.0.0,fail,direct,2.2.0,cmd,depsdev,
withheld-33c1b4f5b1d2,pypi,withheld-33c1b4f5b1d2,official-py,>=1.0.0,fail,direct,2.2.0,cmd,depsdev,
io.github.woladi/pseudonym-mcp,npm,pseudonym-mcp,official-ts,^1.29.0,error-as-result,direct,1.30.1,cmd,depsdev,0.2.4
withheld-9d7f53d4917e,pypi,withheld-9d7f53d4917e,official-py,>=1.0.0,error-as-result,direct,2.2.0,cmd,depsdev,
io.github.writerslogic/scrivener-mcp,npm,scrivener-mcp,official-ts,^1.29.0,error-as-result,direct,1.30.1,cmd,depsdev,0.9.3
io.github.wrnreed-analytics/circuit-ai-mcp,npm,circuit-ai-mcp,official-ts,^1.12.1,error-as-result,direct,1.30.1,cmd,depsdev,1.3.1
io.github.wspringer/math-svg-mcp,npm,math-svg-mcp,official-ts,^1.12.1,error-as-result,direct,1.30.1,cmd,depsdev,1.1.2
io.github.wstierhout/ableton-live-mcp,pypi,mcp-server-ableton-live,official-py,"<2,>=1.9.0",error-as-result,direct,1.30.0,cmd,depsdev,1.7.3
io.github.wtfregia/mtg-mcp,pypi,mtg-mcp,official-py,>=1.2.0,error-as-result,direct,2.2.0,cmd,depsdev,0.1.3
io.github.wudongjie/hourledger-mcp,npm,hourledger-mcp,official-ts,^1.0.0,error-as-result,direct,1.30.1,cmd,depsdev,1.0.2
io.github.wundam/orchex,npm,@wundam/orchex,official-ts,^1.0.0,error-as-result,direct,1.30.1,cmd,depsdev,1.0.0-rc.11
io.github.wuzenghai616-lang/goldbean,npm,goldbean-mcp,official-ts,^1.29.0,error-as-result,direct,1.30.1,cmd,depsdev,1.2.0
io.github.x-hannibal/mcp-webgate,pypi,mcp-webgate,official-py,>=1.0.0,error-as-result,direct,2.2.0,cmd,depsdev,0.1.33
io.github.x-monk/mcp-webgate,pypi,mcp-webgate,official-py,>=1.0.0,error-as-result,direct,2.2.0,cmd,depsdev,0.1.32
io.github.x402-video/mcp,npm,x402-video-mcp,official-ts,^1.29.0,error-as-result,direct,1.30.1,cmd,depsdev,0.1.1
io.github.x402-video/seedance-video-generation,npm,x402-video-mcp,official-ts,^1.29.0,error-as-result,direct,1.30.1,cmd,depsdev,0.1.3
io.github.x51xxx/codex-mcp-tool,npm,@trishchuk/codex-mcp-tool,official-ts,^1.26.0,warn,direct,1.30.1,cmd,depsdev,2.2.0
io.github.x51xxx/kimi-mcp-server,npm,@trishchuk/kimi-mcp-server,official-ts,^1.26.0,warn,direct,1.30.1,cmd,depsdev,0.2.0
withheld-658c6e3dab02,pypi,withheld-658c6e3dab02,none-handrolled,,pass,,,cmd,depsdev-no-sdk,
io.github.xaviviro/opendata-cat,npm,@opendata.cat/mcp-server,official-ts,^1.29.0,error-as-result,direct,1.30.1,cmd,depsdev,0.6.0
io.github.xiaolai/claude-octopus,npm,claude-octopus,official-ts,^1.29.0,error-as-result,direct,1.30.1,cmd,depsdev,1.1.10
io.github.xiaolai/codex-octopus,npm,codex-octopus,official-ts,^1.29.0,error-as-result,direct,1.30.1,cmd,depsdev,1.0.1
io.github.xiaoxuzhu303-prog/harmony-mcp,npm,@yujiamei/harmony-mcp,official-ts,^1.12.0,error-as-result,direct,1.30.1,cmd,depsdev,0.4.2
io.github.xidik12/oculo,npm,oculo-mcp,official-ts,^1.12.1,error-as-result,direct,1.30.1,cmd,depsdev,0.4.2
io.github.xjodoin/rangefind,npm,rangefind-mcp,official-ts,^1.12.0,error-as-result,direct,1.30.1,cmd,depsdev,0.3.2
io.github.xmpuspus/ph-civic-data-mcp,pypi,ph-civic-data-mcp,fastmcp-py,"<4.0.0,>=3.0.0",error-as-result,direct,3.4.7,cmd,depsdev,0.5.0
io.github.xodn348/readhn,pypi,readhn,fastmcp-py,>=2.0.0,error-as-result,direct,4.0.9,cmd,depsdev,0.2.0
withheld-7b6c08c6ea35,pypi,withheld-7b6c08c6ea35,official-py,>=1.26.0,fail,direct,2.2.0,cmd,depsdev,
io.github.xt765/mcp_documents_reader,pypi,mcp-documents-reader,official-py,>=1.26.0,error-as-result,direct,2.2.0,cmd,depsdev,1.3.1
io.github.xu-c0/cybersec-mcp,npm,@xu-c0/cybersec-mcp,official-ts,^1.0.4,error-as-result,direct,1.30.1,cmd,depsdev,0.1.2
io.github.xxxoooxoxo/wiff,npm,@xxxoooxoxo/wiff,none-handrolled,,error-as-result,,,cmd,depsdev-no-sdk,0.5.0
io.github.xyzzylabs/tc39-mcp,npm,tc39-mcp,official-ts,^1.29.0,error-as-result,direct,1.30.1,cmd,depsdev,0.6.1
io.github.xyzzylabs/wasm-mcp,npm,wasm-mcp,official-ts,^1.29.0,error-as-result,direct,1.30.1,cmd,depsdev,0.2.16
io.github.yamaru-eu/hardware-probe,npm,@yamaru-eu/hardware-probe,official-ts,^1.0.0,error-as-result,direct,1.30.1,cmd,depsdev,1.1.2
io.github.yanislav-igonin/random-design-mcp,npm,random-design-mcp,official-ts,^1.29.0,error-as-result,direct,1.30.1,cmd,depsdev,2.1.0
io.github.yantrikos/yantrikdb-mcp,pypi,yantrikdb-mcp,official-py,>=1.2.0,error-as-result,direct,2.2.0,cmd,depsdev,0.4.7
io.github.yaver-io/yaver,npm,yaver-cli,official-ts,^0.6.0,error-as-result,indirect,0.6.1,cmd,depsdev,1.99.315
io.github.yb48666-ctrl/otr-protocol,npm,@otr-protocol/mcp-server,official-ts,^1.0.0,error-as-result,direct,1.30.1,cmd,depsdev,3.1.0
withheld-887f70f2656e,npm,withheld-887f70f2656e,official-ts,^1.12.1,error-as-result,direct,1.30.1,npm-tag,depsdev,
io.github.yeominux/md-feedback,npm,md-feedback,official-ts,^1.12.0,error-as-result,direct,1.30.1,cmd,depsdev,1.5.6
io.github.yessGlory17/jobverify,pypi,jobverify-mcp,official-py,>=1.2.0,error-as-result,direct,2.2.0,cmd,depsdev,0.1.0
io.github.yifancong/rsdoctor,npm,@rsdoctor/mcp-server,none-handrolled,,pass,,,cmd,dev-only-sdk:official-ts,0.1.2-beta.0
io.github.yifanyifan897645/git-summary,npm,git-summary-mcp,official-ts,^1.12.0,error-as-result,direct,1.30.1,cmd,depsdev,0.1.2
io.github.yifanyifan897645/mcp-checkup,npm,mcp-checkup,official-ts,^1.12.0,error-as-result,direct,1.30.1,cmd,depsdev,0.1.0
io.github.yifanyifan897645/webcheck,npm,webcheck-mcp,official-ts,^1.12.0,error-as-result,direct,1.30.1,cmd,depsdev,0.1.3
io.github.ykastelnik/realevents,npm,realevents-mcp,official-ts,^1.0.0,error-as-result,direct,1.30.1,cmd,depsdev,1.0.2
withheld-9da7be68ad12,npm,withheld-9da7be68ad12,official-ts,^1.0.0,fail,direct,1.30.1,cmd,depsdev,
io.github.ykshah1309/global-sentinel-mcp,pypi,global-sentinel-mcp,official-py,>=1.0.0,error-as-result,direct,2.2.0,cmd,depsdev,0.1.1
io.github.ykshah1309/stealth-agent-browser-mcp,npm,stealth-agent-browser-mcp,official-ts,^1.0.4,error-as-result,direct,1.30.1,cmd,depsdev,0.2.0
io.github.yohasacura/drawio-mcp,pypi,drawio-mcp,official-py,>=1.0.0,error-as-result,direct,2.2.0,cmd,depsdev,1.0.2
io.github.yokingma/one-search-mcp,npm,one-search-mcp,official-ts,^1.29.0,error-as-result,direct,1.30.1,cmd,depsdev,1.2.2
withheld-e6b47a83bb9a,npm,withheld-e6b47a83bb9a,official-ts,^1.25.3,error-as-result,direct,1.30.1,cmd,depsdev,
io.github.yolstudio26-oss/saroday-mcp-server,npm,@saroday/mcp-server,official-ts,^1.0.4,error-as-result,direct,1.30.1,cmd,depsdev,0.2.0
io.github.yourtechtribe-labs/koncept-mcp-server,npm,@yourtechtribe-labs/koncept-mcp-server,official-ts,1.29.0,error-as-result,direct,1.29.0,cmd,depsdev,0.2.0-alpha.7
io.github.yuanjian068yuan/ppxc-leads-mcp,npm,ppxc-leads-mcp,official-ts,^1.0.4,error-as-result,direct,1.30.1,cmd,depsdev,0.1.28
io.github.yubinkim444/ai-first-scraper-mcp,pypi,ai-first-scraper-mcp,official-py,>=1.2.0,error-as-result,direct,2.2.0,cmd,depsdev,1.0.1
io.github.yubinkim444/repo-memory,pypi,repo-memory-mcp,official-py,>=1.2.0,error-as-result,direct,2.2.0,cmd,depsdev,0.2.0
io.github.yujiseok/public-official-mcp-server,npm,public-official-mcp-server,official-ts,^1.6.1,error-as-result,direct,1.30.1,cmd,depsdev,1.0.1
io.github.yuna0x0/anilist-mcp,npm,anilist-mcp,official-ts,^1.23.0,error-as-result,direct,1.30.1,cmd,depsdev,1.4.0
io.github.yusong652/pfc,pypi,pfc-mcp,fastmcp-py,>=2.14.0,error-as-result,direct,4.0.9,cmd,depsdev,0.2.5
io.github.yusong652/yade-mcp,pypi,yade-mcp,fastmcp-py,>=2.14.0,error-as-result,direct,4.0.9,cmd,depsdev,0.1.5
io.github.yuv24793/custom-mcp-server,npm,@yuv24793/custom-mcp-server,official-ts,^1.24.3,error-as-result,direct,1.30.1,cmd,depsdev,1.0.1
io.github.yuv24793/weather,npm,@yuv24793/mcp-weather-server,official-ts,^1.24.3,error-as-result,direct,1.30.1,cmd,depsdev,1.0.2
io.github.yyahiaoui1406-max/clavio,npm,clavio-data-mcp,official-ts,^1.0.0,error-as-result,direct,1.30.1,cmd,depsdev,1.0.1
io.github.yyordanov-tradu/stock-scanner-mcp,npm,stock-scanner-mcp,official-ts,^1.27.1,error-as-result,direct,1.30.1,cmd,depsdev,1.13.1
io.github.zachlikefolio/tunnel-mcp,npm,tunnel-mcp,official-ts,^1.0.0,error-as-result,direct,1.30.1,cmd,depsdev,0.3.0
io.github.zackpeters93/ugs-mcp,pypi,ugs-mcp,official-py,>=1.0.0,error-as-result,direct,2.2.0,cmd,depsdev,0.1.1
withheld-19d26722812a,pypi,withheld-19d26722812a,official-py,>=1.0.0,fail,direct,2.2.0,cmd,depsdev,
io.github.zazencodes/random-number-mcp,pypi,random-number-mcp,fastmcp-py,"<3.0,>=2.0",error-as-result,direct,2.14.7,cmd,depsdev,0.1.2
io.github.zcor/nicepick,npm,nicepick-mcp,official-ts,^1.0.0,error-as-result,direct,1.30.1,cmd,depsdev,1.0.2
io.github.zcsabbagh/knowledge-graph-mcp,pypi,knowledge-graph-mcp,fastmcp-py,>=2.0.0,error-as-result,direct,4.0.9,cmd,depsdev,0.1.0
io.github.zekebuilds-lab/captcha-mcp,npm,@powforge/captcha-mcp,none-handrolled,,error-as-result,,,cmd,depsdev-no-sdk,0.1.1
io.github.zekebuilds-lab/mcp-identity,npm,@powforge/mcp-identity,official-ts,^1.0.0,error-as-result,direct,1.30.1,cmd,depsdev,0.7.2
io.github.zekebuilds-lab/mcp-l402-gate,npm,@powforge/mcp-l402-gate,none-handrolled,,error-as-result,,,cmd,depsdev-no-sdk,0.1.4
io.github.zero-abd/draw2agent,npm,draw2agent,official-ts,^1.0.0,error-as-result,direct,1.30.1,cmd,depsdev,1.3.4
io.github.zero-intel/zero,pypi,zero-engine,none-handrolled,,pass,,,cmd,depsdev-no-sdk,0.1.5
withheld-4009d9dbdf61,pypi,withheld-4009d9dbdf61,official-py,>=1.0.0,fail,direct,2.2.0,cmd,depsdev,
io.github.zerodustxyz/zerodust,npm,@zerodust/mcp-server,official-ts,^1.2.0,error-as-result,direct,1.30.1,cmd,depsdev,0.1.1
io.github.zezeron/tweetsave-mcp,npm,tweetsave-mcp,official-ts,^1.6.1,error-as-result,direct,1.30.1,cmd,depsdev,1.0.3
io.github.zhaoyue722/llm-usage-mcp,pypi,llm-usage-mcp,official-py,>=1.27.0,error-as-result,direct,2.2.0,cmd,depsdev,0.1.2
io.github.zhiqi-li/browser-mcp-cdp,npm,browser-mcp-cdp,official-ts,^1.27.1,error-as-result,direct,1.30.1,cmd,depsdev,0.1.2
io.github.zhowe-designs/tracklix-mcp,npm,tracklix-mcp,official-ts,^1.29.0,error-as-result,direct,1.30.1,cmd,depsdev,0.1.2
io.github.zhugejun/chartone,npm,@chartone/mcp,official-ts,^1.29.0,error-as-result,direct,1.30.1,cmd,depsdev,0.1.5
io.github.zhurong2020/pyobfus-mcp,pypi,pyobfus-mcp,official-py,"<2.0.0,>=1.27.0",error-as-result,direct,1.30.0,cmd,depsdev,0.3.1
io.github.zhuzhen-team/feishu-user-plugin,npm,feishu-user-plugin,official-ts,^1.29.0,error-as-result,direct,1.30.1,cmd,depsdev,1.4.1
io.github.zkwasm/concord-mcp,npm,concord-mcp,none-handrolled,,error-as-result,,,cmd,dev-only-sdk:official-ts,0.4.1
io.github.zlatkoc/youtube-summarize,pypi,youtube-summarize,official-py,>=1.27.0,error-as-result,direct,2.2.0,cmd,depsdev,0.3.0
io.github.zseta/progi,pypi,progi,fastmcp-py,>=2.0,error-as-result,direct,4.0.9,cmd,depsdev,0.3.2
io.github.zsoltcsaszti/vigil-mcp,pypi,vigil-mcp,official-py,>=1.0.0,error-as-result,direct,2.2.0,cmd,depsdev,0.2.1
io.github.zwldarren/akshare-one-mcp,pypi,akshare-one-mcp,fastmcp-py,>=2.11.3,error-as-result,direct,4.0.9,cmd,depsdev,0.3.6
io.github.zyntarasystems/human-dispatch-mcp,npm,human-dispatch-mcp,official-ts,^1.12.1,error-as-result,direct,1.30.1,cmd,depsdev,0.2.2
io.global-chat/mcp-server,npm,@globalchatadsapp/mcp-server,official-ts,^1.12.1,error-as-result,direct,1.30.1,cmd,depsdev,0.2.6
io.mcpskills/server,npm,@mcpskillsio/server,official-ts,^1.12.0,error-as-result,direct,1.30.1,cmd,depsdev,2.5.3
io.nowline/nowline,npm,@nowline/mcp,official-ts,^1.29.0,error-as-result,direct,1.30.1,cmd,depsdev,0.8.5
io.onesource/mcp,npm,@one-source/mcp,official-ts,^1.27.1,error-as-result,direct,1.30.1,cmd,depsdev,5.9.1
io.oxylabs/oxylabs-mcp,pypi,oxylabs-mcp,fastmcp-py,>=2.11.3,error-as-result,direct,4.0.9,cmd,depsdev,0.7.2
io.pasteapp/paste,npm,@pasteapp/mcp,official-ts,^1.21.0,warn,direct,1.30.1,cmd,depsdev,0.1.3
io.siteglass/mcp,npm,siteglass-mcp,official-ts,^1.0.0,error-as-result,direct,1.30.1,cmd,depsdev,0.1.5
io.studiomeyer/academy,npm,mcp-academy,official-ts,^1.20.0,error-as-result,direct,1.30.1,cmd,depsdev,0.3.0
io.studiomeyer/meetmyagent,npm,meetmyagent-mcp,official-ts,^1.29.0,error-as-result,direct,1.30.1,cmd,depsdev,0.2.0
io.studiomeyer/personal-suite,npm,mcp-personal-suite,official-ts,^1.26.0,error-as-result,direct,1.30.1,cmd,depsdev,0.5.5
withheld-cd0ae5af7135,npm,withheld-cd0ae5af7135,official-ts,^1.12.1,fail,direct,1.30.1,cmd,depsdev,
io.telemost/telemost-mcp-server,npm,telemost-mcp-server,official-ts,^1.29.0,error-as-result,direct,1.30.1,cmd,depsdev,0.2.2
io.tenova/swt3-witness,npm,@tenova/swt3-mcp,official-ts,^1.29.0,error-as-result,direct,1.30.1,cmd,depsdev,0.5.9
io.toreador/mcp-server,npm,@toreador/mcp-server,official-ts,^1.29.0,error-as-result,direct,1.30.1,cmd,depsdev,0.2.6
lk.ghosts/wyrm,npm,wyrm-mcp,official-ts,^1.0.0,error-as-result,direct,1.30.1,cmd,depsdev,8.3.1
net.agentutil/context-mcp,npm,@agentutil/context-mcp,official-ts,^1.27.0,error-as-result,direct,1.30.1,cmd,depsdev,1.0.0
net.agentutil/norm-mcp,npm,@agentutil/norm-mcp,official-ts,^1.27.0,error-as-result,direct,1.30.1,cmd,depsdev,1.0.0
net.agentutil/think-mcp,npm,@agentutil/think-mcp,official-ts,^1.27.0,error-as-result,direct,1.30.1,cmd,depsdev,1.0.0
net.agentutil/undo-mcp,npm,@agentutil/undo-mcp,official-ts,^1.27.0,error-as-result,direct,1.30.1,cmd,depsdev,1.0.0
net.agentutil/verify-mcp,npm,@agentutil/verify-mcp,official-ts,^1.27.0,error-as-result,direct,1.30.1,cmd,depsdev,1.0.0
net.payflowagent/mcp,npm,payflowagent-mcp,official-ts,^1.29.0,error-as-result,direct,1.30.1,cmd,depsdev,0.1.0
one.faf/claude-faf-mcp,npm,claude-faf-mcp,official-ts,^1.29.0,warn,direct,1.30.1,cmd,depsdev,5.20.0
one.faf/faf-mcp,npm,faf-mcp,official-ts,^1.27.1,warn,direct,1.30.1,cmd,depsdev,2.3.1
one.faf/gemini-faf-mcp,pypi,gemini-faf-mcp,fastmcp-py,>=3.4.0,error-as-result,direct,4.0.9,cmd,depsdev,2.5.1
one.faf/grok-faf-mcp,npm,grok-faf-mcp,official-ts,^1.27.1,warn,direct,1.30.1,cmd,depsdev,1.9.1
org.giftcardshop/mcp,npm,@giftcardshop/mcp,official-ts,^1.18.0,error-as-result,direct,1.30.1,cmd,depsdev,0.1.1
org.nsgoods/nsgoods-mcp,npm,nsgoods-mcp,official-ts,^1.9.0,error-as-result,direct,1.30.1,cmd,depsdev,1.0.1
org.vivesca/vivesca,pypi,vivesca,fastmcp-py,>=3.0.0,error-as-result,direct,4.0.9,cmd,depsdev,0.2.3
org.vr/vr-mcp,npm,vr-org-mcp,official-ts,^1.0.0,error-as-result,direct,1.30.1,cmd,depsdev,0.3.2
page.invoker/mcp,npm,invoker-mcp,official-ts,^1,error-as-result,direct,1.30.1,cmd,depsdev,0.1.1
pro.tasktime/agent-bridge,npm,@tasktimepro/agent-bridge,none-handrolled,,error-as-result,,,cmd,depsdev-no-sdk,0.3.0
services.gera/mcp-gera-clinic,npm,@gera-services/mcp-gera-clinic,official-ts,^1.12.0,error-as-result,direct,1.30.1,cmd,depsdev,1.0.1
services.gera/mcp-gera-compliance,npm,@gera-services/mcp-gera-compliance,official-ts,^1.12.0,error-as-result,direct,1.30.1,cmd,depsdev,1.0.1
services.gera/mcp-gera-data,npm,@gera-services/mcp-gera-data,official-ts,^1.12.0,error-as-result,direct,1.30.1,cmd,depsdev,1.0.0
services.gera/mcp-gera-eats,npm,@gera-services/mcp-gera-eats,official-ts,^1.12.0,error-as-result,direct,1.30.1,cmd,depsdev,1.0.1
services.gera/mcp-gera-indices,npm,@gera-services/mcp-gera-indices,official-ts,^1.12.0,error-as-result,direct,1.30.1,cmd,depsdev,1.0.0
services.gera/mcp-gera-jobs,npm,@gera-services/mcp-gera-jobs,official-ts,^1.12.0,error-as-result,direct,1.30.1,cmd,depsdev,1.0.1
services.gera/mcp-gera-nexus,npm,@gera-services/mcp-gera-nexus,official-ts,^1.12.0,error-as-result,direct,1.30.1,cmd,depsdev,1.0.1
services.gera/mcp-gera-skills,npm,@gera-services/mcp-gera-skills,official-ts,^1.12.0,error-as-result,direct,1.30.1,cmd,depsdev,1.0.1
services.gera/mcp-gera-verify,npm,@gera-services/mcp-gera-verify,official-ts,^1.12.0,error-as-result,direct,1.30.1,cmd,depsdev,1.2.1
services.gera/mcp-geratools,npm,@gera-services/mcp-geratools,official-ts,^1.12.0,error-as-result,direct,1.30.1,cmd,depsdev,1.0.1
sh.microservices/mcp,npm,@microservices-sh/mcp,none-handrolled,,error-as-result,,,cmd,depsdev-no-sdk,0.1.3
so.pharaoh/pharaoh,npm,@pharaoh-so/mcp,official-ts,^1.26.0,error-as-result,direct,1.30.1,cmd,depsdev,0.3.27
team.apolloai/intelligence,npm,@apollo_ai/mcp-proxy,official-ts,^1.12.0,error-as-result,direct,1.30.1,cmd,depsdev,4.8.1
tech.xns/relayer,npm,@xns-cloud/relayer-mcp,official-ts,^1.29.0,error-as-result,direct,1.30.1,cmd,depsdev,0.6.1
tools.clean/mcp,npm,@clean-tools/mcp,none-handrolled,,pass,,,cmd,depsdev-no-sdk,0.1.1
top.placepack/placepack,npm,@martintoz/placepack-mcp,none-handrolled,,error-as-result,,,cmd,depsdev-no-sdk,0.1.2
us.uphealth/mcp,npm,@uphealth/mcp-server,official-ts,^1.0.0,error-as-result,direct,1.30.1,cmd,depsdev,1.1.4
xyz.entityresolver/resolver,npm,entityresolver-mcp,official-ts,^1.29.0,error-as-result,direct,1.30.1,cmd,depsdev,0.1.1
xyz.goldbean-api/goldbean-mcp,npm,goldbean-mcp,official-ts,^1.29.0,error-as-result,direct,1.30.1,cmd,depsdev,0.3.3
xyz.signomy/civitae,pypi,civitae-mcp,fastmcp-py,>=2.0.0,error-as-result,direct,4.0.9,cmd,depsdev,0.2.0
xyz.twzrd.intel/twzrd-agent-intel,pypi,twzrd-agent-intel,official-py,>=1.10.1,error-as-result,direct,2.2.0,cmd,depsdev,0.5.3
